Image Name,ONNX,FP16,FP32,INT8,PADIM,Diff_FP16,Diff_FP32,Diff_INT8,Diff_PADIM
003.png,0.9396,1.0,1.0,0.9492,1.0,0.06040000000000001,0.06040000000000001,0.009600000000000053,0.06040000000000001
003.png,0.9396,1.0,1.0,0.9492,0.9869,0.06040000000000001,0.06040000000000001,0.009600000000000053,0.04730000000000001
003.png,0.9396,1.0,1.0,0.9492,0.769,0.06040000000000001,0.06040000000000001,0.009600000000000053,0.17059999999999997
003.png,0.9396,1.0,1.0,0.9492,1.0,0.06040000000000001,0.06040000000000001,0.009600000000000053,0.06040000000000001
003.png,0.9396,1.0,1.0,0.9492,1.0,0.06040000000000001,0.06040000000000001,0.009600000000000053,0.06040000000000001
003.png,0.9396,1.0,1.0,0.9492,0.9869,0.06040000000000001,0.06040000000000001,0.009600000000000053,0.04730000000000001
003.png,0.9396,1.0,1.0,0.9492,0.769,0.06040000000000001,0.06040000000000001,0.009600000000000053,0.17059999999999997
003.png,0.9396,1.0,1.0,0.9492,1.0,0.06040000000000001,0.06040000000000001,0.009600000000000053,0.06040000000000001
003.png,0.9396,1.0,1.0,0.9492,1.0,0.06040000000000001,0.06040000000000001,0.009600000000000053,0.06040000000000001
003.png,0.9396,1.0,1.0,0.9492,0.9869,0.06040000000000001,0.06040000000000001,0.009600000000000053,0.04730000000000001
003.png,0.9396,1.0,1.0,0.9492,0.769,0.06040000000000001,0.06040000000000001,0.009600000000000053,0.17059999999999997
003.png,0.9396,1.0,1.0,0.9492,1.0,0.06040000000000001,0.06040000000000001,0.009600000000000053,0.06040000000000001
003.png,0.9396,1.0,1.0,0.9492,1.0,0.06040000000000001,0.06040000000000001,0.009600000000000053,0.06040000000000001
003.png,0.9396,1.0,1.0,0.9492,0.9869,0.06040000000000001,0.06040000000000001,0.009600000000000053,0.04730000000000001
003.png,0.9396,1.0,1.0,0.9492,0.769,0.06040000000000001,0.06040000000000001,0.009600000000000053,0.17059999999999997
003.png,0.9396,1.0,1.0,0.9492,1.0,0.06040000000000001,0.06040000000000001,0.009600000000000053,0.06040000000000001
003.png,0.9396,1.0,1.0,0.9492,1.0,0.06040000000000001,0.06040000000000001,0.009600000000000053,0.06040000000000001
003.png,0.9396,1.0,1.0,0.9492,0.9869,0.06040000000000001,0.06040000000000001,0.009600000000000053,0.04730000000000001
003.png,0.9396,1.0,1.0,0.9492,0.769,0.06040000000000001,0.06040000000000001,0.009600000000000053,0.17059999999999997
003.png,0.9396,1.0,1.0,0.9492,1.0,0.06040000000000001,0.06040000000000001,0.009600000000000053,0.06040000000000001
003.png,0.9396,1.0,1.0,0.9492,1.0,0.06040000000000001,0.06040000000000001,0.009600000000000053,0.06040000000000001
003.png,0.9396,1.0,1.0,0.9492,0.9869,0.06040000000000001,0.06040000000000001,0.009600000000000053,0.04730000000000001
003.png,0.9396,1.0,1.0,0.9492,0.769,0.06040000000000001,0.06040000000000001,0.009600000000000053,0.17059999999999997
003.png,0.9396,1.0,1.0,0.9492,1.0,0.06040000000000001,0.06040000000000001,0.009600000000000053,0.06040000000000001
003.png,0.9396,1.0,1.0,0.9492,1.0,0.06040000000000001,0.06040000000000001,0.009600000000000053,0.06040000000000001
003.png,0.9396,1.0,1.0,0.9492,0.9869,0.06040000000000001,0.06040000000000001,0.009600000000000053,0.04730000000000001
003.png,0.9396,1.0,1.0,0.9492,0.769,0.06040000000000001,0.06040000000000001,0.009600000000000053,0.17059999999999997
003.png,0.9396,1.0,1.0,0.9492,1.0,0.06040000000000001,0.06040000000000001,0.009600000000000053,0.06040000000000001
003.png,0.9396,1.0,1.0,0.9492,1.0,0.06040000000000001,0.06040000000000001,0.009600000000000053,0.06040000000000001
003.png,0.9396,1.0,1.0,0.9492,0.9869,0.06040000000000001,0.06040000000000001,0.009600000000000053,0.04730000000000001
003.png,0.9396,1.0,1.0,0.9492,0.769,0.06040000000000001,0.06040000000000001,0.009600000000000053,0.17059999999999997
003.png,0.9396,1.0,1.0,0.9492,1.0,0.06040000000000001,0.06040000000000001,0.009600000000000053,0.06040000000000001
003.png,0.9396,1.0,1.0,0.9492,1.0,0.06040000000000001,0.06040000000000001,0.009600000000000053,0.06040000000000001
003.png,0.9396,1.0,1.0,0.9492,0.9869,0.06040000000000001,0.06040000000000001,0.009600000000000053,0.04730000000000001
003.png,0.9396,1.0,1.0,0.9492,0.769,0.06040000000000001,0.06040000000000001,0.009600000000000053,0.17059999999999997
003.png,0.9396,1.0,1.0,0.9492,1.0,0.06040000000000001,0.06040000000000001,0.009600000000000053,0.06040000000000001
003.png,0.9396,1.0,1.0,0.9492,1.0,0.06040000000000001,0.06040000000000001,0.009600000000000053,0.06040000000000001
003.png,0.9396,1.0,1.0,0.9492,0.9869,0.06040000000000001,0.06040000000000001,0.009600000000000053,0.04730000000000001
003.png,0.9396,1.0,1.0,0.9492,0.769,0.06040000000000001,0.06040000000000001,0.009600000000000053,0.17059999999999997
003.png,0.9396,1.0,1.0,0.9492,1.0,0.06040000000000001,0.06040000000000001,0.009600000000000053,0.06040000000000001
003.png,0.9396,1.0,1.0,0.9492,1.0,0.06040000000000001,0.06040000000000001,0.009600000000000053,0.06040000000000001
003.png,0.9396,1.0,1.0,0.9492,0.9869,0.06040000000000001,0.06040000000000001,0.009600000000000053,0.04730000000000001
003.png,0.9396,1.0,1.0,0.9492,0.769,0.06040000000000001,0.06040000000000001,0.009600000000000053,0.17059999999999997
003.png,0.9396,1.0,1.0,0.9492,1.0,0.06040000000000001,0.06040000000000001,0.009600000000000053,0.06040000000000001
003.png,0.9396,1.0,1.0,0.9492,1.0,0.06040000000000001,0.06040000000000001,0.009600000000000053,0.06040000000000001
003.png,0.9396,1.0,1.0,0.9492,0.9869,0.06040000000000001,0.06040000000000001,0.009600000000000053,0.04730000000000001
003.png,0.9396,1.0,1.0,0.9492,0.769,0.06040000000000001,0.06040000000000001,0.009600000000000053,0.17059999999999997
003.png,0.9396,1.0,1.0,0.9492,1.0,0.06040000000000001,0.06040000000000001,0.009600000000000053,0.06040000000000001
003.png,0.9396,1.0,1.0,0.9492,1.0,0.06040000000000001,0.06040000000000001,0.009600000000000053,0.06040000000000001
003.png,0.9396,1.0,1.0,0.9492,0.9869,0.06040000000000001,0.06040000000000001,0.009600000000000053,0.04730000000000001
003.png,0.9396,1.0,1.0,0.9492,0.769,0.06040000000000001,0.06040000000000001,0.009600000000000053,0.17059999999999997
003.png,0.9396,1.0,1.0,0.9492,1.0,0.06040000000000001,0.06040000000000001,0.009600000000000053,0.06040000000000001
003.png,0.9396,1.0,1.0,0.9492,1.0,0.06040000000000001,0.06040000000000001,0.009600000000000053,0.06040000000000001
003.png,0.9396,1.0,1.0,0.9492,0.9869,0.06040000000000001,0.06040000000000001,0.009600000000000053,0.04730000000000001
003.png,0.9396,1.0,1.0,0.9492,0.769,0.06040000000000001,0.06040000000000001,0.009600000000000053,0.17059999999999997
003.png,0.9396,1.0,1.0,0.9492,1.0,0.06040000000000001,0.06040000000000001,0.009600000000000053,0.06040000000000001
003.png,0.9396,1.0,1.0,0.9492,1.0,0.06040000000000001,0.06040000000000001,0.009600000000000053,0.06040000000000001
003.png,0.9396,1.0,1.0,0.9492,0.9869,0.06040000000000001,0.06040000000000001,0.009600000000000053,0.04730000000000001
003.png,0.9396,1.0,1.0,0.9492,0.769,0.06040000000000001,0.06040000000000001,0.009600000000000053,0.17059999999999997
003.png,0.9396,1.0,1.0,0.9492,1.0,0.06040000000000001,0.06040000000000001,0.009600000000000053,0.06040000000000001
003.png,0.9396,1.0,1.0,0.9492,1.0,0.06040000000000001,0.06040000000000001,0.009600000000000053,0.06040000000000001
003.png,0.9396,1.0,1.0,0.9492,0.9869,0.06040000000000001,0.06040000000000001,0.009600000000000053,0.04730000000000001
003.png,0.9396,1.0,1.0,0.9492,0.769,0.06040000000000001,0.06040000000000001,0.009600000000000053,0.17059999999999997
003.png,0.9396,1.0,1.0,0.9492,1.0,0.06040000000000001,0.06040000000000001,0.009600000000000053,0.06040000000000001
002.png,0.9129,1.0,1.0,0.9177,1.0,0.08709999999999996,0.08709999999999996,0.0047999999999999154,0.08709999999999996
002.png,0.9129,1.0,1.0,0.9177,1.0,0.08709999999999996,0.08709999999999996,0.0047999999999999154,0.08709999999999996
002.png,0.9129,1.0,1.0,0.9177,0.8298,0.08709999999999996,0.08709999999999996,0.0047999999999999154,0.08310000000000006
002.png,0.9129,1.0,1.0,0.9177,1.0,0.08709999999999996,0.08709999999999996,0.0047999999999999154,0.08709999999999996
002.png,0.9129,1.0,1.0,0.9177,1.0,0.08709999999999996,0.08709999999999996,0.0047999999999999154,0.08709999999999996
002.png,0.9129,1.0,1.0,0.9177,1.0,0.08709999999999996,0.08709999999999996,0.0047999999999999154,0.08709999999999996
002.png,0.9129,1.0,1.0,0.9177,0.8298,0.08709999999999996,0.08709999999999996,0.0047999999999999154,0.08310000000000006
002.png,0.9129,1.0,1.0,0.9177,1.0,0.08709999999999996,0.08709999999999996,0.0047999999999999154,0.08709999999999996
002.png,0.9129,1.0,1.0,0.9177,1.0,0.08709999999999996,0.08709999999999996,0.0047999999999999154,0.08709999999999996
002.png,0.9129,1.0,1.0,0.9177,1.0,0.08709999999999996,0.08709999999999996,0.0047999999999999154,0.08709999999999996
002.png,0.9129,1.0,1.0,0.9177,0.8298,0.08709999999999996,0.08709999999999996,0.0047999999999999154,0.08310000000000006
002.png,0.9129,1.0,1.0,0.9177,1.0,0.08709999999999996,0.08709999999999996,0.0047999999999999154,0.08709999999999996
002.png,0.9129,1.0,1.0,0.9177,1.0,0.08709999999999996,0.08709999999999996,0.0047999999999999154,0.08709999999999996
002.png,0.9129,1.0,1.0,0.9177,1.0,0.08709999999999996,0.08709999999999996,0.0047999999999999154,0.08709999999999996
002.png,0.9129,1.0,1.0,0.9177,0.8298,0.08709999999999996,0.08709999999999996,0.0047999999999999154,0.08310000000000006
002.png,0.9129,1.0,1.0,0.9177,1.0,0.08709999999999996,0.08709999999999996,0.0047999999999999154,0.08709999999999996
002.png,0.9129,1.0,1.0,0.9177,1.0,0.08709999999999996,0.08709999999999996,0.0047999999999999154,0.08709999999999996
002.png,0.9129,1.0,1.0,0.9177,1.0,0.08709999999999996,0.08709999999999996,0.0047999999999999154,0.08709999999999996
002.png,0.9129,1.0,1.0,0.9177,0.8298,0.08709999999999996,0.08709999999999996,0.0047999999999999154,0.08310000000000006
002.png,0.9129,1.0,1.0,0.9177,1.0,0.08709999999999996,0.08709999999999996,0.0047999999999999154,0.08709999999999996
002.png,0.9129,1.0,1.0,0.9177,1.0,0.08709999999999996,0.08709999999999996,0.0047999999999999154,0.08709999999999996
002.png,0.9129,1.0,1.0,0.9177,1.0,0.08709999999999996,0.08709999999999996,0.0047999999999999154,0.08709999999999996
002.png,0.9129,1.0,1.0,0.9177,0.8298,0.08709999999999996,0.08709999999999996,0.0047999999999999154,0.08310000000000006
002.png,0.9129,1.0,1.0,0.9177,1.0,0.08709999999999996,0.08709999999999996,0.0047999999999999154,0.08709999999999996
002.png,0.9129,1.0,1.0,0.9177,1.0,0.08709999999999996,0.08709999999999996,0.0047999999999999154,0.08709999999999996
002.png,0.9129,1.0,1.0,0.9177,1.0,0.08709999999999996,0.08709999999999996,0.0047999999999999154,0.08709999999999996
002.png,0.9129,1.0,1.0,0.9177,0.8298,0.08709999999999996,0.08709999999999996,0.0047999999999999154,0.08310000000000006
002.png,0.9129,1.0,1.0,0.9177,1.0,0.08709999999999996,0.08709999999999996,0.0047999999999999154,0.08709999999999996
002.png,0.9129,1.0,1.0,0.9177,1.0,0.08709999999999996,0.08709999999999996,0.0047999999999999154,0.08709999999999996
002.png,0.9129,1.0,1.0,0.9177,1.0,0.08709999999999996,0.08709999999999996,0.0047999999999999154,0.08709999999999996
002.png,0.9129,1.0,1.0,0.9177,0.8298,0.08709999999999996,0.08709999999999996,0.0047999999999999154,0.08310000000000006
002.png,0.9129,1.0,1.0,0.9177,1.0,0.08709999999999996,0.08709999999999996,0.0047999999999999154,0.08709999999999996
002.png,0.9129,1.0,1.0,0.9177,1.0,0.08709999999999996,0.08709999999999996,0.0047999999999999154,0.08709999999999996
002.png,0.9129,1.0,1.0,0.9177,1.0,0.08709999999999996,0.08709999999999996,0.0047999999999999154,0.08709999999999996
002.png,0.9129,1.0,1.0,0.9177,0.8298,0.08709999999999996,0.08709999999999996,0.0047999999999999154,0.08310000000000006
002.png,0.9129,1.0,1.0,0.9177,1.0,0.08709999999999996,0.08709999999999996,0.0047999999999999154,0.08709999999999996
002.png,0.9129,1.0,1.0,0.9177,1.0,0.08709999999999996,0.08709999999999996,0.0047999999999999154,0.08709999999999996
002.png,0.9129,1.0,1.0,0.9177,1.0,0.08709999999999996,0.08709999999999996,0.0047999999999999154,0.08709999999999996
002.png,0.9129,1.0,1.0,0.9177,0.8298,0.08709999999999996,0.08709999999999996,0.0047999999999999154,0.08310000000000006
002.png,0.9129,1.0,1.0,0.9177,1.0,0.08709999999999996,0.08709999999999996,0.0047999999999999154,0.08709999999999996
002.png,0.9129,1.0,1.0,0.9177,1.0,0.08709999999999996,0.08709999999999996,0.0047999999999999154,0.08709999999999996
002.png,0.9129,1.0,1.0,0.9177,1.0,0.08709999999999996,0.08709999999999996,0.0047999999999999154,0.08709999999999996
002.png,0.9129,1.0,1.0,0.9177,0.8298,0.08709999999999996,0.08709999999999996,0.0047999999999999154,0.08310000000000006
002.png,0.9129,1.0,1.0,0.9177,1.0,0.08709999999999996,0.08709999999999996,0.0047999999999999154,0.08709999999999996
002.png,0.9129,1.0,1.0,0.9177,1.0,0.08709999999999996,0.08709999999999996,0.0047999999999999154,0.08709999999999996
002.png,0.9129,1.0,1.0,0.9177,1.0,0.08709999999999996,0.08709999999999996,0.0047999999999999154,0.08709999999999996
002.png,0.9129,1.0,1.0,0.9177,0.8298,0.08709999999999996,0.08709999999999996,0.0047999999999999154,0.08310000000000006
002.png,0.9129,1.0,1.0,0.9177,1.0,0.08709999999999996,0.08709999999999996,0.0047999999999999154,0.08709999999999996
002.png,0.9129,1.0,1.0,0.9177,1.0,0.08709999999999996,0.08709999999999996,0.0047999999999999154,0.08709999999999996
002.png,0.9129,1.0,1.0,0.9177,1.0,0.08709999999999996,0.08709999999999996,0.0047999999999999154,0.08709999999999996
002.png,0.9129,1.0,1.0,0.9177,0.8298,0.08709999999999996,0.08709999999999996,0.0047999999999999154,0.08310000000000006
002.png,0.9129,1.0,1.0,0.9177,1.0,0.08709999999999996,0.08709999999999996,0.0047999999999999154,0.08709999999999996
002.png,0.9129,1.0,1.0,0.9177,1.0,0.08709999999999996,0.08709999999999996,0.0047999999999999154,0.08709999999999996
002.png,0.9129,1.0,1.0,0.9177,1.0,0.08709999999999996,0.08709999999999996,0.0047999999999999154,0.08709999999999996
002.png,0.9129,1.0,1.0,0.9177,0.8298,0.08709999999999996,0.08709999999999996,0.0047999999999999154,0.08310000000000006
002.png,0.9129,1.0,1.0,0.9177,1.0,0.08709999999999996,0.08709999999999996,0.0047999999999999154,0.08709999999999996
002.png,0.9129,1.0,1.0,0.9177,1.0,0.08709999999999996,0.08709999999999996,0.0047999999999999154,0.08709999999999996
002.png,0.9129,1.0,1.0,0.9177,1.0,0.08709999999999996,0.08709999999999996,0.0047999999999999154,0.08709999999999996
002.png,0.9129,1.0,1.0,0.9177,0.8298,0.08709999999999996,0.08709999999999996,0.0047999999999999154,0.08310000000000006
002.png,0.9129,1.0,1.0,0.9177,1.0,0.08709999999999996,0.08709999999999996,0.0047999999999999154,0.08709999999999996
002.png,0.9129,1.0,1.0,0.9177,1.0,0.08709999999999996,0.08709999999999996,0.0047999999999999154,0.08709999999999996
002.png,0.9129,1.0,1.0,0.9177,1.0,0.08709999999999996,0.08709999999999996,0.0047999999999999154,0.08709999999999996
002.png,0.9129,1.0,1.0,0.9177,0.8298,0.08709999999999996,0.08709999999999996,0.0047999999999999154,0.08310000000000006
002.png,0.9129,1.0,1.0,0.9177,1.0,0.08709999999999996,0.08709999999999996,0.0047999999999999154,0.08709999999999996
015.png,0.8976,1.0,1.0,0.9089,1.0,0.10240000000000005,0.10240000000000005,0.011300000000000088,0.10240000000000005
015.png,0.8976,1.0,1.0,0.9089,1.0,0.10240000000000005,0.10240000000000005,0.011300000000000088,0.10240000000000005
015.png,0.8976,1.0,1.0,0.9089,0.8991,0.10240000000000005,0.10240000000000005,0.011300000000000088,0.0015000000000000568
015.png,0.8976,1.0,1.0,0.9089,1.0,0.10240000000000005,0.10240000000000005,0.011300000000000088,0.10240000000000005
015.png,0.8976,1.0,1.0,0.9089,1.0,0.10240000000000005,0.10240000000000005,0.011300000000000088,0.10240000000000005
015.png,0.8976,1.0,1.0,0.9089,1.0,0.10240000000000005,0.10240000000000005,0.011300000000000088,0.10240000000000005
015.png,0.8976,1.0,1.0,0.9089,0.8991,0.10240000000000005,0.10240000000000005,0.011300000000000088,0.0015000000000000568
015.png,0.8976,1.0,1.0,0.9089,1.0,0.10240000000000005,0.10240000000000005,0.011300000000000088,0.10240000000000005
015.png,0.8976,1.0,1.0,0.9089,1.0,0.10240000000000005,0.10240000000000005,0.011300000000000088,0.10240000000000005
015.png,0.8976,1.0,1.0,0.9089,1.0,0.10240000000000005,0.10240000000000005,0.011300000000000088,0.10240000000000005
015.png,0.8976,1.0,1.0,0.9089,0.8991,0.10240000000000005,0.10240000000000005,0.011300000000000088,0.0015000000000000568
015.png,0.8976,1.0,1.0,0.9089,1.0,0.10240000000000005,0.10240000000000005,0.011300000000000088,0.10240000000000005
015.png,0.8976,1.0,1.0,0.9089,1.0,0.10240000000000005,0.10240000000000005,0.011300000000000088,0.10240000000000005
015.png,0.8976,1.0,1.0,0.9089,1.0,0.10240000000000005,0.10240000000000005,0.011300000000000088,0.10240000000000005
015.png,0.8976,1.0,1.0,0.9089,0.8991,0.10240000000000005,0.10240000000000005,0.011300000000000088,0.0015000000000000568
015.png,0.8976,1.0,1.0,0.9089,1.0,0.10240000000000005,0.10240000000000005,0.011300000000000088,0.10240000000000005
015.png,0.8976,1.0,1.0,0.9089,1.0,0.10240000000000005,0.10240000000000005,0.011300000000000088,0.10240000000000005
015.png,0.8976,1.0,1.0,0.9089,1.0,0.10240000000000005,0.10240000000000005,0.011300000000000088,0.10240000000000005
015.png,0.8976,1.0,1.0,0.9089,0.8991,0.10240000000000005,0.10240000000000005,0.011300000000000088,0.0015000000000000568
015.png,0.8976,1.0,1.0,0.9089,1.0,0.10240000000000005,0.10240000000000005,0.011300000000000088,0.10240000000000005
015.png,0.8976,1.0,1.0,0.9089,1.0,0.10240000000000005,0.10240000000000005,0.011300000000000088,0.10240000000000005
015.png,0.8976,1.0,1.0,0.9089,1.0,0.10240000000000005,0.10240000000000005,0.011300000000000088,0.10240000000000005
015.png,0.8976,1.0,1.0,0.9089,0.8991,0.10240000000000005,0.10240000000000005,0.011300000000000088,0.0015000000000000568
015.png,0.8976,1.0,1.0,0.9089,1.0,0.10240000000000005,0.10240000000000005,0.011300000000000088,0.10240000000000005
015.png,0.8976,1.0,1.0,0.9089,1.0,0.10240000000000005,0.10240000000000005,0.011300000000000088,0.10240000000000005
015.png,0.8976,1.0,1.0,0.9089,1.0,0.10240000000000005,0.10240000000000005,0.011300000000000088,0.10240000000000005
015.png,0.8976,1.0,1.0,0.9089,0.8991,0.10240000000000005,0.10240000000000005,0.011300000000000088,0.0015000000000000568
015.png,0.8976,1.0,1.0,0.9089,1.0,0.10240000000000005,0.10240000000000005,0.011300000000000088,0.10240000000000005
015.png,0.8976,1.0,1.0,0.9089,1.0,0.10240000000000005,0.10240000000000005,0.011300000000000088,0.10240000000000005
015.png,0.8976,1.0,1.0,0.9089,1.0,0.10240000000000005,0.10240000000000005,0.011300000000000088,0.10240000000000005
015.png,0.8976,1.0,1.0,0.9089,0.8991,0.10240000000000005,0.10240000000000005,0.011300000000000088,0.0015000000000000568
015.png,0.8976,1.0,1.0,0.9089,1.0,0.10240000000000005,0.10240000000000005,0.011300000000000088,0.10240000000000005
015.png,0.8976,1.0,1.0,0.9089,1.0,0.10240000000000005,0.10240000000000005,0.011300000000000088,0.10240000000000005
015.png,0.8976,1.0,1.0,0.9089,1.0,0.10240000000000005,0.10240000000000005,0.011300000000000088,0.10240000000000005
015.png,0.8976,1.0,1.0,0.9089,0.8991,0.10240000000000005,0.10240000000000005,0.011300000000000088,0.0015000000000000568
015.png,0.8976,1.0,1.0,0.9089,1.0,0.10240000000000005,0.10240000000000005,0.011300000000000088,0.10240000000000005
015.png,0.8976,1.0,1.0,0.9089,1.0,0.10240000000000005,0.10240000000000005,0.011300000000000088,0.10240000000000005
015.png,0.8976,1.0,1.0,0.9089,1.0,0.10240000000000005,0.10240000000000005,0.011300000000000088,0.10240000000000005
015.png,0.8976,1.0,1.0,0.9089,0.8991,0.10240000000000005,0.10240000000000005,0.011300000000000088,0.0015000000000000568
015.png,0.8976,1.0,1.0,0.9089,1.0,0.10240000000000005,0.10240000000000005,0.011300000000000088,0.10240000000000005
015.png,0.8976,1.0,1.0,0.9089,1.0,0.10240000000000005,0.10240000000000005,0.011300000000000088,0.10240000000000005
015.png,0.8976,1.0,1.0,0.9089,1.0,0.10240000000000005,0.10240000000000005,0.011300000000000088,0.10240000000000005
015.png,0.8976,1.0,1.0,0.9089,0.8991,0.10240000000000005,0.10240000000000005,0.011300000000000088,0.0015000000000000568
015.png,0.8976,1.0,1.0,0.9089,1.0,0.10240000000000005,0.10240000000000005,0.011300000000000088,0.10240000000000005
015.png,0.8976,1.0,1.0,0.9089,1.0,0.10240000000000005,0.10240000000000005,0.011300000000000088,0.10240000000000005
015.png,0.8976,1.0,1.0,0.9089,1.0,0.10240000000000005,0.10240000000000005,0.011300000000000088,0.10240000000000005
015.png,0.8976,1.0,1.0,0.9089,0.8991,0.10240000000000005,0.10240000000000005,0.011300000000000088,0.0015000000000000568
015.png,0.8976,1.0,1.0,0.9089,1.0,0.10240000000000005,0.10240000000000005,0.011300000000000088,0.10240000000000005
015.png,0.8976,1.0,1.0,0.9089,1.0,0.10240000000000005,0.10240000000000005,0.011300000000000088,0.10240000000000005
015.png,0.8976,1.0,1.0,0.9089,1.0,0.10240000000000005,0.10240000000000005,0.011300000000000088,0.10240000000000005
015.png,0.8976,1.0,1.0,0.9089,0.8991,0.10240000000000005,0.10240000000000005,0.011300000000000088,0.0015000000000000568
015.png,0.8976,1.0,1.0,0.9089,1.0,0.10240000000000005,0.10240000000000005,0.011300000000000088,0.10240000000000005
015.png,0.8976,1.0,1.0,0.9089,1.0,0.10240000000000005,0.10240000000000005,0.011300000000000088,0.10240000000000005
015.png,0.8976,1.0,1.0,0.9089,1.0,0.10240000000000005,0.10240000000000005,0.011300000000000088,0.10240000000000005
015.png,0.8976,1.0,1.0,0.9089,0.8991,0.10240000000000005,0.10240000000000005,0.011300000000000088,0.0015000000000000568
015.png,0.8976,1.0,1.0,0.9089,1.0,0.10240000000000005,0.10240000000000005,0.011300000000000088,0.10240000000000005
015.png,0.8976,1.0,1.0,0.9089,1.0,0.10240000000000005,0.10240000000000005,0.011300000000000088,0.10240000000000005
015.png,0.8976,1.0,1.0,0.9089,1.0,0.10240000000000005,0.10240000000000005,0.011300000000000088,0.10240000000000005
015.png,0.8976,1.0,1.0,0.9089,0.8991,0.10240000000000005,0.10240000000000005,0.011300000000000088,0.0015000000000000568
015.png,0.8976,1.0,1.0,0.9089,1.0,0.10240000000000005,0.10240000000000005,0.011300000000000088,0.10240000000000005
015.png,0.8976,1.0,1.0,0.9089,1.0,0.10240000000000005,0.10240000000000005,0.011300000000000088,0.10240000000000005
015.png,0.8976,1.0,1.0,0.9089,1.0,0.10240000000000005,0.10240000000000005,0.011300000000000088,0.10240000000000005
015.png,0.8976,1.0,1.0,0.9089,0.8991,0.10240000000000005,0.10240000000000005,0.011300000000000088,0.0015000000000000568
015.png,0.8976,1.0,1.0,0.9089,1.0,0.10240000000000005,0.10240000000000005,0.011300000000000088,0.10240000000000005
019.png,0.9495,1.0,1.0,0.9553,1.0,0.05049999999999999,0.05049999999999999,0.005800000000000027,0.05049999999999999
019.png,0.9495,1.0,1.0,0.9553,1.0,0.05049999999999999,0.05049999999999999,0.005800000000000027,0.05049999999999999
019.png,0.9495,1.0,1.0,0.9553,0.7865,0.05049999999999999,0.05049999999999999,0.005800000000000027,0.16300000000000003
019.png,0.9495,1.0,1.0,0.9553,1.0,0.05049999999999999,0.05049999999999999,0.005800000000000027,0.05049999999999999
019.png,0.9495,1.0,1.0,0.9553,1.0,0.05049999999999999,0.05049999999999999,0.005800000000000027,0.05049999999999999
019.png,0.9495,1.0,1.0,0.9553,1.0,0.05049999999999999,0.05049999999999999,0.005800000000000027,0.05049999999999999
019.png,0.9495,1.0,1.0,0.9553,0.7865,0.05049999999999999,0.05049999999999999,0.005800000000000027,0.16300000000000003
019.png,0.9495,1.0,1.0,0.9553,1.0,0.05049999999999999,0.05049999999999999,0.005800000000000027,0.05049999999999999
019.png,0.9495,1.0,1.0,0.9553,1.0,0.05049999999999999,0.05049999999999999,0.005800000000000027,0.05049999999999999
019.png,0.9495,1.0,1.0,0.9553,1.0,0.05049999999999999,0.05049999999999999,0.005800000000000027,0.05049999999999999
019.png,0.9495,1.0,1.0,0.9553,0.7865,0.05049999999999999,0.05049999999999999,0.005800000000000027,0.16300000000000003
019.png,0.9495,1.0,1.0,0.9553,1.0,0.05049999999999999,0.05049999999999999,0.005800000000000027,0.05049999999999999
019.png,0.9495,1.0,1.0,0.9553,1.0,0.05049999999999999,0.05049999999999999,0.005800000000000027,0.05049999999999999
019.png,0.9495,1.0,1.0,0.9553,1.0,0.05049999999999999,0.05049999999999999,0.005800000000000027,0.05049999999999999
019.png,0.9495,1.0,1.0,0.9553,0.7865,0.05049999999999999,0.05049999999999999,0.005800000000000027,0.16300000000000003
019.png,0.9495,1.0,1.0,0.9553,1.0,0.05049999999999999,0.05049999999999999,0.005800000000000027,0.05049999999999999
019.png,0.9495,1.0,1.0,0.9553,1.0,0.05049999999999999,0.05049999999999999,0.005800000000000027,0.05049999999999999
019.png,0.9495,1.0,1.0,0.9553,1.0,0.05049999999999999,0.05049999999999999,0.005800000000000027,0.05049999999999999
019.png,0.9495,1.0,1.0,0.9553,0.7865,0.05049999999999999,0.05049999999999999,0.005800000000000027,0.16300000000000003
019.png,0.9495,1.0,1.0,0.9553,1.0,0.05049999999999999,0.05049999999999999,0.005800000000000027,0.05049999999999999
019.png,0.9495,1.0,1.0,0.9553,1.0,0.05049999999999999,0.05049999999999999,0.005800000000000027,0.05049999999999999
019.png,0.9495,1.0,1.0,0.9553,1.0,0.05049999999999999,0.05049999999999999,0.005800000000000027,0.05049999999999999
019.png,0.9495,1.0,1.0,0.9553,0.7865,0.05049999999999999,0.05049999999999999,0.005800000000000027,0.16300000000000003
019.png,0.9495,1.0,1.0,0.9553,1.0,0.05049999999999999,0.05049999999999999,0.005800000000000027,0.05049999999999999
019.png,0.9495,1.0,1.0,0.9553,1.0,0.05049999999999999,0.05049999999999999,0.005800000000000027,0.05049999999999999
019.png,0.9495,1.0,1.0,0.9553,1.0,0.05049999999999999,0.05049999999999999,0.005800000000000027,0.05049999999999999
019.png,0.9495,1.0,1.0,0.9553,0.7865,0.05049999999999999,0.05049999999999999,0.005800000000000027,0.16300000000000003
019.png,0.9495,1.0,1.0,0.9553,1.0,0.05049999999999999,0.05049999999999999,0.005800000000000027,0.05049999999999999
019.png,0.9495,1.0,1.0,0.9553,1.0,0.05049999999999999,0.05049999999999999,0.005800000000000027,0.05049999999999999
019.png,0.9495,1.0,1.0,0.9553,1.0,0.05049999999999999,0.05049999999999999,0.005800000000000027,0.05049999999999999
019.png,0.9495,1.0,1.0,0.9553,0.7865,0.05049999999999999,0.05049999999999999,0.005800000000000027,0.16300000000000003
019.png,0.9495,1.0,1.0,0.9553,1.0,0.05049999999999999,0.05049999999999999,0.005800000000000027,0.05049999999999999
019.png,0.9495,1.0,1.0,0.9553,1.0,0.05049999999999999,0.05049999999999999,0.005800000000000027,0.05049999999999999
019.png,0.9495,1.0,1.0,0.9553,1.0,0.05049999999999999,0.05049999999999999,0.005800000000000027,0.05049999999999999
019.png,0.9495,1.0,1.0,0.9553,0.7865,0.05049999999999999,0.05049999999999999,0.005800000000000027,0.16300000000000003
019.png,0.9495,1.0,1.0,0.9553,1.0,0.05049999999999999,0.05049999999999999,0.005800000000000027,0.05049999999999999
019.png,0.9495,1.0,1.0,0.9553,1.0,0.05049999999999999,0.05049999999999999,0.005800000000000027,0.05049999999999999
019.png,0.9495,1.0,1.0,0.9553,1.0,0.05049999999999999,0.05049999999999999,0.005800000000000027,0.05049999999999999
019.png,0.9495,1.0,1.0,0.9553,0.7865,0.05049999999999999,0.05049999999999999,0.005800000000000027,0.16300000000000003
019.png,0.9495,1.0,1.0,0.9553,1.0,0.05049999999999999,0.05049999999999999,0.005800000000000027,0.05049999999999999
019.png,0.9495,1.0,1.0,0.9553,1.0,0.05049999999999999,0.05049999999999999,0.005800000000000027,0.05049999999999999
019.png,0.9495,1.0,1.0,0.9553,1.0,0.05049999999999999,0.05049999999999999,0.005800000000000027,0.05049999999999999
019.png,0.9495,1.0,1.0,0.9553,0.7865,0.05049999999999999,0.05049999999999999,0.005800000000000027,0.16300000000000003
019.png,0.9495,1.0,1.0,0.9553,1.0,0.05049999999999999,0.05049999999999999,0.005800000000000027,0.05049999999999999
019.png,0.9495,1.0,1.0,0.9553,1.0,0.05049999999999999,0.05049999999999999,0.005800000000000027,0.05049999999999999
019.png,0.9495,1.0,1.0,0.9553,1.0,0.05049999999999999,0.05049999999999999,0.005800000000000027,0.05049999999999999
019.png,0.9495,1.0,1.0,0.9553,0.7865,0.05049999999999999,0.05049999999999999,0.005800000000000027,0.16300000000000003
019.png,0.9495,1.0,1.0,0.9553,1.0,0.05049999999999999,0.05049999999999999,0.005800000000000027,0.05049999999999999
019.png,0.9495,1.0,1.0,0.9553,1.0,0.05049999999999999,0.05049999999999999,0.005800000000000027,0.05049999999999999
019.png,0.9495,1.0,1.0,0.9553,1.0,0.05049999999999999,0.05049999999999999,0.005800000000000027,0.05049999999999999
019.png,0.9495,1.0,1.0,0.9553,0.7865,0.05049999999999999,0.05049999999999999,0.005800000000000027,0.16300000000000003
019.png,0.9495,1.0,1.0,0.9553,1.0,0.05049999999999999,0.05049999999999999,0.005800000000000027,0.05049999999999999
019.png,0.9495,1.0,1.0,0.9553,1.0,0.05049999999999999,0.05049999999999999,0.005800000000000027,0.05049999999999999
019.png,0.9495,1.0,1.0,0.9553,1.0,0.05049999999999999,0.05049999999999999,0.005800000000000027,0.05049999999999999
019.png,0.9495,1.0,1.0,0.9553,0.7865,0.05049999999999999,0.05049999999999999,0.005800000000000027,0.16300000000000003
019.png,0.9495,1.0,1.0,0.9553,1.0,0.05049999999999999,0.05049999999999999,0.005800000000000027,0.05049999999999999
019.png,0.9495,1.0,1.0,0.9553,1.0,0.05049999999999999,0.05049999999999999,0.005800000000000027,0.05049999999999999
019.png,0.9495,1.0,1.0,0.9553,1.0,0.05049999999999999,0.05049999999999999,0.005800000000000027,0.05049999999999999
019.png,0.9495,1.0,1.0,0.9553,0.7865,0.05049999999999999,0.05049999999999999,0.005800000000000027,0.16300000000000003
019.png,0.9495,1.0,1.0,0.9553,1.0,0.05049999999999999,0.05049999999999999,0.005800000000000027,0.05049999999999999
019.png,0.9495,1.0,1.0,0.9553,1.0,0.05049999999999999,0.05049999999999999,0.005800000000000027,0.05049999999999999
019.png,0.9495,1.0,1.0,0.9553,1.0,0.05049999999999999,0.05049999999999999,0.005800000000000027,0.05049999999999999
019.png,0.9495,1.0,1.0,0.9553,0.7865,0.05049999999999999,0.05049999999999999,0.005800000000000027,0.16300000000000003
019.png,0.9495,1.0,1.0,0.9553,1.0,0.05049999999999999,0.05049999999999999,0.005800000000000027,0.05049999999999999
004.png,0.9629,1.0,1.0,0.9764,1.0,0.03710000000000002,0.03710000000000002,0.013500000000000068,0.03710000000000002
004.png,0.9629,1.0,1.0,0.9764,1.0,0.03710000000000002,0.03710000000000002,0.013500000000000068,0.03710000000000002
004.png,0.9629,1.0,1.0,0.9764,0.6662,0.03710000000000002,0.03710000000000002,0.013500000000000068,0.29669999999999996
004.png,0.9629,1.0,1.0,0.9764,1.0,0.03710000000000002,0.03710000000000002,0.013500000000000068,0.03710000000000002
004.png,0.9629,1.0,1.0,0.9764,1.0,0.03710000000000002,0.03710000000000002,0.013500000000000068,0.03710000000000002
004.png,0.9629,1.0,1.0,0.9764,1.0,0.03710000000000002,0.03710000000000002,0.013500000000000068,0.03710000000000002
004.png,0.9629,1.0,1.0,0.9764,0.6662,0.03710000000000002,0.03710000000000002,0.013500000000000068,0.29669999999999996
004.png,0.9629,1.0,1.0,0.9764,1.0,0.03710000000000002,0.03710000000000002,0.013500000000000068,0.03710000000000002
004.png,0.9629,1.0,1.0,0.9764,1.0,0.03710000000000002,0.03710000000000002,0.013500000000000068,0.03710000000000002
004.png,0.9629,1.0,1.0,0.9764,1.0,0.03710000000000002,0.03710000000000002,0.013500000000000068,0.03710000000000002
004.png,0.9629,1.0,1.0,0.9764,0.6662,0.03710000000000002,0.03710000000000002,0.013500000000000068,0.29669999999999996
004.png,0.9629,1.0,1.0,0.9764,1.0,0.03710000000000002,0.03710000000000002,0.013500000000000068,0.03710000000000002
004.png,0.9629,1.0,1.0,0.9764,1.0,0.03710000000000002,0.03710000000000002,0.013500000000000068,0.03710000000000002
004.png,0.9629,1.0,1.0,0.9764,1.0,0.03710000000000002,0.03710000000000002,0.013500000000000068,0.03710000000000002
004.png,0.9629,1.0,1.0,0.9764,0.6662,0.03710000000000002,0.03710000000000002,0.013500000000000068,0.29669999999999996
004.png,0.9629,1.0,1.0,0.9764,1.0,0.03710000000000002,0.03710000000000002,0.013500000000000068,0.03710000000000002
004.png,0.9629,1.0,1.0,0.9764,1.0,0.03710000000000002,0.03710000000000002,0.013500000000000068,0.03710000000000002
004.png,0.9629,1.0,1.0,0.9764,1.0,0.03710000000000002,0.03710000000000002,0.013500000000000068,0.03710000000000002
004.png,0.9629,1.0,1.0,0.9764,0.6662,0.03710000000000002,0.03710000000000002,0.013500000000000068,0.29669999999999996
004.png,0.9629,1.0,1.0,0.9764,1.0,0.03710000000000002,0.03710000000000002,0.013500000000000068,0.03710000000000002
004.png,0.9629,1.0,1.0,0.9764,1.0,0.03710000000000002,0.03710000000000002,0.013500000000000068,0.03710000000000002
004.png,0.9629,1.0,1.0,0.9764,1.0,0.03710000000000002,0.03710000000000002,0.013500000000000068,0.03710000000000002
004.png,0.9629,1.0,1.0,0.9764,0.6662,0.03710000000000002,0.03710000000000002,0.013500000000000068,0.29669999999999996
004.png,0.9629,1.0,1.0,0.9764,1.0,0.03710000000000002,0.03710000000000002,0.013500000000000068,0.03710000000000002
004.png,0.9629,1.0,1.0,0.9764,1.0,0.03710000000000002,0.03710000000000002,0.013500000000000068,0.03710000000000002
004.png,0.9629,1.0,1.0,0.9764,1.0,0.03710000000000002,0.03710000000000002,0.013500000000000068,0.03710000000000002
004.png,0.9629,1.0,1.0,0.9764,0.6662,0.03710000000000002,0.03710000000000002,0.013500000000000068,0.29669999999999996
004.png,0.9629,1.0,1.0,0.9764,1.0,0.03710000000000002,0.03710000000000002,0.013500000000000068,0.03710000000000002
004.png,0.9629,1.0,1.0,0.9764,1.0,0.03710000000000002,0.03710000000000002,0.013500000000000068,0.03710000000000002
004.png,0.9629,1.0,1.0,0.9764,1.0,0.03710000000000002,0.03710000000000002,0.013500000000000068,0.03710000000000002
004.png,0.9629,1.0,1.0,0.9764,0.6662,0.03710000000000002,0.03710000000000002,0.013500000000000068,0.29669999999999996
004.png,0.9629,1.0,1.0,0.9764,1.0,0.03710000000000002,0.03710000000000002,0.013500000000000068,0.03710000000000002
004.png,0.9629,1.0,1.0,0.9764,1.0,0.03710000000000002,0.03710000000000002,0.013500000000000068,0.03710000000000002
004.png,0.9629,1.0,1.0,0.9764,1.0,0.03710000000000002,0.03710000000000002,0.013500000000000068,0.03710000000000002
004.png,0.9629,1.0,1.0,0.9764,0.6662,0.03710000000000002,0.03710000000000002,0.013500000000000068,0.29669999999999996
004.png,0.9629,1.0,1.0,0.9764,1.0,0.03710000000000002,0.03710000000000002,0.013500000000000068,0.03710000000000002
004.png,0.9629,1.0,1.0,0.9764,1.0,0.03710000000000002,0.03710000000000002,0.013500000000000068,0.03710000000000002
004.png,0.9629,1.0,1.0,0.9764,1.0,0.03710000000000002,0.03710000000000002,0.013500000000000068,0.03710000000000002
004.png,0.9629,1.0,1.0,0.9764,0.6662,0.03710000000000002,0.03710000000000002,0.013500000000000068,0.29669999999999996
004.png,0.9629,1.0,1.0,0.9764,1.0,0.03710000000000002,0.03710000000000002,0.013500000000000068,0.03710000000000002
004.png,0.9629,1.0,1.0,0.9764,1.0,0.03710000000000002,0.03710000000000002,0.013500000000000068,0.03710000000000002
004.png,0.9629,1.0,1.0,0.9764,1.0,0.03710000000000002,0.03710000000000002,0.013500000000000068,0.03710000000000002
004.png,0.9629,1.0,1.0,0.9764,0.6662,0.03710000000000002,0.03710000000000002,0.013500000000000068,0.29669999999999996
004.png,0.9629,1.0,1.0,0.9764,1.0,0.03710000000000002,0.03710000000000002,0.013500000000000068,0.03710000000000002
004.png,0.9629,1.0,1.0,0.9764,1.0,0.03710000000000002,0.03710000000000002,0.013500000000000068,0.03710000000000002
004.png,0.9629,1.0,1.0,0.9764,1.0,0.03710000000000002,0.03710000000000002,0.013500000000000068,0.03710000000000002
004.png,0.9629,1.0,1.0,0.9764,0.6662,0.03710000000000002,0.03710000000000002,0.013500000000000068,0.29669999999999996
004.png,0.9629,1.0,1.0,0.9764,1.0,0.03710000000000002,0.03710000000000002,0.013500000000000068,0.03710000000000002
004.png,0.9629,1.0,1.0,0.9764,1.0,0.03710000000000002,0.03710000000000002,0.013500000000000068,0.03710000000000002
004.png,0.9629,1.0,1.0,0.9764,1.0,0.03710000000000002,0.03710000000000002,0.013500000000000068,0.03710000000000002
004.png,0.9629,1.0,1.0,0.9764,0.6662,0.03710000000000002,0.03710000000000002,0.013500000000000068,0.29669999999999996
004.png,0.9629,1.0,1.0,0.9764,1.0,0.03710000000000002,0.03710000000000002,0.013500000000000068,0.03710000000000002
004.png,0.9629,1.0,1.0,0.9764,1.0,0.03710000000000002,0.03710000000000002,0.013500000000000068,0.03710000000000002
004.png,0.9629,1.0,1.0,0.9764,1.0,0.03710000000000002,0.03710000000000002,0.013500000000000068,0.03710000000000002
004.png,0.9629,1.0,1.0,0.9764,0.6662,0.03710000000000002,0.03710000000000002,0.013500000000000068,0.29669999999999996
004.png,0.9629,1.0,1.0,0.9764,1.0,0.03710000000000002,0.03710000000000002,0.013500000000000068,0.03710000000000002
004.png,0.9629,1.0,1.0,0.9764,1.0,0.03710000000000002,0.03710000000000002,0.013500000000000068,0.03710000000000002
004.png,0.9629,1.0,1.0,0.9764,1.0,0.03710000000000002,0.03710000000000002,0.013500000000000068,0.03710000000000002
004.png,0.9629,1.0,1.0,0.9764,0.6662,0.03710000000000002,0.03710000000000002,0.013500000000000068,0.29669999999999996
004.png,0.9629,1.0,1.0,0.9764,1.0,0.03710000000000002,0.03710000000000002,0.013500000000000068,0.03710000000000002
004.png,0.9629,1.0,1.0,0.9764,1.0,0.03710000000000002,0.03710000000000002,0.013500000000000068,0.03710000000000002
004.png,0.9629,1.0,1.0,0.9764,1.0,0.03710000000000002,0.03710000000000002,0.013500000000000068,0.03710000000000002
004.png,0.9629,1.0,1.0,0.9764,0.6662,0.03710000000000002,0.03710000000000002,0.013500000000000068,0.29669999999999996
004.png,0.9629,1.0,1.0,0.9764,1.0,0.03710000000000002,0.03710000000000002,0.013500000000000068,0.03710000000000002
007.png,0.872,1.0,1.0,0.8703,1.0,0.128,0.128,0.0017000000000000348,0.128
007.png,0.872,1.0,1.0,0.8703,1.0,0.128,0.128,0.0017000000000000348,0.128
007.png,0.872,1.0,1.0,0.8703,0.8596,0.128,0.128,0.0017000000000000348,0.012399999999999967
007.png,0.872,1.0,1.0,0.8703,1.0,0.128,0.128,0.0017000000000000348,0.128
007.png,0.872,1.0,1.0,0.8703,1.0,0.128,0.128,0.0017000000000000348,0.128
007.png,0.872,1.0,1.0,0.8703,1.0,0.128,0.128,0.0017000000000000348,0.128
007.png,0.872,1.0,1.0,0.8703,0.8596,0.128,0.128,0.0017000000000000348,0.012399999999999967
007.png,0.872,1.0,1.0,0.8703,1.0,0.128,0.128,0.0017000000000000348,0.128
007.png,0.872,1.0,0.8681,0.8703,1.0,0.128,0.0039000000000000146,0.0017000000000000348,0.128
007.png,0.872,1.0,0.8681,0.8703,1.0,0.128,0.0039000000000000146,0.0017000000000000348,0.128
007.png,0.872,1.0,0.8681,0.8703,0.8596,0.128,0.0039000000000000146,0.0017000000000000348,0.012399999999999967
007.png,0.872,1.0,0.8681,0.8703,1.0,0.128,0.0039000000000000146,0.0017000000000000348,0.128
007.png,0.872,1.0,1.0,0.8703,1.0,0.128,0.128,0.0017000000000000348,0.128
007.png,0.872,1.0,1.0,0.8703,1.0,0.128,0.128,0.0017000000000000348,0.128
007.png,0.872,1.0,1.0,0.8703,0.8596,0.128,0.128,0.0017000000000000348,0.012399999999999967
007.png,0.872,1.0,1.0,0.8703,1.0,0.128,0.128,0.0017000000000000348,0.128
007.png,0.872,1.0,1.0,0.8703,1.0,0.128,0.128,0.0017000000000000348,0.128
007.png,0.872,1.0,1.0,0.8703,1.0,0.128,0.128,0.0017000000000000348,0.128
007.png,0.872,1.0,1.0,0.8703,0.8596,0.128,0.128,0.0017000000000000348,0.012399999999999967
007.png,0.872,1.0,1.0,0.8703,1.0,0.128,0.128,0.0017000000000000348,0.128
007.png,0.872,1.0,1.0,0.8703,1.0,0.128,0.128,0.0017000000000000348,0.128
007.png,0.872,1.0,1.0,0.8703,1.0,0.128,0.128,0.0017000000000000348,0.128
007.png,0.872,1.0,1.0,0.8703,0.8596,0.128,0.128,0.0017000000000000348,0.012399999999999967
007.png,0.872,1.0,1.0,0.8703,1.0,0.128,0.128,0.0017000000000000348,0.128
007.png,0.872,1.0,0.8681,0.8703,1.0,0.128,0.0039000000000000146,0.0017000000000000348,0.128
007.png,0.872,1.0,0.8681,0.8703,1.0,0.128,0.0039000000000000146,0.0017000000000000348,0.128
007.png,0.872,1.0,0.8681,0.8703,0.8596,0.128,0.0039000000000000146,0.0017000000000000348,0.012399999999999967
007.png,0.872,1.0,0.8681,0.8703,1.0,0.128,0.0039000000000000146,0.0017000000000000348,0.128
007.png,0.872,1.0,1.0,0.8703,1.0,0.128,0.128,0.0017000000000000348,0.128
007.png,0.872,1.0,1.0,0.8703,1.0,0.128,0.128,0.0017000000000000348,0.128
007.png,0.872,1.0,1.0,0.8703,0.8596,0.128,0.128,0.0017000000000000348,0.012399999999999967
007.png,0.872,1.0,1.0,0.8703,1.0,0.128,0.128,0.0017000000000000348,0.128
007.png,0.872,0.9326,1.0,0.8703,1.0,0.06059999999999999,0.128,0.0017000000000000348,0.128
007.png,0.872,0.9326,1.0,0.8703,1.0,0.06059999999999999,0.128,0.0017000000000000348,0.128
007.png,0.872,0.9326,1.0,0.8703,0.8596,0.06059999999999999,0.128,0.0017000000000000348,0.012399999999999967
007.png,0.872,0.9326,1.0,0.8703,1.0,0.06059999999999999,0.128,0.0017000000000000348,0.128
007.png,0.872,0.9326,1.0,0.8703,1.0,0.06059999999999999,0.128,0.0017000000000000348,0.128
007.png,0.872,0.9326,1.0,0.8703,1.0,0.06059999999999999,0.128,0.0017000000000000348,0.128
007.png,0.872,0.9326,1.0,0.8703,0.8596,0.06059999999999999,0.128,0.0017000000000000348,0.012399999999999967
007.png,0.872,0.9326,1.0,0.8703,1.0,0.06059999999999999,0.128,0.0017000000000000348,0.128
007.png,0.872,0.9326,0.8681,0.8703,1.0,0.06059999999999999,0.0039000000000000146,0.0017000000000000348,0.128
007.png,0.872,0.9326,0.8681,0.8703,1.0,0.06059999999999999,0.0039000000000000146,0.0017000000000000348,0.128
007.png,0.872,0.9326,0.8681,0.8703,0.8596,0.06059999999999999,0.0039000000000000146,0.0017000000000000348,0.012399999999999967
007.png,0.872,0.9326,0.8681,0.8703,1.0,0.06059999999999999,0.0039000000000000146,0.0017000000000000348,0.128
007.png,0.872,0.9326,1.0,0.8703,1.0,0.06059999999999999,0.128,0.0017000000000000348,0.128
007.png,0.872,0.9326,1.0,0.8703,1.0,0.06059999999999999,0.128,0.0017000000000000348,0.128
007.png,0.872,0.9326,1.0,0.8703,0.8596,0.06059999999999999,0.128,0.0017000000000000348,0.012399999999999967
007.png,0.872,0.9326,1.0,0.8703,1.0,0.06059999999999999,0.128,0.0017000000000000348,0.128
007.png,0.872,1.0,1.0,0.8703,1.0,0.128,0.128,0.0017000000000000348,0.128
007.png,0.872,1.0,1.0,0.8703,1.0,0.128,0.128,0.0017000000000000348,0.128
007.png,0.872,1.0,1.0,0.8703,0.8596,0.128,0.128,0.0017000000000000348,0.012399999999999967
007.png,0.872,1.0,1.0,0.8703,1.0,0.128,0.128,0.0017000000000000348,0.128
007.png,0.872,1.0,1.0,0.8703,1.0,0.128,0.128,0.0017000000000000348,0.128
007.png,0.872,1.0,1.0,0.8703,1.0,0.128,0.128,0.0017000000000000348,0.128
007.png,0.872,1.0,1.0,0.8703,0.8596,0.128,0.128,0.0017000000000000348,0.012399999999999967
007.png,0.872,1.0,1.0,0.8703,1.0,0.128,0.128,0.0017000000000000348,0.128
007.png,0.872,1.0,0.8681,0.8703,1.0,0.128,0.0039000000000000146,0.0017000000000000348,0.128
007.png,0.872,1.0,0.8681,0.8703,1.0,0.128,0.0039000000000000146,0.0017000000000000348,0.128
007.png,0.872,1.0,0.8681,0.8703,0.8596,0.128,0.0039000000000000146,0.0017000000000000348,0.012399999999999967
007.png,0.872,1.0,0.8681,0.8703,1.0,0.128,0.0039000000000000146,0.0017000000000000348,0.128
007.png,0.872,1.0,1.0,0.8703,1.0,0.128,0.128,0.0017000000000000348,0.128
007.png,0.872,1.0,1.0,0.8703,1.0,0.128,0.128,0.0017000000000000348,0.128
007.png,0.872,1.0,1.0,0.8703,0.8596,0.128,0.128,0.0017000000000000348,0.012399999999999967
007.png,0.872,1.0,1.0,0.8703,1.0,0.128,0.128,0.0017000000000000348,0.128
018.png,0.9777,1.0,1.0,0.9894,1.0,0.022299999999999986,0.022299999999999986,0.011699999999999933,0.022299999999999986
018.png,0.9777,1.0,1.0,0.9894,1.0,0.022299999999999986,0.022299999999999986,0.011699999999999933,0.022299999999999986
018.png,0.9777,1.0,1.0,0.9894,0.7529,0.022299999999999986,0.022299999999999986,0.011699999999999933,0.2248
018.png,0.9777,1.0,1.0,0.9894,1.0,0.022299999999999986,0.022299999999999986,0.011699999999999933,0.022299999999999986
018.png,0.9777,1.0,1.0,0.9894,1.0,0.022299999999999986,0.022299999999999986,0.011699999999999933,0.022299999999999986
018.png,0.9777,1.0,1.0,0.9894,1.0,0.022299999999999986,0.022299999999999986,0.011699999999999933,0.022299999999999986
018.png,0.9777,1.0,1.0,0.9894,0.7529,0.022299999999999986,0.022299999999999986,0.011699999999999933,0.2248
018.png,0.9777,1.0,1.0,0.9894,1.0,0.022299999999999986,0.022299999999999986,0.011699999999999933,0.022299999999999986
018.png,0.9777,1.0,1.0,0.9894,1.0,0.022299999999999986,0.022299999999999986,0.011699999999999933,0.022299999999999986
018.png,0.9777,1.0,1.0,0.9894,1.0,0.022299999999999986,0.022299999999999986,0.011699999999999933,0.022299999999999986
018.png,0.9777,1.0,1.0,0.9894,0.7529,0.022299999999999986,0.022299999999999986,0.011699999999999933,0.2248
018.png,0.9777,1.0,1.0,0.9894,1.0,0.022299999999999986,0.022299999999999986,0.011699999999999933,0.022299999999999986
018.png,0.9777,1.0,1.0,0.9894,1.0,0.022299999999999986,0.022299999999999986,0.011699999999999933,0.022299999999999986
018.png,0.9777,1.0,1.0,0.9894,1.0,0.022299999999999986,0.022299999999999986,0.011699999999999933,0.022299999999999986
018.png,0.9777,1.0,1.0,0.9894,0.7529,0.022299999999999986,0.022299999999999986,0.011699999999999933,0.2248
018.png,0.9777,1.0,1.0,0.9894,1.0,0.022299999999999986,0.022299999999999986,0.011699999999999933,0.022299999999999986
018.png,0.9777,1.0,1.0,0.9894,1.0,0.022299999999999986,0.022299999999999986,0.011699999999999933,0.022299999999999986
018.png,0.9777,1.0,1.0,0.9894,1.0,0.022299999999999986,0.022299999999999986,0.011699999999999933,0.022299999999999986
018.png,0.9777,1.0,1.0,0.9894,0.7529,0.022299999999999986,0.022299999999999986,0.011699999999999933,0.2248
018.png,0.9777,1.0,1.0,0.9894,1.0,0.022299999999999986,0.022299999999999986,0.011699999999999933,0.022299999999999986
018.png,0.9777,1.0,1.0,0.9894,1.0,0.022299999999999986,0.022299999999999986,0.011699999999999933,0.022299999999999986
018.png,0.9777,1.0,1.0,0.9894,1.0,0.022299999999999986,0.022299999999999986,0.011699999999999933,0.022299999999999986
018.png,0.9777,1.0,1.0,0.9894,0.7529,0.022299999999999986,0.022299999999999986,0.011699999999999933,0.2248
018.png,0.9777,1.0,1.0,0.9894,1.0,0.022299999999999986,0.022299999999999986,0.011699999999999933,0.022299999999999986
018.png,0.9777,1.0,1.0,0.9894,1.0,0.022299999999999986,0.022299999999999986,0.011699999999999933,0.022299999999999986
018.png,0.9777,1.0,1.0,0.9894,1.0,0.022299999999999986,0.022299999999999986,0.011699999999999933,0.022299999999999986
018.png,0.9777,1.0,1.0,0.9894,0.7529,0.022299999999999986,0.022299999999999986,0.011699999999999933,0.2248
018.png,0.9777,1.0,1.0,0.9894,1.0,0.022299999999999986,0.022299999999999986,0.011699999999999933,0.022299999999999986
018.png,0.9777,1.0,1.0,0.9894,1.0,0.022299999999999986,0.022299999999999986,0.011699999999999933,0.022299999999999986
018.png,0.9777,1.0,1.0,0.9894,1.0,0.022299999999999986,0.022299999999999986,0.011699999999999933,0.022299999999999986
018.png,0.9777,1.0,1.0,0.9894,0.7529,0.022299999999999986,0.022299999999999986,0.011699999999999933,0.2248
018.png,0.9777,1.0,1.0,0.9894,1.0,0.022299999999999986,0.022299999999999986,0.011699999999999933,0.022299999999999986
018.png,0.9777,1.0,1.0,0.9894,1.0,0.022299999999999986,0.022299999999999986,0.011699999999999933,0.022299999999999986
018.png,0.9777,1.0,1.0,0.9894,1.0,0.022299999999999986,0.022299999999999986,0.011699999999999933,0.022299999999999986
018.png,0.9777,1.0,1.0,0.9894,0.7529,0.022299999999999986,0.022299999999999986,0.011699999999999933,0.2248
018.png,0.9777,1.0,1.0,0.9894,1.0,0.022299999999999986,0.022299999999999986,0.011699999999999933,0.022299999999999986
018.png,0.9777,1.0,1.0,0.9894,1.0,0.022299999999999986,0.022299999999999986,0.011699999999999933,0.022299999999999986
018.png,0.9777,1.0,1.0,0.9894,1.0,0.022299999999999986,0.022299999999999986,0.011699999999999933,0.022299999999999986
018.png,0.9777,1.0,1.0,0.9894,0.7529,0.022299999999999986,0.022299999999999986,0.011699999999999933,0.2248
018.png,0.9777,1.0,1.0,0.9894,1.0,0.022299999999999986,0.022299999999999986,0.011699999999999933,0.022299999999999986
018.png,0.9777,1.0,1.0,0.9894,1.0,0.022299999999999986,0.022299999999999986,0.011699999999999933,0.022299999999999986
018.png,0.9777,1.0,1.0,0.9894,1.0,0.022299999999999986,0.022299999999999986,0.011699999999999933,0.022299999999999986
018.png,0.9777,1.0,1.0,0.9894,0.7529,0.022299999999999986,0.022299999999999986,0.011699999999999933,0.2248
018.png,0.9777,1.0,1.0,0.9894,1.0,0.022299999999999986,0.022299999999999986,0.011699999999999933,0.022299999999999986
018.png,0.9777,1.0,1.0,0.9894,1.0,0.022299999999999986,0.022299999999999986,0.011699999999999933,0.022299999999999986
018.png,0.9777,1.0,1.0,0.9894,1.0,0.022299999999999986,0.022299999999999986,0.011699999999999933,0.022299999999999986
018.png,0.9777,1.0,1.0,0.9894,0.7529,0.022299999999999986,0.022299999999999986,0.011699999999999933,0.2248
018.png,0.9777,1.0,1.0,0.9894,1.0,0.022299999999999986,0.022299999999999986,0.011699999999999933,0.022299999999999986
018.png,0.9777,1.0,1.0,0.9894,1.0,0.022299999999999986,0.022299999999999986,0.011699999999999933,0.022299999999999986
018.png,0.9777,1.0,1.0,0.9894,1.0,0.022299999999999986,0.022299999999999986,0.011699999999999933,0.022299999999999986
018.png,0.9777,1.0,1.0,0.9894,0.7529,0.022299999999999986,0.022299999999999986,0.011699999999999933,0.2248
018.png,0.9777,1.0,1.0,0.9894,1.0,0.022299999999999986,0.022299999999999986,0.011699999999999933,0.022299999999999986
018.png,0.9777,1.0,1.0,0.9894,1.0,0.022299999999999986,0.022299999999999986,0.011699999999999933,0.022299999999999986
018.png,0.9777,1.0,1.0,0.9894,1.0,0.022299999999999986,0.022299999999999986,0.011699999999999933,0.022299999999999986
018.png,0.9777,1.0,1.0,0.9894,0.7529,0.022299999999999986,0.022299999999999986,0.011699999999999933,0.2248
018.png,0.9777,1.0,1.0,0.9894,1.0,0.022299999999999986,0.022299999999999986,0.011699999999999933,0.022299999999999986
018.png,0.9777,1.0,1.0,0.9894,1.0,0.022299999999999986,0.022299999999999986,0.011699999999999933,0.022299999999999986
018.png,0.9777,1.0,1.0,0.9894,1.0,0.022299999999999986,0.022299999999999986,0.011699999999999933,0.022299999999999986
018.png,0.9777,1.0,1.0,0.9894,0.7529,0.022299999999999986,0.022299999999999986,0.011699999999999933,0.2248
018.png,0.9777,1.0,1.0,0.9894,1.0,0.022299999999999986,0.022299999999999986,0.011699999999999933,0.022299999999999986
018.png,0.9777,1.0,1.0,0.9894,1.0,0.022299999999999986,0.022299999999999986,0.011699999999999933,0.022299999999999986
018.png,0.9777,1.0,1.0,0.9894,1.0,0.022299999999999986,0.022299999999999986,0.011699999999999933,0.022299999999999986
018.png,0.9777,1.0,1.0,0.9894,0.7529,0.022299999999999986,0.022299999999999986,0.011699999999999933,0.2248
018.png,0.9777,1.0,1.0,0.9894,1.0,0.022299999999999986,0.022299999999999986,0.011699999999999933,0.022299999999999986
006.png,0.9151,1.0,1.0,0.9258,1.0,0.08489999999999998,0.08489999999999998,0.010699999999999932,0.08489999999999998
006.png,0.9151,1.0,1.0,0.9258,1.0,0.08489999999999998,0.08489999999999998,0.010699999999999932,0.08489999999999998
006.png,0.9151,1.0,1.0,0.9258,0.7994,0.08489999999999998,0.08489999999999998,0.010699999999999932,0.11570000000000003
006.png,0.9151,1.0,1.0,0.9258,1.0,0.08489999999999998,0.08489999999999998,0.010699999999999932,0.08489999999999998
006.png,0.9151,1.0,1.0,0.9258,1.0,0.08489999999999998,0.08489999999999998,0.010699999999999932,0.08489999999999998
006.png,0.9151,1.0,1.0,0.9258,1.0,0.08489999999999998,0.08489999999999998,0.010699999999999932,0.08489999999999998
006.png,0.9151,1.0,1.0,0.9258,0.7994,0.08489999999999998,0.08489999999999998,0.010699999999999932,0.11570000000000003
006.png,0.9151,1.0,1.0,0.9258,1.0,0.08489999999999998,0.08489999999999998,0.010699999999999932,0.08489999999999998
006.png,0.9151,1.0,1.0,0.9258,1.0,0.08489999999999998,0.08489999999999998,0.010699999999999932,0.08489999999999998
006.png,0.9151,1.0,1.0,0.9258,1.0,0.08489999999999998,0.08489999999999998,0.010699999999999932,0.08489999999999998
006.png,0.9151,1.0,1.0,0.9258,0.7994,0.08489999999999998,0.08489999999999998,0.010699999999999932,0.11570000000000003
006.png,0.9151,1.0,1.0,0.9258,1.0,0.08489999999999998,0.08489999999999998,0.010699999999999932,0.08489999999999998
006.png,0.9151,1.0,1.0,0.9258,1.0,0.08489999999999998,0.08489999999999998,0.010699999999999932,0.08489999999999998
006.png,0.9151,1.0,1.0,0.9258,1.0,0.08489999999999998,0.08489999999999998,0.010699999999999932,0.08489999999999998
006.png,0.9151,1.0,1.0,0.9258,0.7994,0.08489999999999998,0.08489999999999998,0.010699999999999932,0.11570000000000003
006.png,0.9151,1.0,1.0,0.9258,1.0,0.08489999999999998,0.08489999999999998,0.010699999999999932,0.08489999999999998
006.png,0.9151,1.0,1.0,0.9258,1.0,0.08489999999999998,0.08489999999999998,0.010699999999999932,0.08489999999999998
006.png,0.9151,1.0,1.0,0.9258,1.0,0.08489999999999998,0.08489999999999998,0.010699999999999932,0.08489999999999998
006.png,0.9151,1.0,1.0,0.9258,0.7994,0.08489999999999998,0.08489999999999998,0.010699999999999932,0.11570000000000003
006.png,0.9151,1.0,1.0,0.9258,1.0,0.08489999999999998,0.08489999999999998,0.010699999999999932,0.08489999999999998
006.png,0.9151,1.0,1.0,0.9258,1.0,0.08489999999999998,0.08489999999999998,0.010699999999999932,0.08489999999999998
006.png,0.9151,1.0,1.0,0.9258,1.0,0.08489999999999998,0.08489999999999998,0.010699999999999932,0.08489999999999998
006.png,0.9151,1.0,1.0,0.9258,0.7994,0.08489999999999998,0.08489999999999998,0.010699999999999932,0.11570000000000003
006.png,0.9151,1.0,1.0,0.9258,1.0,0.08489999999999998,0.08489999999999998,0.010699999999999932,0.08489999999999998
006.png,0.9151,1.0,1.0,0.9258,1.0,0.08489999999999998,0.08489999999999998,0.010699999999999932,0.08489999999999998
006.png,0.9151,1.0,1.0,0.9258,1.0,0.08489999999999998,0.08489999999999998,0.010699999999999932,0.08489999999999998
006.png,0.9151,1.0,1.0,0.9258,0.7994,0.08489999999999998,0.08489999999999998,0.010699999999999932,0.11570000000000003
006.png,0.9151,1.0,1.0,0.9258,1.0,0.08489999999999998,0.08489999999999998,0.010699999999999932,0.08489999999999998
006.png,0.9151,1.0,1.0,0.9258,1.0,0.08489999999999998,0.08489999999999998,0.010699999999999932,0.08489999999999998
006.png,0.9151,1.0,1.0,0.9258,1.0,0.08489999999999998,0.08489999999999998,0.010699999999999932,0.08489999999999998
006.png,0.9151,1.0,1.0,0.9258,0.7994,0.08489999999999998,0.08489999999999998,0.010699999999999932,0.11570000000000003
006.png,0.9151,1.0,1.0,0.9258,1.0,0.08489999999999998,0.08489999999999998,0.010699999999999932,0.08489999999999998
006.png,0.9151,1.0,1.0,0.9258,1.0,0.08489999999999998,0.08489999999999998,0.010699999999999932,0.08489999999999998
006.png,0.9151,1.0,1.0,0.9258,1.0,0.08489999999999998,0.08489999999999998,0.010699999999999932,0.08489999999999998
006.png,0.9151,1.0,1.0,0.9258,0.7994,0.08489999999999998,0.08489999999999998,0.010699999999999932,0.11570000000000003
006.png,0.9151,1.0,1.0,0.9258,1.0,0.08489999999999998,0.08489999999999998,0.010699999999999932,0.08489999999999998
006.png,0.9151,1.0,1.0,0.9258,1.0,0.08489999999999998,0.08489999999999998,0.010699999999999932,0.08489999999999998
006.png,0.9151,1.0,1.0,0.9258,1.0,0.08489999999999998,0.08489999999999998,0.010699999999999932,0.08489999999999998
006.png,0.9151,1.0,1.0,0.9258,0.7994,0.08489999999999998,0.08489999999999998,0.010699999999999932,0.11570000000000003
006.png,0.9151,1.0,1.0,0.9258,1.0,0.08489999999999998,0.08489999999999998,0.010699999999999932,0.08489999999999998
006.png,0.9151,1.0,1.0,0.9258,1.0,0.08489999999999998,0.08489999999999998,0.010699999999999932,0.08489999999999998
006.png,0.9151,1.0,1.0,0.9258,1.0,0.08489999999999998,0.08489999999999998,0.010699999999999932,0.08489999999999998
006.png,0.9151,1.0,1.0,0.9258,0.7994,0.08489999999999998,0.08489999999999998,0.010699999999999932,0.11570000000000003
006.png,0.9151,1.0,1.0,0.9258,1.0,0.08489999999999998,0.08489999999999998,0.010699999999999932,0.08489999999999998
006.png,0.9151,1.0,1.0,0.9258,1.0,0.08489999999999998,0.08489999999999998,0.010699999999999932,0.08489999999999998
006.png,0.9151,1.0,1.0,0.9258,1.0,0.08489999999999998,0.08489999999999998,0.010699999999999932,0.08489999999999998
006.png,0.9151,1.0,1.0,0.9258,0.7994,0.08489999999999998,0.08489999999999998,0.010699999999999932,0.11570000000000003
006.png,0.9151,1.0,1.0,0.9258,1.0,0.08489999999999998,0.08489999999999998,0.010699999999999932,0.08489999999999998
006.png,0.9151,1.0,1.0,0.9258,1.0,0.08489999999999998,0.08489999999999998,0.010699999999999932,0.08489999999999998
006.png,0.9151,1.0,1.0,0.9258,1.0,0.08489999999999998,0.08489999999999998,0.010699999999999932,0.08489999999999998
006.png,0.9151,1.0,1.0,0.9258,0.7994,0.08489999999999998,0.08489999999999998,0.010699999999999932,0.11570000000000003
006.png,0.9151,1.0,1.0,0.9258,1.0,0.08489999999999998,0.08489999999999998,0.010699999999999932,0.08489999999999998
006.png,0.9151,1.0,1.0,0.9258,1.0,0.08489999999999998,0.08489999999999998,0.010699999999999932,0.08489999999999998
006.png,0.9151,1.0,1.0,0.9258,1.0,0.08489999999999998,0.08489999999999998,0.010699999999999932,0.08489999999999998
006.png,0.9151,1.0,1.0,0.9258,0.7994,0.08489999999999998,0.08489999999999998,0.010699999999999932,0.11570000000000003
006.png,0.9151,1.0,1.0,0.9258,1.0,0.08489999999999998,0.08489999999999998,0.010699999999999932,0.08489999999999998
006.png,0.9151,1.0,1.0,0.9258,1.0,0.08489999999999998,0.08489999999999998,0.010699999999999932,0.08489999999999998
006.png,0.9151,1.0,1.0,0.9258,1.0,0.08489999999999998,0.08489999999999998,0.010699999999999932,0.08489999999999998
006.png,0.9151,1.0,1.0,0.9258,0.7994,0.08489999999999998,0.08489999999999998,0.010699999999999932,0.11570000000000003
006.png,0.9151,1.0,1.0,0.9258,1.0,0.08489999999999998,0.08489999999999998,0.010699999999999932,0.08489999999999998
006.png,0.9151,1.0,1.0,0.9258,1.0,0.08489999999999998,0.08489999999999998,0.010699999999999932,0.08489999999999998
006.png,0.9151,1.0,1.0,0.9258,1.0,0.08489999999999998,0.08489999999999998,0.010699999999999932,0.08489999999999998
006.png,0.9151,1.0,1.0,0.9258,0.7994,0.08489999999999998,0.08489999999999998,0.010699999999999932,0.11570000000000003
006.png,0.9151,1.0,1.0,0.9258,1.0,0.08489999999999998,0.08489999999999998,0.010699999999999932,0.08489999999999998
020.png,0.9728,1.0,1.0,0.9697,1.0,0.027200000000000002,0.027200000000000002,0.0030999999999999917,0.027200000000000002
020.png,0.9728,1.0,1.0,0.9697,1.0,0.027200000000000002,0.027200000000000002,0.0030999999999999917,0.027200000000000002
020.png,0.9728,1.0,1.0,0.9697,1.0,0.027200000000000002,0.027200000000000002,0.0030999999999999917,0.027200000000000002
020.png,0.9728,1.0,1.0,0.9697,1.0,0.027200000000000002,0.027200000000000002,0.0030999999999999917,0.027200000000000002
020.png,0.9728,1.0,1.0,0.9697,1.0,0.027200000000000002,0.027200000000000002,0.0030999999999999917,0.027200000000000002
020.png,0.9728,1.0,1.0,0.9697,1.0,0.027200000000000002,0.027200000000000002,0.0030999999999999917,0.027200000000000002
020.png,0.9728,1.0,1.0,0.9697,1.0,0.027200000000000002,0.027200000000000002,0.0030999999999999917,0.027200000000000002
020.png,0.9728,1.0,1.0,0.9697,1.0,0.027200000000000002,0.027200000000000002,0.0030999999999999917,0.027200000000000002
016.png,0.9333,1.0,1.0,0.9169,1.0,0.06669999999999998,0.06669999999999998,0.01639999999999997,0.06669999999999998
016.png,0.9333,1.0,1.0,0.9169,1.0,0.06669999999999998,0.06669999999999998,0.01639999999999997,0.06669999999999998
016.png,0.9333,1.0,1.0,0.9169,0.7449,0.06669999999999998,0.06669999999999998,0.01639999999999997,0.1884
016.png,0.9333,1.0,1.0,0.9169,1.0,0.06669999999999998,0.06669999999999998,0.01639999999999997,0.06669999999999998
016.png,0.9333,1.0,1.0,0.9169,1.0,0.06669999999999998,0.06669999999999998,0.01639999999999997,0.06669999999999998
016.png,0.9333,1.0,1.0,0.9169,1.0,0.06669999999999998,0.06669999999999998,0.01639999999999997,0.06669999999999998
016.png,0.9333,1.0,1.0,0.9169,0.7449,0.06669999999999998,0.06669999999999998,0.01639999999999997,0.1884
016.png,0.9333,1.0,1.0,0.9169,1.0,0.06669999999999998,0.06669999999999998,0.01639999999999997,0.06669999999999998
016.png,0.9333,1.0,1.0,0.9169,1.0,0.06669999999999998,0.06669999999999998,0.01639999999999997,0.06669999999999998
016.png,0.9333,1.0,1.0,0.9169,1.0,0.06669999999999998,0.06669999999999998,0.01639999999999997,0.06669999999999998
016.png,0.9333,1.0,1.0,0.9169,0.7449,0.06669999999999998,0.06669999999999998,0.01639999999999997,0.1884
016.png,0.9333,1.0,1.0,0.9169,1.0,0.06669999999999998,0.06669999999999998,0.01639999999999997,0.06669999999999998
016.png,0.9333,1.0,1.0,0.9169,1.0,0.06669999999999998,0.06669999999999998,0.01639999999999997,0.06669999999999998
016.png,0.9333,1.0,1.0,0.9169,1.0,0.06669999999999998,0.06669999999999998,0.01639999999999997,0.06669999999999998
016.png,0.9333,1.0,1.0,0.9169,0.7449,0.06669999999999998,0.06669999999999998,0.01639999999999997,0.1884
016.png,0.9333,1.0,1.0,0.9169,1.0,0.06669999999999998,0.06669999999999998,0.01639999999999997,0.06669999999999998
016.png,0.9333,1.0,1.0,0.9169,1.0,0.06669999999999998,0.06669999999999998,0.01639999999999997,0.06669999999999998
016.png,0.9333,1.0,1.0,0.9169,1.0,0.06669999999999998,0.06669999999999998,0.01639999999999997,0.06669999999999998
016.png,0.9333,1.0,1.0,0.9169,0.7449,0.06669999999999998,0.06669999999999998,0.01639999999999997,0.1884
016.png,0.9333,1.0,1.0,0.9169,1.0,0.06669999999999998,0.06669999999999998,0.01639999999999997,0.06669999999999998
016.png,0.9333,1.0,1.0,0.9169,1.0,0.06669999999999998,0.06669999999999998,0.01639999999999997,0.06669999999999998
016.png,0.9333,1.0,1.0,0.9169,1.0,0.06669999999999998,0.06669999999999998,0.01639999999999997,0.06669999999999998
016.png,0.9333,1.0,1.0,0.9169,0.7449,0.06669999999999998,0.06669999999999998,0.01639999999999997,0.1884
016.png,0.9333,1.0,1.0,0.9169,1.0,0.06669999999999998,0.06669999999999998,0.01639999999999997,0.06669999999999998
016.png,0.9333,1.0,1.0,0.9169,1.0,0.06669999999999998,0.06669999999999998,0.01639999999999997,0.06669999999999998
016.png,0.9333,1.0,1.0,0.9169,1.0,0.06669999999999998,0.06669999999999998,0.01639999999999997,0.06669999999999998
016.png,0.9333,1.0,1.0,0.9169,0.7449,0.06669999999999998,0.06669999999999998,0.01639999999999997,0.1884
016.png,0.9333,1.0,1.0,0.9169,1.0,0.06669999999999998,0.06669999999999998,0.01639999999999997,0.06669999999999998
016.png,0.9333,1.0,1.0,0.9169,1.0,0.06669999999999998,0.06669999999999998,0.01639999999999997,0.06669999999999998
016.png,0.9333,1.0,1.0,0.9169,1.0,0.06669999999999998,0.06669999999999998,0.01639999999999997,0.06669999999999998
016.png,0.9333,1.0,1.0,0.9169,0.7449,0.06669999999999998,0.06669999999999998,0.01639999999999997,0.1884
016.png,0.9333,1.0,1.0,0.9169,1.0,0.06669999999999998,0.06669999999999998,0.01639999999999997,0.06669999999999998
016.png,0.9333,1.0,1.0,0.9169,1.0,0.06669999999999998,0.06669999999999998,0.01639999999999997,0.06669999999999998
016.png,0.9333,1.0,1.0,0.9169,1.0,0.06669999999999998,0.06669999999999998,0.01639999999999997,0.06669999999999998
016.png,0.9333,1.0,1.0,0.9169,0.7449,0.06669999999999998,0.06669999999999998,0.01639999999999997,0.1884
016.png,0.9333,1.0,1.0,0.9169,1.0,0.06669999999999998,0.06669999999999998,0.01639999999999997,0.06669999999999998
016.png,0.9333,1.0,1.0,0.9169,1.0,0.06669999999999998,0.06669999999999998,0.01639999999999997,0.06669999999999998
016.png,0.9333,1.0,1.0,0.9169,1.0,0.06669999999999998,0.06669999999999998,0.01639999999999997,0.06669999999999998
016.png,0.9333,1.0,1.0,0.9169,0.7449,0.06669999999999998,0.06669999999999998,0.01639999999999997,0.1884
016.png,0.9333,1.0,1.0,0.9169,1.0,0.06669999999999998,0.06669999999999998,0.01639999999999997,0.06669999999999998
016.png,0.9333,1.0,1.0,0.9169,1.0,0.06669999999999998,0.06669999999999998,0.01639999999999997,0.06669999999999998
016.png,0.9333,1.0,1.0,0.9169,1.0,0.06669999999999998,0.06669999999999998,0.01639999999999997,0.06669999999999998
016.png,0.9333,1.0,1.0,0.9169,0.7449,0.06669999999999998,0.06669999999999998,0.01639999999999997,0.1884
016.png,0.9333,1.0,1.0,0.9169,1.0,0.06669999999999998,0.06669999999999998,0.01639999999999997,0.06669999999999998
016.png,0.9333,1.0,1.0,0.9169,1.0,0.06669999999999998,0.06669999999999998,0.01639999999999997,0.06669999999999998
016.png,0.9333,1.0,1.0,0.9169,1.0,0.06669999999999998,0.06669999999999998,0.01639999999999997,0.06669999999999998
016.png,0.9333,1.0,1.0,0.9169,0.7449,0.06669999999999998,0.06669999999999998,0.01639999999999997,0.1884
016.png,0.9333,1.0,1.0,0.9169,1.0,0.06669999999999998,0.06669999999999998,0.01639999999999997,0.06669999999999998
016.png,0.9333,1.0,1.0,0.9169,1.0,0.06669999999999998,0.06669999999999998,0.01639999999999997,0.06669999999999998
016.png,0.9333,1.0,1.0,0.9169,1.0,0.06669999999999998,0.06669999999999998,0.01639999999999997,0.06669999999999998
016.png,0.9333,1.0,1.0,0.9169,0.7449,0.06669999999999998,0.06669999999999998,0.01639999999999997,0.1884
016.png,0.9333,1.0,1.0,0.9169,1.0,0.06669999999999998,0.06669999999999998,0.01639999999999997,0.06669999999999998
016.png,0.9333,1.0,1.0,0.9169,1.0,0.06669999999999998,0.06669999999999998,0.01639999999999997,0.06669999999999998
016.png,0.9333,1.0,1.0,0.9169,1.0,0.06669999999999998,0.06669999999999998,0.01639999999999997,0.06669999999999998
016.png,0.9333,1.0,1.0,0.9169,0.7449,0.06669999999999998,0.06669999999999998,0.01639999999999997,0.1884
016.png,0.9333,1.0,1.0,0.9169,1.0,0.06669999999999998,0.06669999999999998,0.01639999999999997,0.06669999999999998
016.png,0.9333,1.0,1.0,0.9169,1.0,0.06669999999999998,0.06669999999999998,0.01639999999999997,0.06669999999999998
016.png,0.9333,1.0,1.0,0.9169,1.0,0.06669999999999998,0.06669999999999998,0.01639999999999997,0.06669999999999998
016.png,0.9333,1.0,1.0,0.9169,0.7449,0.06669999999999998,0.06669999999999998,0.01639999999999997,0.1884
016.png,0.9333,1.0,1.0,0.9169,1.0,0.06669999999999998,0.06669999999999998,0.01639999999999997,0.06669999999999998
016.png,0.9333,1.0,1.0,0.9169,1.0,0.06669999999999998,0.06669999999999998,0.01639999999999997,0.06669999999999998
016.png,0.9333,1.0,1.0,0.9169,1.0,0.06669999999999998,0.06669999999999998,0.01639999999999997,0.06669999999999998
016.png,0.9333,1.0,1.0,0.9169,0.7449,0.06669999999999998,0.06669999999999998,0.01639999999999997,0.1884
016.png,0.9333,1.0,1.0,0.9169,1.0,0.06669999999999998,0.06669999999999998,0.01639999999999997,0.06669999999999998
014.png,0.8588,1.0,1.0,0.876,1.0,0.1412,0.1412,0.017199999999999993,0.1412
014.png,0.8588,1.0,1.0,0.876,1.0,0.1412,0.1412,0.017199999999999993,0.1412
014.png,0.8588,1.0,1.0,0.876,0.7149,0.1412,0.1412,0.017199999999999993,0.14390000000000003
014.png,0.8588,1.0,1.0,0.876,1.0,0.1412,0.1412,0.017199999999999993,0.1412
014.png,0.8588,1.0,1.0,0.876,1.0,0.1412,0.1412,0.017199999999999993,0.1412
014.png,0.8588,1.0,1.0,0.876,1.0,0.1412,0.1412,0.017199999999999993,0.1412
014.png,0.8588,1.0,1.0,0.876,0.7149,0.1412,0.1412,0.017199999999999993,0.14390000000000003
014.png,0.8588,1.0,1.0,0.876,1.0,0.1412,0.1412,0.017199999999999993,0.1412
014.png,0.8588,1.0,0.9813,0.876,1.0,0.1412,0.12249999999999994,0.017199999999999993,0.1412
014.png,0.8588,1.0,0.9813,0.876,1.0,0.1412,0.12249999999999994,0.017199999999999993,0.1412
014.png,0.8588,1.0,0.9813,0.876,0.7149,0.1412,0.12249999999999994,0.017199999999999993,0.14390000000000003
014.png,0.8588,1.0,0.9813,0.876,1.0,0.1412,0.12249999999999994,0.017199999999999993,0.1412
014.png,0.8588,1.0,1.0,0.876,1.0,0.1412,0.1412,0.017199999999999993,0.1412
014.png,0.8588,1.0,1.0,0.876,1.0,0.1412,0.1412,0.017199999999999993,0.1412
014.png,0.8588,1.0,1.0,0.876,0.7149,0.1412,0.1412,0.017199999999999993,0.14390000000000003
014.png,0.8588,1.0,1.0,0.876,1.0,0.1412,0.1412,0.017199999999999993,0.1412
014.png,0.8588,1.0,1.0,0.876,1.0,0.1412,0.1412,0.017199999999999993,0.1412
014.png,0.8588,1.0,1.0,0.876,1.0,0.1412,0.1412,0.017199999999999993,0.1412
014.png,0.8588,1.0,1.0,0.876,0.7149,0.1412,0.1412,0.017199999999999993,0.14390000000000003
014.png,0.8588,1.0,1.0,0.876,1.0,0.1412,0.1412,0.017199999999999993,0.1412
014.png,0.8588,1.0,1.0,0.876,1.0,0.1412,0.1412,0.017199999999999993,0.1412
014.png,0.8588,1.0,1.0,0.876,1.0,0.1412,0.1412,0.017199999999999993,0.1412
014.png,0.8588,1.0,1.0,0.876,0.7149,0.1412,0.1412,0.017199999999999993,0.14390000000000003
014.png,0.8588,1.0,1.0,0.876,1.0,0.1412,0.1412,0.017199999999999993,0.1412
014.png,0.8588,1.0,0.9813,0.876,1.0,0.1412,0.12249999999999994,0.017199999999999993,0.1412
014.png,0.8588,1.0,0.9813,0.876,1.0,0.1412,0.12249999999999994,0.017199999999999993,0.1412
014.png,0.8588,1.0,0.9813,0.876,0.7149,0.1412,0.12249999999999994,0.017199999999999993,0.14390000000000003
014.png,0.8588,1.0,0.9813,0.876,1.0,0.1412,0.12249999999999994,0.017199999999999993,0.1412
014.png,0.8588,1.0,1.0,0.876,1.0,0.1412,0.1412,0.017199999999999993,0.1412
014.png,0.8588,1.0,1.0,0.876,1.0,0.1412,0.1412,0.017199999999999993,0.1412
014.png,0.8588,1.0,1.0,0.876,0.7149,0.1412,0.1412,0.017199999999999993,0.14390000000000003
014.png,0.8588,1.0,1.0,0.876,1.0,0.1412,0.1412,0.017199999999999993,0.1412
014.png,0.8588,1.0,1.0,0.876,1.0,0.1412,0.1412,0.017199999999999993,0.1412
014.png,0.8588,1.0,1.0,0.876,1.0,0.1412,0.1412,0.017199999999999993,0.1412
014.png,0.8588,1.0,1.0,0.876,0.7149,0.1412,0.1412,0.017199999999999993,0.14390000000000003
014.png,0.8588,1.0,1.0,0.876,1.0,0.1412,0.1412,0.017199999999999993,0.1412
014.png,0.8588,1.0,1.0,0.876,1.0,0.1412,0.1412,0.017199999999999993,0.1412
014.png,0.8588,1.0,1.0,0.876,1.0,0.1412,0.1412,0.017199999999999993,0.1412
014.png,0.8588,1.0,1.0,0.876,0.7149,0.1412,0.1412,0.017199999999999993,0.14390000000000003
014.png,0.8588,1.0,1.0,0.876,1.0,0.1412,0.1412,0.017199999999999993,0.1412
014.png,0.8588,1.0,0.9813,0.876,1.0,0.1412,0.12249999999999994,0.017199999999999993,0.1412
014.png,0.8588,1.0,0.9813,0.876,1.0,0.1412,0.12249999999999994,0.017199999999999993,0.1412
014.png,0.8588,1.0,0.9813,0.876,0.7149,0.1412,0.12249999999999994,0.017199999999999993,0.14390000000000003
014.png,0.8588,1.0,0.9813,0.876,1.0,0.1412,0.12249999999999994,0.017199999999999993,0.1412
014.png,0.8588,1.0,1.0,0.876,1.0,0.1412,0.1412,0.017199999999999993,0.1412
014.png,0.8588,1.0,1.0,0.876,1.0,0.1412,0.1412,0.017199999999999993,0.1412
014.png,0.8588,1.0,1.0,0.876,0.7149,0.1412,0.1412,0.017199999999999993,0.14390000000000003
014.png,0.8588,1.0,1.0,0.876,1.0,0.1412,0.1412,0.017199999999999993,0.1412
014.png,0.8588,1.0,1.0,0.876,1.0,0.1412,0.1412,0.017199999999999993,0.1412
014.png,0.8588,1.0,1.0,0.876,1.0,0.1412,0.1412,0.017199999999999993,0.1412
014.png,0.8588,1.0,1.0,0.876,0.7149,0.1412,0.1412,0.017199999999999993,0.14390000000000003
014.png,0.8588,1.0,1.0,0.876,1.0,0.1412,0.1412,0.017199999999999993,0.1412
014.png,0.8588,1.0,1.0,0.876,1.0,0.1412,0.1412,0.017199999999999993,0.1412
014.png,0.8588,1.0,1.0,0.876,1.0,0.1412,0.1412,0.017199999999999993,0.1412
014.png,0.8588,1.0,1.0,0.876,0.7149,0.1412,0.1412,0.017199999999999993,0.14390000000000003
014.png,0.8588,1.0,1.0,0.876,1.0,0.1412,0.1412,0.017199999999999993,0.1412
014.png,0.8588,1.0,0.9813,0.876,1.0,0.1412,0.12249999999999994,0.017199999999999993,0.1412
014.png,0.8588,1.0,0.9813,0.876,1.0,0.1412,0.12249999999999994,0.017199999999999993,0.1412
014.png,0.8588,1.0,0.9813,0.876,0.7149,0.1412,0.12249999999999994,0.017199999999999993,0.14390000000000003
014.png,0.8588,1.0,0.9813,0.876,1.0,0.1412,0.12249999999999994,0.017199999999999993,0.1412
014.png,0.8588,1.0,1.0,0.876,1.0,0.1412,0.1412,0.017199999999999993,0.1412
014.png,0.8588,1.0,1.0,0.876,1.0,0.1412,0.1412,0.017199999999999993,0.1412
014.png,0.8588,1.0,1.0,0.876,0.7149,0.1412,0.1412,0.017199999999999993,0.14390000000000003
014.png,0.8588,1.0,1.0,0.876,1.0,0.1412,0.1412,0.017199999999999993,0.1412
008.png,0.8808,1.0,1.0,0.8782,1.0,0.11919999999999997,0.11919999999999997,0.0026000000000000467,0.11919999999999997
008.png,0.8808,1.0,1.0,0.8782,1.0,0.11919999999999997,0.11919999999999997,0.0026000000000000467,0.11919999999999997
008.png,0.8808,1.0,1.0,0.8782,0.7941,0.11919999999999997,0.11919999999999997,0.0026000000000000467,0.0867
008.png,0.8808,1.0,1.0,0.8782,1.0,0.11919999999999997,0.11919999999999997,0.0026000000000000467,0.11919999999999997
008.png,0.8808,1.0,1.0,0.8782,1.0,0.11919999999999997,0.11919999999999997,0.0026000000000000467,0.11919999999999997
008.png,0.8808,1.0,1.0,0.8782,1.0,0.11919999999999997,0.11919999999999997,0.0026000000000000467,0.11919999999999997
008.png,0.8808,1.0,1.0,0.8782,0.7941,0.11919999999999997,0.11919999999999997,0.0026000000000000467,0.0867
008.png,0.8808,1.0,1.0,0.8782,1.0,0.11919999999999997,0.11919999999999997,0.0026000000000000467,0.11919999999999997
008.png,0.8808,1.0,1.0,0.8782,1.0,0.11919999999999997,0.11919999999999997,0.0026000000000000467,0.11919999999999997
008.png,0.8808,1.0,1.0,0.8782,1.0,0.11919999999999997,0.11919999999999997,0.0026000000000000467,0.11919999999999997
008.png,0.8808,1.0,1.0,0.8782,0.7941,0.11919999999999997,0.11919999999999997,0.0026000000000000467,0.0867
008.png,0.8808,1.0,1.0,0.8782,1.0,0.11919999999999997,0.11919999999999997,0.0026000000000000467,0.11919999999999997
008.png,0.8808,1.0,1.0,0.8782,1.0,0.11919999999999997,0.11919999999999997,0.0026000000000000467,0.11919999999999997
008.png,0.8808,1.0,1.0,0.8782,1.0,0.11919999999999997,0.11919999999999997,0.0026000000000000467,0.11919999999999997
008.png,0.8808,1.0,1.0,0.8782,0.7941,0.11919999999999997,0.11919999999999997,0.0026000000000000467,0.0867
008.png,0.8808,1.0,1.0,0.8782,1.0,0.11919999999999997,0.11919999999999997,0.0026000000000000467,0.11919999999999997
008.png,0.8808,1.0,1.0,0.8782,1.0,0.11919999999999997,0.11919999999999997,0.0026000000000000467,0.11919999999999997
008.png,0.8808,1.0,1.0,0.8782,1.0,0.11919999999999997,0.11919999999999997,0.0026000000000000467,0.11919999999999997
008.png,0.8808,1.0,1.0,0.8782,0.7941,0.11919999999999997,0.11919999999999997,0.0026000000000000467,0.0867
008.png,0.8808,1.0,1.0,0.8782,1.0,0.11919999999999997,0.11919999999999997,0.0026000000000000467,0.11919999999999997
008.png,0.8808,1.0,1.0,0.8782,1.0,0.11919999999999997,0.11919999999999997,0.0026000000000000467,0.11919999999999997
008.png,0.8808,1.0,1.0,0.8782,1.0,0.11919999999999997,0.11919999999999997,0.0026000000000000467,0.11919999999999997
008.png,0.8808,1.0,1.0,0.8782,0.7941,0.11919999999999997,0.11919999999999997,0.0026000000000000467,0.0867
008.png,0.8808,1.0,1.0,0.8782,1.0,0.11919999999999997,0.11919999999999997,0.0026000000000000467,0.11919999999999997
008.png,0.8808,1.0,1.0,0.8782,1.0,0.11919999999999997,0.11919999999999997,0.0026000000000000467,0.11919999999999997
008.png,0.8808,1.0,1.0,0.8782,1.0,0.11919999999999997,0.11919999999999997,0.0026000000000000467,0.11919999999999997
008.png,0.8808,1.0,1.0,0.8782,0.7941,0.11919999999999997,0.11919999999999997,0.0026000000000000467,0.0867
008.png,0.8808,1.0,1.0,0.8782,1.0,0.11919999999999997,0.11919999999999997,0.0026000000000000467,0.11919999999999997
008.png,0.8808,1.0,1.0,0.8782,1.0,0.11919999999999997,0.11919999999999997,0.0026000000000000467,0.11919999999999997
008.png,0.8808,1.0,1.0,0.8782,1.0,0.11919999999999997,0.11919999999999997,0.0026000000000000467,0.11919999999999997
008.png,0.8808,1.0,1.0,0.8782,0.7941,0.11919999999999997,0.11919999999999997,0.0026000000000000467,0.0867
008.png,0.8808,1.0,1.0,0.8782,1.0,0.11919999999999997,0.11919999999999997,0.0026000000000000467,0.11919999999999997
008.png,0.8808,1.0,1.0,0.8782,1.0,0.11919999999999997,0.11919999999999997,0.0026000000000000467,0.11919999999999997
008.png,0.8808,1.0,1.0,0.8782,1.0,0.11919999999999997,0.11919999999999997,0.0026000000000000467,0.11919999999999997
008.png,0.8808,1.0,1.0,0.8782,0.7941,0.11919999999999997,0.11919999999999997,0.0026000000000000467,0.0867
008.png,0.8808,1.0,1.0,0.8782,1.0,0.11919999999999997,0.11919999999999997,0.0026000000000000467,0.11919999999999997
008.png,0.8808,1.0,1.0,0.8782,1.0,0.11919999999999997,0.11919999999999997,0.0026000000000000467,0.11919999999999997
008.png,0.8808,1.0,1.0,0.8782,1.0,0.11919999999999997,0.11919999999999997,0.0026000000000000467,0.11919999999999997
008.png,0.8808,1.0,1.0,0.8782,0.7941,0.11919999999999997,0.11919999999999997,0.0026000000000000467,0.0867
008.png,0.8808,1.0,1.0,0.8782,1.0,0.11919999999999997,0.11919999999999997,0.0026000000000000467,0.11919999999999997
008.png,0.8808,1.0,1.0,0.8782,1.0,0.11919999999999997,0.11919999999999997,0.0026000000000000467,0.11919999999999997
008.png,0.8808,1.0,1.0,0.8782,1.0,0.11919999999999997,0.11919999999999997,0.0026000000000000467,0.11919999999999997
008.png,0.8808,1.0,1.0,0.8782,0.7941,0.11919999999999997,0.11919999999999997,0.0026000000000000467,0.0867
008.png,0.8808,1.0,1.0,0.8782,1.0,0.11919999999999997,0.11919999999999997,0.0026000000000000467,0.11919999999999997
008.png,0.8808,1.0,1.0,0.8782,1.0,0.11919999999999997,0.11919999999999997,0.0026000000000000467,0.11919999999999997
008.png,0.8808,1.0,1.0,0.8782,1.0,0.11919999999999997,0.11919999999999997,0.0026000000000000467,0.11919999999999997
008.png,0.8808,1.0,1.0,0.8782,0.7941,0.11919999999999997,0.11919999999999997,0.0026000000000000467,0.0867
008.png,0.8808,1.0,1.0,0.8782,1.0,0.11919999999999997,0.11919999999999997,0.0026000000000000467,0.11919999999999997
008.png,0.8808,1.0,1.0,0.8782,1.0,0.11919999999999997,0.11919999999999997,0.0026000000000000467,0.11919999999999997
008.png,0.8808,1.0,1.0,0.8782,1.0,0.11919999999999997,0.11919999999999997,0.0026000000000000467,0.11919999999999997
008.png,0.8808,1.0,1.0,0.8782,0.7941,0.11919999999999997,0.11919999999999997,0.0026000000000000467,0.0867
008.png,0.8808,1.0,1.0,0.8782,1.0,0.11919999999999997,0.11919999999999997,0.0026000000000000467,0.11919999999999997
008.png,0.8808,1.0,1.0,0.8782,1.0,0.11919999999999997,0.11919999999999997,0.0026000000000000467,0.11919999999999997
008.png,0.8808,1.0,1.0,0.8782,1.0,0.11919999999999997,0.11919999999999997,0.0026000000000000467,0.11919999999999997
008.png,0.8808,1.0,1.0,0.8782,0.7941,0.11919999999999997,0.11919999999999997,0.0026000000000000467,0.0867
008.png,0.8808,1.0,1.0,0.8782,1.0,0.11919999999999997,0.11919999999999997,0.0026000000000000467,0.11919999999999997
008.png,0.8808,1.0,1.0,0.8782,1.0,0.11919999999999997,0.11919999999999997,0.0026000000000000467,0.11919999999999997
008.png,0.8808,1.0,1.0,0.8782,1.0,0.11919999999999997,0.11919999999999997,0.0026000000000000467,0.11919999999999997
008.png,0.8808,1.0,1.0,0.8782,0.7941,0.11919999999999997,0.11919999999999997,0.0026000000000000467,0.0867
008.png,0.8808,1.0,1.0,0.8782,1.0,0.11919999999999997,0.11919999999999997,0.0026000000000000467,0.11919999999999997
008.png,0.8808,1.0,1.0,0.8782,1.0,0.11919999999999997,0.11919999999999997,0.0026000000000000467,0.11919999999999997
008.png,0.8808,1.0,1.0,0.8782,1.0,0.11919999999999997,0.11919999999999997,0.0026000000000000467,0.11919999999999997
008.png,0.8808,1.0,1.0,0.8782,0.7941,0.11919999999999997,0.11919999999999997,0.0026000000000000467,0.0867
008.png,0.8808,1.0,1.0,0.8782,1.0,0.11919999999999997,0.11919999999999997,0.0026000000000000467,0.11919999999999997
005.png,0.8736,1.0,1.0,0.8889,1.0,0.12639999999999996,0.12639999999999996,0.01529999999999998,0.12639999999999996
005.png,0.8736,1.0,1.0,0.8889,1.0,0.12639999999999996,0.12639999999999996,0.01529999999999998,0.12639999999999996
005.png,0.8736,1.0,1.0,0.8889,0.816,0.12639999999999996,0.12639999999999996,0.01529999999999998,0.057600000000000096
005.png,0.8736,1.0,1.0,0.8889,1.0,0.12639999999999996,0.12639999999999996,0.01529999999999998,0.12639999999999996
005.png,0.8736,1.0,1.0,0.8889,1.0,0.12639999999999996,0.12639999999999996,0.01529999999999998,0.12639999999999996
005.png,0.8736,1.0,1.0,0.8889,1.0,0.12639999999999996,0.12639999999999996,0.01529999999999998,0.12639999999999996
005.png,0.8736,1.0,1.0,0.8889,0.816,0.12639999999999996,0.12639999999999996,0.01529999999999998,0.057600000000000096
005.png,0.8736,1.0,1.0,0.8889,1.0,0.12639999999999996,0.12639999999999996,0.01529999999999998,0.12639999999999996
005.png,0.8736,1.0,1.0,0.8889,1.0,0.12639999999999996,0.12639999999999996,0.01529999999999998,0.12639999999999996
005.png,0.8736,1.0,1.0,0.8889,1.0,0.12639999999999996,0.12639999999999996,0.01529999999999998,0.12639999999999996
005.png,0.8736,1.0,1.0,0.8889,0.816,0.12639999999999996,0.12639999999999996,0.01529999999999998,0.057600000000000096
005.png,0.8736,1.0,1.0,0.8889,1.0,0.12639999999999996,0.12639999999999996,0.01529999999999998,0.12639999999999996
005.png,0.8736,1.0,1.0,0.8889,1.0,0.12639999999999996,0.12639999999999996,0.01529999999999998,0.12639999999999996
005.png,0.8736,1.0,1.0,0.8889,1.0,0.12639999999999996,0.12639999999999996,0.01529999999999998,0.12639999999999996
005.png,0.8736,1.0,1.0,0.8889,0.816,0.12639999999999996,0.12639999999999996,0.01529999999999998,0.057600000000000096
005.png,0.8736,1.0,1.0,0.8889,1.0,0.12639999999999996,0.12639999999999996,0.01529999999999998,0.12639999999999996
005.png,0.8736,1.0,1.0,0.8889,1.0,0.12639999999999996,0.12639999999999996,0.01529999999999998,0.12639999999999996
005.png,0.8736,1.0,1.0,0.8889,1.0,0.12639999999999996,0.12639999999999996,0.01529999999999998,0.12639999999999996
005.png,0.8736,1.0,1.0,0.8889,0.816,0.12639999999999996,0.12639999999999996,0.01529999999999998,0.057600000000000096
005.png,0.8736,1.0,1.0,0.8889,1.0,0.12639999999999996,0.12639999999999996,0.01529999999999998,0.12639999999999996
005.png,0.8736,1.0,1.0,0.8889,1.0,0.12639999999999996,0.12639999999999996,0.01529999999999998,0.12639999999999996
005.png,0.8736,1.0,1.0,0.8889,1.0,0.12639999999999996,0.12639999999999996,0.01529999999999998,0.12639999999999996
005.png,0.8736,1.0,1.0,0.8889,0.816,0.12639999999999996,0.12639999999999996,0.01529999999999998,0.057600000000000096
005.png,0.8736,1.0,1.0,0.8889,1.0,0.12639999999999996,0.12639999999999996,0.01529999999999998,0.12639999999999996
005.png,0.8736,1.0,1.0,0.8889,1.0,0.12639999999999996,0.12639999999999996,0.01529999999999998,0.12639999999999996
005.png,0.8736,1.0,1.0,0.8889,1.0,0.12639999999999996,0.12639999999999996,0.01529999999999998,0.12639999999999996
005.png,0.8736,1.0,1.0,0.8889,0.816,0.12639999999999996,0.12639999999999996,0.01529999999999998,0.057600000000000096
005.png,0.8736,1.0,1.0,0.8889,1.0,0.12639999999999996,0.12639999999999996,0.01529999999999998,0.12639999999999996
005.png,0.8736,1.0,1.0,0.8889,1.0,0.12639999999999996,0.12639999999999996,0.01529999999999998,0.12639999999999996
005.png,0.8736,1.0,1.0,0.8889,1.0,0.12639999999999996,0.12639999999999996,0.01529999999999998,0.12639999999999996
005.png,0.8736,1.0,1.0,0.8889,0.816,0.12639999999999996,0.12639999999999996,0.01529999999999998,0.057600000000000096
005.png,0.8736,1.0,1.0,0.8889,1.0,0.12639999999999996,0.12639999999999996,0.01529999999999998,0.12639999999999996
005.png,0.8736,1.0,1.0,0.8889,1.0,0.12639999999999996,0.12639999999999996,0.01529999999999998,0.12639999999999996
005.png,0.8736,1.0,1.0,0.8889,1.0,0.12639999999999996,0.12639999999999996,0.01529999999999998,0.12639999999999996
005.png,0.8736,1.0,1.0,0.8889,0.816,0.12639999999999996,0.12639999999999996,0.01529999999999998,0.057600000000000096
005.png,0.8736,1.0,1.0,0.8889,1.0,0.12639999999999996,0.12639999999999996,0.01529999999999998,0.12639999999999996
005.png,0.8736,1.0,1.0,0.8889,1.0,0.12639999999999996,0.12639999999999996,0.01529999999999998,0.12639999999999996
005.png,0.8736,1.0,1.0,0.8889,1.0,0.12639999999999996,0.12639999999999996,0.01529999999999998,0.12639999999999996
005.png,0.8736,1.0,1.0,0.8889,0.816,0.12639999999999996,0.12639999999999996,0.01529999999999998,0.057600000000000096
005.png,0.8736,1.0,1.0,0.8889,1.0,0.12639999999999996,0.12639999999999996,0.01529999999999998,0.12639999999999996
005.png,0.8736,1.0,1.0,0.8889,1.0,0.12639999999999996,0.12639999999999996,0.01529999999999998,0.12639999999999996
005.png,0.8736,1.0,1.0,0.8889,1.0,0.12639999999999996,0.12639999999999996,0.01529999999999998,0.12639999999999996
005.png,0.8736,1.0,1.0,0.8889,0.816,0.12639999999999996,0.12639999999999996,0.01529999999999998,0.057600000000000096
005.png,0.8736,1.0,1.0,0.8889,1.0,0.12639999999999996,0.12639999999999996,0.01529999999999998,0.12639999999999996
005.png,0.8736,1.0,1.0,0.8889,1.0,0.12639999999999996,0.12639999999999996,0.01529999999999998,0.12639999999999996
005.png,0.8736,1.0,1.0,0.8889,1.0,0.12639999999999996,0.12639999999999996,0.01529999999999998,0.12639999999999996
005.png,0.8736,1.0,1.0,0.8889,0.816,0.12639999999999996,0.12639999999999996,0.01529999999999998,0.057600000000000096
005.png,0.8736,1.0,1.0,0.8889,1.0,0.12639999999999996,0.12639999999999996,0.01529999999999998,0.12639999999999996
005.png,0.8736,1.0,1.0,0.8889,1.0,0.12639999999999996,0.12639999999999996,0.01529999999999998,0.12639999999999996
005.png,0.8736,1.0,1.0,0.8889,1.0,0.12639999999999996,0.12639999999999996,0.01529999999999998,0.12639999999999996
005.png,0.8736,1.0,1.0,0.8889,0.816,0.12639999999999996,0.12639999999999996,0.01529999999999998,0.057600000000000096
005.png,0.8736,1.0,1.0,0.8889,1.0,0.12639999999999996,0.12639999999999996,0.01529999999999998,0.12639999999999996
005.png,0.8736,1.0,1.0,0.8889,1.0,0.12639999999999996,0.12639999999999996,0.01529999999999998,0.12639999999999996
005.png,0.8736,1.0,1.0,0.8889,1.0,0.12639999999999996,0.12639999999999996,0.01529999999999998,0.12639999999999996
005.png,0.8736,1.0,1.0,0.8889,0.816,0.12639999999999996,0.12639999999999996,0.01529999999999998,0.057600000000000096
005.png,0.8736,1.0,1.0,0.8889,1.0,0.12639999999999996,0.12639999999999996,0.01529999999999998,0.12639999999999996
005.png,0.8736,1.0,1.0,0.8889,1.0,0.12639999999999996,0.12639999999999996,0.01529999999999998,0.12639999999999996
005.png,0.8736,1.0,1.0,0.8889,1.0,0.12639999999999996,0.12639999999999996,0.01529999999999998,0.12639999999999996
005.png,0.8736,1.0,1.0,0.8889,0.816,0.12639999999999996,0.12639999999999996,0.01529999999999998,0.057600000000000096
005.png,0.8736,1.0,1.0,0.8889,1.0,0.12639999999999996,0.12639999999999996,0.01529999999999998,0.12639999999999996
005.png,0.8736,1.0,1.0,0.8889,1.0,0.12639999999999996,0.12639999999999996,0.01529999999999998,0.12639999999999996
005.png,0.8736,1.0,1.0,0.8889,1.0,0.12639999999999996,0.12639999999999996,0.01529999999999998,0.12639999999999996
005.png,0.8736,1.0,1.0,0.8889,0.816,0.12639999999999996,0.12639999999999996,0.01529999999999998,0.057600000000000096
005.png,0.8736,1.0,1.0,0.8889,1.0,0.12639999999999996,0.12639999999999996,0.01529999999999998,0.12639999999999996
017.png,0.9663,1.0,1.0,0.9701,1.0,0.03369999999999995,0.03369999999999995,0.0037999999999999146,0.03369999999999995
017.png,0.9663,1.0,1.0,0.9701,1.0,0.03369999999999995,0.03369999999999995,0.0037999999999999146,0.03369999999999995
017.png,0.9663,1.0,1.0,0.9701,0.8673,0.03369999999999995,0.03369999999999995,0.0037999999999999146,0.09900000000000009
017.png,0.9663,1.0,1.0,0.9701,1.0,0.03369999999999995,0.03369999999999995,0.0037999999999999146,0.03369999999999995
017.png,0.9663,1.0,1.0,0.9701,1.0,0.03369999999999995,0.03369999999999995,0.0037999999999999146,0.03369999999999995
017.png,0.9663,1.0,1.0,0.9701,1.0,0.03369999999999995,0.03369999999999995,0.0037999999999999146,0.03369999999999995
017.png,0.9663,1.0,1.0,0.9701,0.8673,0.03369999999999995,0.03369999999999995,0.0037999999999999146,0.09900000000000009
017.png,0.9663,1.0,1.0,0.9701,1.0,0.03369999999999995,0.03369999999999995,0.0037999999999999146,0.03369999999999995
017.png,0.9663,1.0,0.7946,0.9701,1.0,0.03369999999999995,0.17170000000000007,0.0037999999999999146,0.03369999999999995
017.png,0.9663,1.0,0.7946,0.9701,1.0,0.03369999999999995,0.17170000000000007,0.0037999999999999146,0.03369999999999995
017.png,0.9663,1.0,0.7946,0.9701,0.8673,0.03369999999999995,0.17170000000000007,0.0037999999999999146,0.09900000000000009
017.png,0.9663,1.0,0.7946,0.9701,1.0,0.03369999999999995,0.17170000000000007,0.0037999999999999146,0.03369999999999995
017.png,0.9663,1.0,1.0,0.9701,1.0,0.03369999999999995,0.03369999999999995,0.0037999999999999146,0.03369999999999995
017.png,0.9663,1.0,1.0,0.9701,1.0,0.03369999999999995,0.03369999999999995,0.0037999999999999146,0.03369999999999995
017.png,0.9663,1.0,1.0,0.9701,0.8673,0.03369999999999995,0.03369999999999995,0.0037999999999999146,0.09900000000000009
017.png,0.9663,1.0,1.0,0.9701,1.0,0.03369999999999995,0.03369999999999995,0.0037999999999999146,0.03369999999999995
017.png,0.9663,1.0,1.0,0.9701,1.0,0.03369999999999995,0.03369999999999995,0.0037999999999999146,0.03369999999999995
017.png,0.9663,1.0,1.0,0.9701,1.0,0.03369999999999995,0.03369999999999995,0.0037999999999999146,0.03369999999999995
017.png,0.9663,1.0,1.0,0.9701,0.8673,0.03369999999999995,0.03369999999999995,0.0037999999999999146,0.09900000000000009
017.png,0.9663,1.0,1.0,0.9701,1.0,0.03369999999999995,0.03369999999999995,0.0037999999999999146,0.03369999999999995
017.png,0.9663,1.0,1.0,0.9701,1.0,0.03369999999999995,0.03369999999999995,0.0037999999999999146,0.03369999999999995
017.png,0.9663,1.0,1.0,0.9701,1.0,0.03369999999999995,0.03369999999999995,0.0037999999999999146,0.03369999999999995
017.png,0.9663,1.0,1.0,0.9701,0.8673,0.03369999999999995,0.03369999999999995,0.0037999999999999146,0.09900000000000009
017.png,0.9663,1.0,1.0,0.9701,1.0,0.03369999999999995,0.03369999999999995,0.0037999999999999146,0.03369999999999995
017.png,0.9663,1.0,0.7946,0.9701,1.0,0.03369999999999995,0.17170000000000007,0.0037999999999999146,0.03369999999999995
017.png,0.9663,1.0,0.7946,0.9701,1.0,0.03369999999999995,0.17170000000000007,0.0037999999999999146,0.03369999999999995
017.png,0.9663,1.0,0.7946,0.9701,0.8673,0.03369999999999995,0.17170000000000007,0.0037999999999999146,0.09900000000000009
017.png,0.9663,1.0,0.7946,0.9701,1.0,0.03369999999999995,0.17170000000000007,0.0037999999999999146,0.03369999999999995
017.png,0.9663,1.0,1.0,0.9701,1.0,0.03369999999999995,0.03369999999999995,0.0037999999999999146,0.03369999999999995
017.png,0.9663,1.0,1.0,0.9701,1.0,0.03369999999999995,0.03369999999999995,0.0037999999999999146,0.03369999999999995
017.png,0.9663,1.0,1.0,0.9701,0.8673,0.03369999999999995,0.03369999999999995,0.0037999999999999146,0.09900000000000009
017.png,0.9663,1.0,1.0,0.9701,1.0,0.03369999999999995,0.03369999999999995,0.0037999999999999146,0.03369999999999995
017.png,0.9663,0.8887,1.0,0.9701,1.0,0.0776,0.03369999999999995,0.0037999999999999146,0.03369999999999995
017.png,0.9663,0.8887,1.0,0.9701,1.0,0.0776,0.03369999999999995,0.0037999999999999146,0.03369999999999995
017.png,0.9663,0.8887,1.0,0.9701,0.8673,0.0776,0.03369999999999995,0.0037999999999999146,0.09900000000000009
017.png,0.9663,0.8887,1.0,0.9701,1.0,0.0776,0.03369999999999995,0.0037999999999999146,0.03369999999999995
017.png,0.9663,0.8887,1.0,0.9701,1.0,0.0776,0.03369999999999995,0.0037999999999999146,0.03369999999999995
017.png,0.9663,0.8887,1.0,0.9701,1.0,0.0776,0.03369999999999995,0.0037999999999999146,0.03369999999999995
017.png,0.9663,0.8887,1.0,0.9701,0.8673,0.0776,0.03369999999999995,0.0037999999999999146,0.09900000000000009
017.png,0.9663,0.8887,1.0,0.9701,1.0,0.0776,0.03369999999999995,0.0037999999999999146,0.03369999999999995
017.png,0.9663,0.8887,0.7946,0.9701,1.0,0.0776,0.17170000000000007,0.0037999999999999146,0.03369999999999995
017.png,0.9663,0.8887,0.7946,0.9701,1.0,0.0776,0.17170000000000007,0.0037999999999999146,0.03369999999999995
017.png,0.9663,0.8887,0.7946,0.9701,0.8673,0.0776,0.17170000000000007,0.0037999999999999146,0.09900000000000009
017.png,0.9663,0.8887,0.7946,0.9701,1.0,0.0776,0.17170000000000007,0.0037999999999999146,0.03369999999999995
017.png,0.9663,0.8887,1.0,0.9701,1.0,0.0776,0.03369999999999995,0.0037999999999999146,0.03369999999999995
017.png,0.9663,0.8887,1.0,0.9701,1.0,0.0776,0.03369999999999995,0.0037999999999999146,0.03369999999999995
017.png,0.9663,0.8887,1.0,0.9701,0.8673,0.0776,0.03369999999999995,0.0037999999999999146,0.09900000000000009
017.png,0.9663,0.8887,1.0,0.9701,1.0,0.0776,0.03369999999999995,0.0037999999999999146,0.03369999999999995
017.png,0.9663,1.0,1.0,0.9701,1.0,0.03369999999999995,0.03369999999999995,0.0037999999999999146,0.03369999999999995
017.png,0.9663,1.0,1.0,0.9701,1.0,0.03369999999999995,0.03369999999999995,0.0037999999999999146,0.03369999999999995
017.png,0.9663,1.0,1.0,0.9701,0.8673,0.03369999999999995,0.03369999999999995,0.0037999999999999146,0.09900000000000009
017.png,0.9663,1.0,1.0,0.9701,1.0,0.03369999999999995,0.03369999999999995,0.0037999999999999146,0.03369999999999995
017.png,0.9663,1.0,1.0,0.9701,1.0,0.03369999999999995,0.03369999999999995,0.0037999999999999146,0.03369999999999995
017.png,0.9663,1.0,1.0,0.9701,1.0,0.03369999999999995,0.03369999999999995,0.0037999999999999146,0.03369999999999995
017.png,0.9663,1.0,1.0,0.9701,0.8673,0.03369999999999995,0.03369999999999995,0.0037999999999999146,0.09900000000000009
017.png,0.9663,1.0,1.0,0.9701,1.0,0.03369999999999995,0.03369999999999995,0.0037999999999999146,0.03369999999999995
017.png,0.9663,1.0,0.7946,0.9701,1.0,0.03369999999999995,0.17170000000000007,0.0037999999999999146,0.03369999999999995
017.png,0.9663,1.0,0.7946,0.9701,1.0,0.03369999999999995,0.17170000000000007,0.0037999999999999146,0.03369999999999995
017.png,0.9663,1.0,0.7946,0.9701,0.8673,0.03369999999999995,0.17170000000000007,0.0037999999999999146,0.09900000000000009
017.png,0.9663,1.0,0.7946,0.9701,1.0,0.03369999999999995,0.17170000000000007,0.0037999999999999146,0.03369999999999995
017.png,0.9663,1.0,1.0,0.9701,1.0,0.03369999999999995,0.03369999999999995,0.0037999999999999146,0.03369999999999995
017.png,0.9663,1.0,1.0,0.9701,1.0,0.03369999999999995,0.03369999999999995,0.0037999999999999146,0.03369999999999995
017.png,0.9663,1.0,1.0,0.9701,0.8673,0.03369999999999995,0.03369999999999995,0.0037999999999999146,0.09900000000000009
017.png,0.9663,1.0,1.0,0.9701,1.0,0.03369999999999995,0.03369999999999995,0.0037999999999999146,0.03369999999999995
001.png,0.9224,1.0,1.0,0.9172,1.0,0.0776,0.0776,0.005199999999999982,0.0776
001.png,0.9224,1.0,1.0,0.9172,1.0,0.0776,0.0776,0.005199999999999982,0.0776
001.png,0.9224,1.0,1.0,0.9172,0.8559,0.0776,0.0776,0.005199999999999982,0.0665
001.png,0.9224,1.0,1.0,0.9172,1.0,0.0776,0.0776,0.005199999999999982,0.0776
001.png,0.9224,1.0,1.0,0.9172,1.0,0.0776,0.0776,0.005199999999999982,0.0776
001.png,0.9224,1.0,1.0,0.9172,1.0,0.0776,0.0776,0.005199999999999982,0.0776
001.png,0.9224,1.0,1.0,0.9172,0.8559,0.0776,0.0776,0.005199999999999982,0.0665
001.png,0.9224,1.0,1.0,0.9172,1.0,0.0776,0.0776,0.005199999999999982,0.0776
001.png,0.9224,1.0,1.0,0.9172,1.0,0.0776,0.0776,0.005199999999999982,0.0776
001.png,0.9224,1.0,1.0,0.9172,1.0,0.0776,0.0776,0.005199999999999982,0.0776
001.png,0.9224,1.0,1.0,0.9172,0.8559,0.0776,0.0776,0.005199999999999982,0.0665
001.png,0.9224,1.0,1.0,0.9172,1.0,0.0776,0.0776,0.005199999999999982,0.0776
001.png,0.9224,1.0,1.0,0.9172,1.0,0.0776,0.0776,0.005199999999999982,0.0776
001.png,0.9224,1.0,1.0,0.9172,1.0,0.0776,0.0776,0.005199999999999982,0.0776
001.png,0.9224,1.0,1.0,0.9172,0.8559,0.0776,0.0776,0.005199999999999982,0.0665
001.png,0.9224,1.0,1.0,0.9172,1.0,0.0776,0.0776,0.005199999999999982,0.0776
001.png,0.9224,1.0,1.0,0.9172,1.0,0.0776,0.0776,0.005199999999999982,0.0776
001.png,0.9224,1.0,1.0,0.9172,1.0,0.0776,0.0776,0.005199999999999982,0.0776
001.png,0.9224,1.0,1.0,0.9172,0.8559,0.0776,0.0776,0.005199999999999982,0.0665
001.png,0.9224,1.0,1.0,0.9172,1.0,0.0776,0.0776,0.005199999999999982,0.0776
001.png,0.9224,1.0,1.0,0.9172,1.0,0.0776,0.0776,0.005199999999999982,0.0776
001.png,0.9224,1.0,1.0,0.9172,1.0,0.0776,0.0776,0.005199999999999982,0.0776
001.png,0.9224,1.0,1.0,0.9172,0.8559,0.0776,0.0776,0.005199999999999982,0.0665
001.png,0.9224,1.0,1.0,0.9172,1.0,0.0776,0.0776,0.005199999999999982,0.0776
001.png,0.9224,1.0,1.0,0.9172,1.0,0.0776,0.0776,0.005199999999999982,0.0776
001.png,0.9224,1.0,1.0,0.9172,1.0,0.0776,0.0776,0.005199999999999982,0.0776
001.png,0.9224,1.0,1.0,0.9172,0.8559,0.0776,0.0776,0.005199999999999982,0.0665
001.png,0.9224,1.0,1.0,0.9172,1.0,0.0776,0.0776,0.005199999999999982,0.0776
001.png,0.9224,1.0,1.0,0.9172,1.0,0.0776,0.0776,0.005199999999999982,0.0776
001.png,0.9224,1.0,1.0,0.9172,1.0,0.0776,0.0776,0.005199999999999982,0.0776
001.png,0.9224,1.0,1.0,0.9172,0.8559,0.0776,0.0776,0.005199999999999982,0.0665
001.png,0.9224,1.0,1.0,0.9172,1.0,0.0776,0.0776,0.005199999999999982,0.0776
001.png,0.9224,1.0,1.0,0.9172,1.0,0.0776,0.0776,0.005199999999999982,0.0776
001.png,0.9224,1.0,1.0,0.9172,1.0,0.0776,0.0776,0.005199999999999982,0.0776
001.png,0.9224,1.0,1.0,0.9172,0.8559,0.0776,0.0776,0.005199999999999982,0.0665
001.png,0.9224,1.0,1.0,0.9172,1.0,0.0776,0.0776,0.005199999999999982,0.0776
001.png,0.9224,1.0,1.0,0.9172,1.0,0.0776,0.0776,0.005199999999999982,0.0776
001.png,0.9224,1.0,1.0,0.9172,1.0,0.0776,0.0776,0.005199999999999982,0.0776
001.png,0.9224,1.0,1.0,0.9172,0.8559,0.0776,0.0776,0.005199999999999982,0.0665
001.png,0.9224,1.0,1.0,0.9172,1.0,0.0776,0.0776,0.005199999999999982,0.0776
001.png,0.9224,1.0,1.0,0.9172,1.0,0.0776,0.0776,0.005199999999999982,0.0776
001.png,0.9224,1.0,1.0,0.9172,1.0,0.0776,0.0776,0.005199999999999982,0.0776
001.png,0.9224,1.0,1.0,0.9172,0.8559,0.0776,0.0776,0.005199999999999982,0.0665
001.png,0.9224,1.0,1.0,0.9172,1.0,0.0776,0.0776,0.005199999999999982,0.0776
001.png,0.9224,1.0,1.0,0.9172,1.0,0.0776,0.0776,0.005199999999999982,0.0776
001.png,0.9224,1.0,1.0,0.9172,1.0,0.0776,0.0776,0.005199999999999982,0.0776
001.png,0.9224,1.0,1.0,0.9172,0.8559,0.0776,0.0776,0.005199999999999982,0.0665
001.png,0.9224,1.0,1.0,0.9172,1.0,0.0776,0.0776,0.005199999999999982,0.0776
001.png,0.9224,1.0,1.0,0.9172,1.0,0.0776,0.0776,0.005199999999999982,0.0776
001.png,0.9224,1.0,1.0,0.9172,1.0,0.0776,0.0776,0.005199999999999982,0.0776
001.png,0.9224,1.0,1.0,0.9172,0.8559,0.0776,0.0776,0.005199999999999982,0.0665
001.png,0.9224,1.0,1.0,0.9172,1.0,0.0776,0.0776,0.005199999999999982,0.0776
001.png,0.9224,1.0,1.0,0.9172,1.0,0.0776,0.0776,0.005199999999999982,0.0776
001.png,0.9224,1.0,1.0,0.9172,1.0,0.0776,0.0776,0.005199999999999982,0.0776
001.png,0.9224,1.0,1.0,0.9172,0.8559,0.0776,0.0776,0.005199999999999982,0.0665
001.png,0.9224,1.0,1.0,0.9172,1.0,0.0776,0.0776,0.005199999999999982,0.0776
001.png,0.9224,1.0,1.0,0.9172,1.0,0.0776,0.0776,0.005199999999999982,0.0776
001.png,0.9224,1.0,1.0,0.9172,1.0,0.0776,0.0776,0.005199999999999982,0.0776
001.png,0.9224,1.0,1.0,0.9172,0.8559,0.0776,0.0776,0.005199999999999982,0.0665
001.png,0.9224,1.0,1.0,0.9172,1.0,0.0776,0.0776,0.005199999999999982,0.0776
001.png,0.9224,1.0,1.0,0.9172,1.0,0.0776,0.0776,0.005199999999999982,0.0776
001.png,0.9224,1.0,1.0,0.9172,1.0,0.0776,0.0776,0.005199999999999982,0.0776
001.png,0.9224,1.0,1.0,0.9172,0.8559,0.0776,0.0776,0.005199999999999982,0.0665
001.png,0.9224,1.0,1.0,0.9172,1.0,0.0776,0.0776,0.005199999999999982,0.0776
011.png,0.905,1.0,1.0,0.9204,1.0,0.09499999999999997,0.09499999999999997,0.01539999999999997,0.09499999999999997
011.png,0.905,1.0,1.0,0.9204,1.0,0.09499999999999997,0.09499999999999997,0.01539999999999997,0.09499999999999997
011.png,0.905,1.0,1.0,0.9204,0.7127,0.09499999999999997,0.09499999999999997,0.01539999999999997,0.19230000000000003
011.png,0.905,1.0,1.0,0.9204,1.0,0.09499999999999997,0.09499999999999997,0.01539999999999997,0.09499999999999997
011.png,0.905,1.0,1.0,0.9204,1.0,0.09499999999999997,0.09499999999999997,0.01539999999999997,0.09499999999999997
011.png,0.905,1.0,1.0,0.9204,1.0,0.09499999999999997,0.09499999999999997,0.01539999999999997,0.09499999999999997
011.png,0.905,1.0,1.0,0.9204,0.7127,0.09499999999999997,0.09499999999999997,0.01539999999999997,0.19230000000000003
011.png,0.905,1.0,1.0,0.9204,1.0,0.09499999999999997,0.09499999999999997,0.01539999999999997,0.09499999999999997
011.png,0.905,1.0,0.6371,0.9204,1.0,0.09499999999999997,0.2679,0.01539999999999997,0.09499999999999997
011.png,0.905,1.0,0.6371,0.9204,1.0,0.09499999999999997,0.2679,0.01539999999999997,0.09499999999999997
011.png,0.905,1.0,0.6371,0.9204,0.7127,0.09499999999999997,0.2679,0.01539999999999997,0.19230000000000003
011.png,0.905,1.0,0.6371,0.9204,1.0,0.09499999999999997,0.2679,0.01539999999999997,0.09499999999999997
011.png,0.905,1.0,1.0,0.9204,1.0,0.09499999999999997,0.09499999999999997,0.01539999999999997,0.09499999999999997
011.png,0.905,1.0,1.0,0.9204,1.0,0.09499999999999997,0.09499999999999997,0.01539999999999997,0.09499999999999997
011.png,0.905,1.0,1.0,0.9204,0.7127,0.09499999999999997,0.09499999999999997,0.01539999999999997,0.19230000000000003
011.png,0.905,1.0,1.0,0.9204,1.0,0.09499999999999997,0.09499999999999997,0.01539999999999997,0.09499999999999997
011.png,0.905,1.0,1.0,0.9204,1.0,0.09499999999999997,0.09499999999999997,0.01539999999999997,0.09499999999999997
011.png,0.905,1.0,1.0,0.9204,1.0,0.09499999999999997,0.09499999999999997,0.01539999999999997,0.09499999999999997
011.png,0.905,1.0,1.0,0.9204,0.7127,0.09499999999999997,0.09499999999999997,0.01539999999999997,0.19230000000000003
011.png,0.905,1.0,1.0,0.9204,1.0,0.09499999999999997,0.09499999999999997,0.01539999999999997,0.09499999999999997
011.png,0.905,1.0,1.0,0.9204,1.0,0.09499999999999997,0.09499999999999997,0.01539999999999997,0.09499999999999997
011.png,0.905,1.0,1.0,0.9204,1.0,0.09499999999999997,0.09499999999999997,0.01539999999999997,0.09499999999999997
011.png,0.905,1.0,1.0,0.9204,0.7127,0.09499999999999997,0.09499999999999997,0.01539999999999997,0.19230000000000003
011.png,0.905,1.0,1.0,0.9204,1.0,0.09499999999999997,0.09499999999999997,0.01539999999999997,0.09499999999999997
011.png,0.905,1.0,0.6371,0.9204,1.0,0.09499999999999997,0.2679,0.01539999999999997,0.09499999999999997
011.png,0.905,1.0,0.6371,0.9204,1.0,0.09499999999999997,0.2679,0.01539999999999997,0.09499999999999997
011.png,0.905,1.0,0.6371,0.9204,0.7127,0.09499999999999997,0.2679,0.01539999999999997,0.19230000000000003
011.png,0.905,1.0,0.6371,0.9204,1.0,0.09499999999999997,0.2679,0.01539999999999997,0.09499999999999997
011.png,0.905,1.0,1.0,0.9204,1.0,0.09499999999999997,0.09499999999999997,0.01539999999999997,0.09499999999999997
011.png,0.905,1.0,1.0,0.9204,1.0,0.09499999999999997,0.09499999999999997,0.01539999999999997,0.09499999999999997
011.png,0.905,1.0,1.0,0.9204,0.7127,0.09499999999999997,0.09499999999999997,0.01539999999999997,0.19230000000000003
011.png,0.905,1.0,1.0,0.9204,1.0,0.09499999999999997,0.09499999999999997,0.01539999999999997,0.09499999999999997
011.png,0.905,0.6655,1.0,0.9204,1.0,0.23950000000000005,0.09499999999999997,0.01539999999999997,0.09499999999999997
011.png,0.905,0.6655,1.0,0.9204,1.0,0.23950000000000005,0.09499999999999997,0.01539999999999997,0.09499999999999997
011.png,0.905,0.6655,1.0,0.9204,0.7127,0.23950000000000005,0.09499999999999997,0.01539999999999997,0.19230000000000003
011.png,0.905,0.6655,1.0,0.9204,1.0,0.23950000000000005,0.09499999999999997,0.01539999999999997,0.09499999999999997
011.png,0.905,0.6655,1.0,0.9204,1.0,0.23950000000000005,0.09499999999999997,0.01539999999999997,0.09499999999999997
011.png,0.905,0.6655,1.0,0.9204,1.0,0.23950000000000005,0.09499999999999997,0.01539999999999997,0.09499999999999997
011.png,0.905,0.6655,1.0,0.9204,0.7127,0.23950000000000005,0.09499999999999997,0.01539999999999997,0.19230000000000003
011.png,0.905,0.6655,1.0,0.9204,1.0,0.23950000000000005,0.09499999999999997,0.01539999999999997,0.09499999999999997
011.png,0.905,0.6655,0.6371,0.9204,1.0,0.23950000000000005,0.2679,0.01539999999999997,0.09499999999999997
011.png,0.905,0.6655,0.6371,0.9204,1.0,0.23950000000000005,0.2679,0.01539999999999997,0.09499999999999997
011.png,0.905,0.6655,0.6371,0.9204,0.7127,0.23950000000000005,0.2679,0.01539999999999997,0.19230000000000003
011.png,0.905,0.6655,0.6371,0.9204,1.0,0.23950000000000005,0.2679,0.01539999999999997,0.09499999999999997
011.png,0.905,0.6655,1.0,0.9204,1.0,0.23950000000000005,0.09499999999999997,0.01539999999999997,0.09499999999999997
011.png,0.905,0.6655,1.0,0.9204,1.0,0.23950000000000005,0.09499999999999997,0.01539999999999997,0.09499999999999997
011.png,0.905,0.6655,1.0,0.9204,0.7127,0.23950000000000005,0.09499999999999997,0.01539999999999997,0.19230000000000003
011.png,0.905,0.6655,1.0,0.9204,1.0,0.23950000000000005,0.09499999999999997,0.01539999999999997,0.09499999999999997
011.png,0.905,1.0,1.0,0.9204,1.0,0.09499999999999997,0.09499999999999997,0.01539999999999997,0.09499999999999997
011.png,0.905,1.0,1.0,0.9204,1.0,0.09499999999999997,0.09499999999999997,0.01539999999999997,0.09499999999999997
011.png,0.905,1.0,1.0,0.9204,0.7127,0.09499999999999997,0.09499999999999997,0.01539999999999997,0.19230000000000003
011.png,0.905,1.0,1.0,0.9204,1.0,0.09499999999999997,0.09499999999999997,0.01539999999999997,0.09499999999999997
011.png,0.905,1.0,1.0,0.9204,1.0,0.09499999999999997,0.09499999999999997,0.01539999999999997,0.09499999999999997
011.png,0.905,1.0,1.0,0.9204,1.0,0.09499999999999997,0.09499999999999997,0.01539999999999997,0.09499999999999997
011.png,0.905,1.0,1.0,0.9204,0.7127,0.09499999999999997,0.09499999999999997,0.01539999999999997,0.19230000000000003
011.png,0.905,1.0,1.0,0.9204,1.0,0.09499999999999997,0.09499999999999997,0.01539999999999997,0.09499999999999997
011.png,0.905,1.0,0.6371,0.9204,1.0,0.09499999999999997,0.2679,0.01539999999999997,0.09499999999999997
011.png,0.905,1.0,0.6371,0.9204,1.0,0.09499999999999997,0.2679,0.01539999999999997,0.09499999999999997
011.png,0.905,1.0,0.6371,0.9204,0.7127,0.09499999999999997,0.2679,0.01539999999999997,0.19230000000000003
011.png,0.905,1.0,0.6371,0.9204,1.0,0.09499999999999997,0.2679,0.01539999999999997,0.09499999999999997
011.png,0.905,1.0,1.0,0.9204,1.0,0.09499999999999997,0.09499999999999997,0.01539999999999997,0.09499999999999997
011.png,0.905,1.0,1.0,0.9204,1.0,0.09499999999999997,0.09499999999999997,0.01539999999999997,0.09499999999999997
011.png,0.905,1.0,1.0,0.9204,0.7127,0.09499999999999997,0.09499999999999997,0.01539999999999997,0.19230000000000003
011.png,0.905,1.0,1.0,0.9204,1.0,0.09499999999999997,0.09499999999999997,0.01539999999999997,0.09499999999999997
000.png,0.8731,1.0,1.0,0.8829,1.0,0.1269,0.1269,0.009800000000000031,0.1269
000.png,0.8731,1.0,1.0,0.8829,1.0,0.1269,0.1269,0.009800000000000031,0.1269
000.png,0.8731,1.0,1.0,0.8829,0.7484,0.1269,0.1269,0.009800000000000031,0.12470000000000003
000.png,0.8731,1.0,1.0,0.8829,1.0,0.1269,0.1269,0.009800000000000031,0.1269
000.png,0.8731,1.0,1.0,0.8829,1.0,0.1269,0.1269,0.009800000000000031,0.1269
000.png,0.8731,1.0,1.0,0.8829,1.0,0.1269,0.1269,0.009800000000000031,0.1269
000.png,0.8731,1.0,1.0,0.8829,0.7484,0.1269,0.1269,0.009800000000000031,0.12470000000000003
000.png,0.8731,1.0,1.0,0.8829,1.0,0.1269,0.1269,0.009800000000000031,0.1269
000.png,0.8731,1.0,0.9267,0.8829,1.0,0.1269,0.05359999999999998,0.009800000000000031,0.1269
000.png,0.8731,1.0,0.9267,0.8829,1.0,0.1269,0.05359999999999998,0.009800000000000031,0.1269
000.png,0.8731,1.0,0.9267,0.8829,0.7484,0.1269,0.05359999999999998,0.009800000000000031,0.12470000000000003
000.png,0.8731,1.0,0.9267,0.8829,1.0,0.1269,0.05359999999999998,0.009800000000000031,0.1269
000.png,0.8731,1.0,1.0,0.8829,1.0,0.1269,0.1269,0.009800000000000031,0.1269
000.png,0.8731,1.0,1.0,0.8829,1.0,0.1269,0.1269,0.009800000000000031,0.1269
000.png,0.8731,1.0,1.0,0.8829,0.7484,0.1269,0.1269,0.009800000000000031,0.12470000000000003
000.png,0.8731,1.0,1.0,0.8829,1.0,0.1269,0.1269,0.009800000000000031,0.1269
000.png,0.8731,1.0,1.0,0.8829,1.0,0.1269,0.1269,0.009800000000000031,0.1269
000.png,0.8731,1.0,1.0,0.8829,1.0,0.1269,0.1269,0.009800000000000031,0.1269
000.png,0.8731,1.0,1.0,0.8829,0.7484,0.1269,0.1269,0.009800000000000031,0.12470000000000003
000.png,0.8731,1.0,1.0,0.8829,1.0,0.1269,0.1269,0.009800000000000031,0.1269
000.png,0.8731,1.0,1.0,0.8829,1.0,0.1269,0.1269,0.009800000000000031,0.1269
000.png,0.8731,1.0,1.0,0.8829,1.0,0.1269,0.1269,0.009800000000000031,0.1269
000.png,0.8731,1.0,1.0,0.8829,0.7484,0.1269,0.1269,0.009800000000000031,0.12470000000000003
000.png,0.8731,1.0,1.0,0.8829,1.0,0.1269,0.1269,0.009800000000000031,0.1269
000.png,0.8731,1.0,0.9267,0.8829,1.0,0.1269,0.05359999999999998,0.009800000000000031,0.1269
000.png,0.8731,1.0,0.9267,0.8829,1.0,0.1269,0.05359999999999998,0.009800000000000031,0.1269
000.png,0.8731,1.0,0.9267,0.8829,0.7484,0.1269,0.05359999999999998,0.009800000000000031,0.12470000000000003
000.png,0.8731,1.0,0.9267,0.8829,1.0,0.1269,0.05359999999999998,0.009800000000000031,0.1269
000.png,0.8731,1.0,1.0,0.8829,1.0,0.1269,0.1269,0.009800000000000031,0.1269
000.png,0.8731,1.0,1.0,0.8829,1.0,0.1269,0.1269,0.009800000000000031,0.1269
000.png,0.8731,1.0,1.0,0.8829,0.7484,0.1269,0.1269,0.009800000000000031,0.12470000000000003
000.png,0.8731,1.0,1.0,0.8829,1.0,0.1269,0.1269,0.009800000000000031,0.1269
000.png,0.8731,0.9492,1.0,0.8829,1.0,0.07610000000000006,0.1269,0.009800000000000031,0.1269
000.png,0.8731,0.9492,1.0,0.8829,1.0,0.07610000000000006,0.1269,0.009800000000000031,0.1269
000.png,0.8731,0.9492,1.0,0.8829,0.7484,0.07610000000000006,0.1269,0.009800000000000031,0.12470000000000003
000.png,0.8731,0.9492,1.0,0.8829,1.0,0.07610000000000006,0.1269,0.009800000000000031,0.1269
000.png,0.8731,0.9492,1.0,0.8829,1.0,0.07610000000000006,0.1269,0.009800000000000031,0.1269
000.png,0.8731,0.9492,1.0,0.8829,1.0,0.07610000000000006,0.1269,0.009800000000000031,0.1269
000.png,0.8731,0.9492,1.0,0.8829,0.7484,0.07610000000000006,0.1269,0.009800000000000031,0.12470000000000003
000.png,0.8731,0.9492,1.0,0.8829,1.0,0.07610000000000006,0.1269,0.009800000000000031,0.1269
000.png,0.8731,0.9492,0.9267,0.8829,1.0,0.07610000000000006,0.05359999999999998,0.009800000000000031,0.1269
000.png,0.8731,0.9492,0.9267,0.8829,1.0,0.07610000000000006,0.05359999999999998,0.009800000000000031,0.1269
000.png,0.8731,0.9492,0.9267,0.8829,0.7484,0.07610000000000006,0.05359999999999998,0.009800000000000031,0.12470000000000003
000.png,0.8731,0.9492,0.9267,0.8829,1.0,0.07610000000000006,0.05359999999999998,0.009800000000000031,0.1269
000.png,0.8731,0.9492,1.0,0.8829,1.0,0.07610000000000006,0.1269,0.009800000000000031,0.1269
000.png,0.8731,0.9492,1.0,0.8829,1.0,0.07610000000000006,0.1269,0.009800000000000031,0.1269
000.png,0.8731,0.9492,1.0,0.8829,0.7484,0.07610000000000006,0.1269,0.009800000000000031,0.12470000000000003
000.png,0.8731,0.9492,1.0,0.8829,1.0,0.07610000000000006,0.1269,0.009800000000000031,0.1269
000.png,0.8731,1.0,1.0,0.8829,1.0,0.1269,0.1269,0.009800000000000031,0.1269
000.png,0.8731,1.0,1.0,0.8829,1.0,0.1269,0.1269,0.009800000000000031,0.1269
000.png,0.8731,1.0,1.0,0.8829,0.7484,0.1269,0.1269,0.009800000000000031,0.12470000000000003
000.png,0.8731,1.0,1.0,0.8829,1.0,0.1269,0.1269,0.009800000000000031,0.1269
000.png,0.8731,1.0,1.0,0.8829,1.0,0.1269,0.1269,0.009800000000000031,0.1269
000.png,0.8731,1.0,1.0,0.8829,1.0,0.1269,0.1269,0.009800000000000031,0.1269
000.png,0.8731,1.0,1.0,0.8829,0.7484,0.1269,0.1269,0.009800000000000031,0.12470000000000003
000.png,0.8731,1.0,1.0,0.8829,1.0,0.1269,0.1269,0.009800000000000031,0.1269
000.png,0.8731,1.0,0.9267,0.8829,1.0,0.1269,0.05359999999999998,0.009800000000000031,0.1269
000.png,0.8731,1.0,0.9267,0.8829,1.0,0.1269,0.05359999999999998,0.009800000000000031,0.1269
000.png,0.8731,1.0,0.9267,0.8829,0.7484,0.1269,0.05359999999999998,0.009800000000000031,0.12470000000000003
000.png,0.8731,1.0,0.9267,0.8829,1.0,0.1269,0.05359999999999998,0.009800000000000031,0.1269
000.png,0.8731,1.0,1.0,0.8829,1.0,0.1269,0.1269,0.009800000000000031,0.1269
000.png,0.8731,1.0,1.0,0.8829,1.0,0.1269,0.1269,0.009800000000000031,0.1269
000.png,0.8731,1.0,1.0,0.8829,0.7484,0.1269,0.1269,0.009800000000000031,0.12470000000000003
000.png,0.8731,1.0,1.0,0.8829,1.0,0.1269,0.1269,0.009800000000000031,0.1269
021.png,0.9426,1.0,1.0,0.9644,1.0,0.05740000000000001,0.05740000000000001,0.02180000000000004,0.05740000000000001
010.png,0.9118,1.0,1.0,0.9186,1.0,0.08819999999999995,0.08819999999999995,0.006799999999999917,0.08819999999999995
010.png,0.9118,1.0,1.0,0.9186,1.0,0.08819999999999995,0.08819999999999995,0.006799999999999917,0.08819999999999995
010.png,0.9118,1.0,1.0,0.9186,1.0,0.08819999999999995,0.08819999999999995,0.006799999999999917,0.08819999999999995
010.png,0.9118,1.0,1.0,0.9186,1.0,0.08819999999999995,0.08819999999999995,0.006799999999999917,0.08819999999999995
010.png,0.9118,1.0,1.0,0.9186,1.0,0.08819999999999995,0.08819999999999995,0.006799999999999917,0.08819999999999995
010.png,0.9118,1.0,1.0,0.9186,1.0,0.08819999999999995,0.08819999999999995,0.006799999999999917,0.08819999999999995
010.png,0.9118,1.0,1.0,0.9186,1.0,0.08819999999999995,0.08819999999999995,0.006799999999999917,0.08819999999999995
010.png,0.9118,1.0,1.0,0.9186,1.0,0.08819999999999995,0.08819999999999995,0.006799999999999917,0.08819999999999995
010.png,0.9118,1.0,1.0,0.9186,1.0,0.08819999999999995,0.08819999999999995,0.006799999999999917,0.08819999999999995
010.png,0.9118,1.0,1.0,0.9186,1.0,0.08819999999999995,0.08819999999999995,0.006799999999999917,0.08819999999999995
010.png,0.9118,1.0,1.0,0.9186,1.0,0.08819999999999995,0.08819999999999995,0.006799999999999917,0.08819999999999995
010.png,0.9118,1.0,1.0,0.9186,1.0,0.08819999999999995,0.08819999999999995,0.006799999999999917,0.08819999999999995
010.png,0.9118,1.0,1.0,0.9186,1.0,0.08819999999999995,0.08819999999999995,0.006799999999999917,0.08819999999999995
010.png,0.9118,1.0,1.0,0.9186,1.0,0.08819999999999995,0.08819999999999995,0.006799999999999917,0.08819999999999995
010.png,0.9118,1.0,1.0,0.9186,1.0,0.08819999999999995,0.08819999999999995,0.006799999999999917,0.08819999999999995
010.png,0.9118,1.0,1.0,0.9186,1.0,0.08819999999999995,0.08819999999999995,0.006799999999999917,0.08819999999999995
010.png,0.9118,1.0,1.0,0.9186,1.0,0.08819999999999995,0.08819999999999995,0.006799999999999917,0.08819999999999995
010.png,0.9118,1.0,1.0,0.9186,1.0,0.08819999999999995,0.08819999999999995,0.006799999999999917,0.08819999999999995
010.png,0.9118,1.0,1.0,0.9186,1.0,0.08819999999999995,0.08819999999999995,0.006799999999999917,0.08819999999999995
010.png,0.9118,1.0,1.0,0.9186,1.0,0.08819999999999995,0.08819999999999995,0.006799999999999917,0.08819999999999995
010.png,0.9118,1.0,1.0,0.9186,1.0,0.08819999999999995,0.08819999999999995,0.006799999999999917,0.08819999999999995
010.png,0.9118,1.0,1.0,0.9186,1.0,0.08819999999999995,0.08819999999999995,0.006799999999999917,0.08819999999999995
010.png,0.9118,1.0,1.0,0.9186,1.0,0.08819999999999995,0.08819999999999995,0.006799999999999917,0.08819999999999995
010.png,0.9118,1.0,1.0,0.9186,1.0,0.08819999999999995,0.08819999999999995,0.006799999999999917,0.08819999999999995
010.png,0.9118,1.0,1.0,0.9186,1.0,0.08819999999999995,0.08819999999999995,0.006799999999999917,0.08819999999999995
010.png,0.9118,1.0,1.0,0.9186,1.0,0.08819999999999995,0.08819999999999995,0.006799999999999917,0.08819999999999995
010.png,0.9118,1.0,1.0,0.9186,1.0,0.08819999999999995,0.08819999999999995,0.006799999999999917,0.08819999999999995
010.png,0.9118,1.0,1.0,0.9186,1.0,0.08819999999999995,0.08819999999999995,0.006799999999999917,0.08819999999999995
010.png,0.9118,1.0,1.0,0.9186,1.0,0.08819999999999995,0.08819999999999995,0.006799999999999917,0.08819999999999995
010.png,0.9118,1.0,1.0,0.9186,1.0,0.08819999999999995,0.08819999999999995,0.006799999999999917,0.08819999999999995
010.png,0.9118,1.0,1.0,0.9186,1.0,0.08819999999999995,0.08819999999999995,0.006799999999999917,0.08819999999999995
010.png,0.9118,1.0,1.0,0.9186,1.0,0.08819999999999995,0.08819999999999995,0.006799999999999917,0.08819999999999995
010.png,0.9118,1.0,1.0,0.9186,1.0,0.08819999999999995,0.08819999999999995,0.006799999999999917,0.08819999999999995
010.png,0.9118,1.0,1.0,0.9186,1.0,0.08819999999999995,0.08819999999999995,0.006799999999999917,0.08819999999999995
010.png,0.9118,1.0,1.0,0.9186,1.0,0.08819999999999995,0.08819999999999995,0.006799999999999917,0.08819999999999995
010.png,0.9118,1.0,1.0,0.9186,1.0,0.08819999999999995,0.08819999999999995,0.006799999999999917,0.08819999999999995
010.png,0.9118,1.0,1.0,0.9186,1.0,0.08819999999999995,0.08819999999999995,0.006799999999999917,0.08819999999999995
010.png,0.9118,1.0,1.0,0.9186,1.0,0.08819999999999995,0.08819999999999995,0.006799999999999917,0.08819999999999995
010.png,0.9118,1.0,1.0,0.9186,1.0,0.08819999999999995,0.08819999999999995,0.006799999999999917,0.08819999999999995
010.png,0.9118,1.0,1.0,0.9186,1.0,0.08819999999999995,0.08819999999999995,0.006799999999999917,0.08819999999999995
010.png,0.9118,1.0,1.0,0.9186,1.0,0.08819999999999995,0.08819999999999995,0.006799999999999917,0.08819999999999995
010.png,0.9118,1.0,1.0,0.9186,1.0,0.08819999999999995,0.08819999999999995,0.006799999999999917,0.08819999999999995
010.png,0.9118,1.0,1.0,0.9186,1.0,0.08819999999999995,0.08819999999999995,0.006799999999999917,0.08819999999999995
010.png,0.9118,1.0,1.0,0.9186,1.0,0.08819999999999995,0.08819999999999995,0.006799999999999917,0.08819999999999995
010.png,0.9118,1.0,1.0,0.9186,1.0,0.08819999999999995,0.08819999999999995,0.006799999999999917,0.08819999999999995
010.png,0.9118,1.0,1.0,0.9186,1.0,0.08819999999999995,0.08819999999999995,0.006799999999999917,0.08819999999999995
010.png,0.9118,1.0,1.0,0.9186,1.0,0.08819999999999995,0.08819999999999995,0.006799999999999917,0.08819999999999995
010.png,0.9118,1.0,1.0,0.9186,1.0,0.08819999999999995,0.08819999999999995,0.006799999999999917,0.08819999999999995
010.png,0.9118,1.0,1.0,0.9186,1.0,0.08819999999999995,0.08819999999999995,0.006799999999999917,0.08819999999999995
010.png,0.9118,1.0,1.0,0.9186,1.0,0.08819999999999995,0.08819999999999995,0.006799999999999917,0.08819999999999995
010.png,0.9118,1.0,1.0,0.9186,1.0,0.08819999999999995,0.08819999999999995,0.006799999999999917,0.08819999999999995
010.png,0.9118,1.0,1.0,0.9186,1.0,0.08819999999999995,0.08819999999999995,0.006799999999999917,0.08819999999999995
010.png,0.9118,1.0,1.0,0.9186,1.0,0.08819999999999995,0.08819999999999995,0.006799999999999917,0.08819999999999995
010.png,0.9118,1.0,1.0,0.9186,1.0,0.08819999999999995,0.08819999999999995,0.006799999999999917,0.08819999999999995
010.png,0.9118,1.0,1.0,0.9186,1.0,0.08819999999999995,0.08819999999999995,0.006799999999999917,0.08819999999999995
010.png,0.9118,1.0,1.0,0.9186,1.0,0.08819999999999995,0.08819999999999995,0.006799999999999917,0.08819999999999995
010.png,0.9118,1.0,1.0,0.9186,1.0,0.08819999999999995,0.08819999999999995,0.006799999999999917,0.08819999999999995
010.png,0.9118,1.0,1.0,0.9186,1.0,0.08819999999999995,0.08819999999999995,0.006799999999999917,0.08819999999999995
010.png,0.9118,1.0,1.0,0.9186,1.0,0.08819999999999995,0.08819999999999995,0.006799999999999917,0.08819999999999995
010.png,0.9118,1.0,1.0,0.9186,1.0,0.08819999999999995,0.08819999999999995,0.006799999999999917,0.08819999999999995
010.png,0.9118,1.0,1.0,0.9186,1.0,0.08819999999999995,0.08819999999999995,0.006799999999999917,0.08819999999999995
010.png,0.9118,1.0,1.0,0.9186,1.0,0.08819999999999995,0.08819999999999995,0.006799999999999917,0.08819999999999995
010.png,0.9118,1.0,1.0,0.9186,1.0,0.08819999999999995,0.08819999999999995,0.006799999999999917,0.08819999999999995
010.png,0.9118,1.0,1.0,0.9186,1.0,0.08819999999999995,0.08819999999999995,0.006799999999999917,0.08819999999999995
012.png,0.9164,1.0,1.0,0.9179,1.0,0.08360000000000001,0.08360000000000001,0.0015000000000000568,0.08360000000000001
012.png,0.9164,1.0,1.0,0.9179,0.99,0.08360000000000001,0.08360000000000001,0.0015000000000000568,0.0736
012.png,0.9164,1.0,1.0,0.9179,0.761,0.08360000000000001,0.08360000000000001,0.0015000000000000568,0.15539999999999998
012.png,0.9164,1.0,1.0,0.9179,1.0,0.08360000000000001,0.08360000000000001,0.0015000000000000568,0.08360000000000001
012.png,0.9164,1.0,1.0,0.9179,1.0,0.08360000000000001,0.08360000000000001,0.0015000000000000568,0.08360000000000001
012.png,0.9164,1.0,1.0,0.9179,0.99,0.08360000000000001,0.08360000000000001,0.0015000000000000568,0.0736
012.png,0.9164,1.0,1.0,0.9179,0.761,0.08360000000000001,0.08360000000000001,0.0015000000000000568,0.15539999999999998
012.png,0.9164,1.0,1.0,0.9179,1.0,0.08360000000000001,0.08360000000000001,0.0015000000000000568,0.08360000000000001
012.png,0.9164,1.0,0.9078,0.9179,1.0,0.08360000000000001,0.008599999999999941,0.0015000000000000568,0.08360000000000001
012.png,0.9164,1.0,0.9078,0.9179,0.99,0.08360000000000001,0.008599999999999941,0.0015000000000000568,0.0736
012.png,0.9164,1.0,0.9078,0.9179,0.761,0.08360000000000001,0.008599999999999941,0.0015000000000000568,0.15539999999999998
012.png,0.9164,1.0,0.9078,0.9179,1.0,0.08360000000000001,0.008599999999999941,0.0015000000000000568,0.08360000000000001
012.png,0.9164,1.0,1.0,0.9179,1.0,0.08360000000000001,0.08360000000000001,0.0015000000000000568,0.08360000000000001
012.png,0.9164,1.0,1.0,0.9179,0.99,0.08360000000000001,0.08360000000000001,0.0015000000000000568,0.0736
012.png,0.9164,1.0,1.0,0.9179,0.761,0.08360000000000001,0.08360000000000001,0.0015000000000000568,0.15539999999999998
012.png,0.9164,1.0,1.0,0.9179,1.0,0.08360000000000001,0.08360000000000001,0.0015000000000000568,0.08360000000000001
012.png,0.9164,1.0,1.0,0.9179,1.0,0.08360000000000001,0.08360000000000001,0.0015000000000000568,0.08360000000000001
012.png,0.9164,1.0,1.0,0.9179,0.99,0.08360000000000001,0.08360000000000001,0.0015000000000000568,0.0736
012.png,0.9164,1.0,1.0,0.9179,0.761,0.08360000000000001,0.08360000000000001,0.0015000000000000568,0.15539999999999998
012.png,0.9164,1.0,1.0,0.9179,1.0,0.08360000000000001,0.08360000000000001,0.0015000000000000568,0.08360000000000001
012.png,0.9164,1.0,1.0,0.9179,1.0,0.08360000000000001,0.08360000000000001,0.0015000000000000568,0.08360000000000001
012.png,0.9164,1.0,1.0,0.9179,0.99,0.08360000000000001,0.08360000000000001,0.0015000000000000568,0.0736
012.png,0.9164,1.0,1.0,0.9179,0.761,0.08360000000000001,0.08360000000000001,0.0015000000000000568,0.15539999999999998
012.png,0.9164,1.0,1.0,0.9179,1.0,0.08360000000000001,0.08360000000000001,0.0015000000000000568,0.08360000000000001
012.png,0.9164,1.0,0.9078,0.9179,1.0,0.08360000000000001,0.008599999999999941,0.0015000000000000568,0.08360000000000001
012.png,0.9164,1.0,0.9078,0.9179,0.99,0.08360000000000001,0.008599999999999941,0.0015000000000000568,0.0736
012.png,0.9164,1.0,0.9078,0.9179,0.761,0.08360000000000001,0.008599999999999941,0.0015000000000000568,0.15539999999999998
012.png,0.9164,1.0,0.9078,0.9179,1.0,0.08360000000000001,0.008599999999999941,0.0015000000000000568,0.08360000000000001
012.png,0.9164,1.0,1.0,0.9179,1.0,0.08360000000000001,0.08360000000000001,0.0015000000000000568,0.08360000000000001
012.png,0.9164,1.0,1.0,0.9179,0.99,0.08360000000000001,0.08360000000000001,0.0015000000000000568,0.0736
012.png,0.9164,1.0,1.0,0.9179,0.761,0.08360000000000001,0.08360000000000001,0.0015000000000000568,0.15539999999999998
012.png,0.9164,1.0,1.0,0.9179,1.0,0.08360000000000001,0.08360000000000001,0.0015000000000000568,0.08360000000000001
012.png,0.9164,1.0,1.0,0.9179,1.0,0.08360000000000001,0.08360000000000001,0.0015000000000000568,0.08360000000000001
012.png,0.9164,1.0,1.0,0.9179,0.99,0.08360000000000001,0.08360000000000001,0.0015000000000000568,0.0736
012.png,0.9164,1.0,1.0,0.9179,0.761,0.08360000000000001,0.08360000000000001,0.0015000000000000568,0.15539999999999998
012.png,0.9164,1.0,1.0,0.9179,1.0,0.08360000000000001,0.08360000000000001,0.0015000000000000568,0.08360000000000001
012.png,0.9164,1.0,1.0,0.9179,1.0,0.08360000000000001,0.08360000000000001,0.0015000000000000568,0.08360000000000001
012.png,0.9164,1.0,1.0,0.9179,0.99,0.08360000000000001,0.08360000000000001,0.0015000000000000568,0.0736
012.png,0.9164,1.0,1.0,0.9179,0.761,0.08360000000000001,0.08360000000000001,0.0015000000000000568,0.15539999999999998
012.png,0.9164,1.0,1.0,0.9179,1.0,0.08360000000000001,0.08360000000000001,0.0015000000000000568,0.08360000000000001
012.png,0.9164,1.0,0.9078,0.9179,1.0,0.08360000000000001,0.008599999999999941,0.0015000000000000568,0.08360000000000001
012.png,0.9164,1.0,0.9078,0.9179,0.99,0.08360000000000001,0.008599999999999941,0.0015000000000000568,0.0736
012.png,0.9164,1.0,0.9078,0.9179,0.761,0.08360000000000001,0.008599999999999941,0.0015000000000000568,0.15539999999999998
012.png,0.9164,1.0,0.9078,0.9179,1.0,0.08360000000000001,0.008599999999999941,0.0015000000000000568,0.08360000000000001
012.png,0.9164,1.0,1.0,0.9179,1.0,0.08360000000000001,0.08360000000000001,0.0015000000000000568,0.08360000000000001
012.png,0.9164,1.0,1.0,0.9179,0.99,0.08360000000000001,0.08360000000000001,0.0015000000000000568,0.0736
012.png,0.9164,1.0,1.0,0.9179,0.761,0.08360000000000001,0.08360000000000001,0.0015000000000000568,0.15539999999999998
012.png,0.9164,1.0,1.0,0.9179,1.0,0.08360000000000001,0.08360000000000001,0.0015000000000000568,0.08360000000000001
012.png,0.9164,1.0,1.0,0.9179,1.0,0.08360000000000001,0.08360000000000001,0.0015000000000000568,0.08360000000000001
012.png,0.9164,1.0,1.0,0.9179,0.99,0.08360000000000001,0.08360000000000001,0.0015000000000000568,0.0736
012.png,0.9164,1.0,1.0,0.9179,0.761,0.08360000000000001,0.08360000000000001,0.0015000000000000568,0.15539999999999998
012.png,0.9164,1.0,1.0,0.9179,1.0,0.08360000000000001,0.08360000000000001,0.0015000000000000568,0.08360000000000001
012.png,0.9164,1.0,1.0,0.9179,1.0,0.08360000000000001,0.08360000000000001,0.0015000000000000568,0.08360000000000001
012.png,0.9164,1.0,1.0,0.9179,0.99,0.08360000000000001,0.08360000000000001,0.0015000000000000568,0.0736
012.png,0.9164,1.0,1.0,0.9179,0.761,0.08360000000000001,0.08360000000000001,0.0015000000000000568,0.15539999999999998
012.png,0.9164,1.0,1.0,0.9179,1.0,0.08360000000000001,0.08360000000000001,0.0015000000000000568,0.08360000000000001
012.png,0.9164,1.0,0.9078,0.9179,1.0,0.08360000000000001,0.008599999999999941,0.0015000000000000568,0.08360000000000001
012.png,0.9164,1.0,0.9078,0.9179,0.99,0.08360000000000001,0.008599999999999941,0.0015000000000000568,0.0736
012.png,0.9164,1.0,0.9078,0.9179,0.761,0.08360000000000001,0.008599999999999941,0.0015000000000000568,0.15539999999999998
012.png,0.9164,1.0,0.9078,0.9179,1.0,0.08360000000000001,0.008599999999999941,0.0015000000000000568,0.08360000000000001
012.png,0.9164,1.0,1.0,0.9179,1.0,0.08360000000000001,0.08360000000000001,0.0015000000000000568,0.08360000000000001
012.png,0.9164,1.0,1.0,0.9179,0.99,0.08360000000000001,0.08360000000000001,0.0015000000000000568,0.0736
012.png,0.9164,1.0,1.0,0.9179,0.761,0.08360000000000001,0.08360000000000001,0.0015000000000000568,0.15539999999999998
012.png,0.9164,1.0,1.0,0.9179,1.0,0.08360000000000001,0.08360000000000001,0.0015000000000000568,0.08360000000000001
003.png,0.858,1.0,1.0,0.9492,1.0,0.14200000000000002,0.14200000000000002,0.09120000000000006,0.14200000000000002
003.png,0.858,1.0,1.0,0.9492,0.9869,0.14200000000000002,0.14200000000000002,0.09120000000000006,0.12890000000000001
003.png,0.858,1.0,1.0,0.9492,0.769,0.14200000000000002,0.14200000000000002,0.09120000000000006,0.08899999999999997
003.png,0.858,1.0,1.0,0.9492,1.0,0.14200000000000002,0.14200000000000002,0.09120000000000006,0.14200000000000002
003.png,0.858,1.0,1.0,0.9492,1.0,0.14200000000000002,0.14200000000000002,0.09120000000000006,0.14200000000000002
003.png,0.858,1.0,1.0,0.9492,0.9869,0.14200000000000002,0.14200000000000002,0.09120000000000006,0.12890000000000001
003.png,0.858,1.0,1.0,0.9492,0.769,0.14200000000000002,0.14200000000000002,0.09120000000000006,0.08899999999999997
003.png,0.858,1.0,1.0,0.9492,1.0,0.14200000000000002,0.14200000000000002,0.09120000000000006,0.14200000000000002
003.png,0.858,1.0,1.0,0.9492,1.0,0.14200000000000002,0.14200000000000002,0.09120000000000006,0.14200000000000002
003.png,0.858,1.0,1.0,0.9492,0.9869,0.14200000000000002,0.14200000000000002,0.09120000000000006,0.12890000000000001
003.png,0.858,1.0,1.0,0.9492,0.769,0.14200000000000002,0.14200000000000002,0.09120000000000006,0.08899999999999997
003.png,0.858,1.0,1.0,0.9492,1.0,0.14200000000000002,0.14200000000000002,0.09120000000000006,0.14200000000000002
003.png,0.858,1.0,1.0,0.9492,1.0,0.14200000000000002,0.14200000000000002,0.09120000000000006,0.14200000000000002
003.png,0.858,1.0,1.0,0.9492,0.9869,0.14200000000000002,0.14200000000000002,0.09120000000000006,0.12890000000000001
003.png,0.858,1.0,1.0,0.9492,0.769,0.14200000000000002,0.14200000000000002,0.09120000000000006,0.08899999999999997
003.png,0.858,1.0,1.0,0.9492,1.0,0.14200000000000002,0.14200000000000002,0.09120000000000006,0.14200000000000002
003.png,0.858,1.0,1.0,0.9492,1.0,0.14200000000000002,0.14200000000000002,0.09120000000000006,0.14200000000000002
003.png,0.858,1.0,1.0,0.9492,0.9869,0.14200000000000002,0.14200000000000002,0.09120000000000006,0.12890000000000001
003.png,0.858,1.0,1.0,0.9492,0.769,0.14200000000000002,0.14200000000000002,0.09120000000000006,0.08899999999999997
003.png,0.858,1.0,1.0,0.9492,1.0,0.14200000000000002,0.14200000000000002,0.09120000000000006,0.14200000000000002
003.png,0.858,1.0,1.0,0.9492,1.0,0.14200000000000002,0.14200000000000002,0.09120000000000006,0.14200000000000002
003.png,0.858,1.0,1.0,0.9492,0.9869,0.14200000000000002,0.14200000000000002,0.09120000000000006,0.12890000000000001
003.png,0.858,1.0,1.0,0.9492,0.769,0.14200000000000002,0.14200000000000002,0.09120000000000006,0.08899999999999997
003.png,0.858,1.0,1.0,0.9492,1.0,0.14200000000000002,0.14200000000000002,0.09120000000000006,0.14200000000000002
003.png,0.858,1.0,1.0,0.9492,1.0,0.14200000000000002,0.14200000000000002,0.09120000000000006,0.14200000000000002
003.png,0.858,1.0,1.0,0.9492,0.9869,0.14200000000000002,0.14200000000000002,0.09120000000000006,0.12890000000000001
003.png,0.858,1.0,1.0,0.9492,0.769,0.14200000000000002,0.14200000000000002,0.09120000000000006,0.08899999999999997
003.png,0.858,1.0,1.0,0.9492,1.0,0.14200000000000002,0.14200000000000002,0.09120000000000006,0.14200000000000002
003.png,0.858,1.0,1.0,0.9492,1.0,0.14200000000000002,0.14200000000000002,0.09120000000000006,0.14200000000000002
003.png,0.858,1.0,1.0,0.9492,0.9869,0.14200000000000002,0.14200000000000002,0.09120000000000006,0.12890000000000001
003.png,0.858,1.0,1.0,0.9492,0.769,0.14200000000000002,0.14200000000000002,0.09120000000000006,0.08899999999999997
003.png,0.858,1.0,1.0,0.9492,1.0,0.14200000000000002,0.14200000000000002,0.09120000000000006,0.14200000000000002
003.png,0.858,1.0,1.0,0.9492,1.0,0.14200000000000002,0.14200000000000002,0.09120000000000006,0.14200000000000002
003.png,0.858,1.0,1.0,0.9492,0.9869,0.14200000000000002,0.14200000000000002,0.09120000000000006,0.12890000000000001
003.png,0.858,1.0,1.0,0.9492,0.769,0.14200000000000002,0.14200000000000002,0.09120000000000006,0.08899999999999997
003.png,0.858,1.0,1.0,0.9492,1.0,0.14200000000000002,0.14200000000000002,0.09120000000000006,0.14200000000000002
003.png,0.858,1.0,1.0,0.9492,1.0,0.14200000000000002,0.14200000000000002,0.09120000000000006,0.14200000000000002
003.png,0.858,1.0,1.0,0.9492,0.9869,0.14200000000000002,0.14200000000000002,0.09120000000000006,0.12890000000000001
003.png,0.858,1.0,1.0,0.9492,0.769,0.14200000000000002,0.14200000000000002,0.09120000000000006,0.08899999999999997
003.png,0.858,1.0,1.0,0.9492,1.0,0.14200000000000002,0.14200000000000002,0.09120000000000006,0.14200000000000002
003.png,0.858,1.0,1.0,0.9492,1.0,0.14200000000000002,0.14200000000000002,0.09120000000000006,0.14200000000000002
003.png,0.858,1.0,1.0,0.9492,0.9869,0.14200000000000002,0.14200000000000002,0.09120000000000006,0.12890000000000001
003.png,0.858,1.0,1.0,0.9492,0.769,0.14200000000000002,0.14200000000000002,0.09120000000000006,0.08899999999999997
003.png,0.858,1.0,1.0,0.9492,1.0,0.14200000000000002,0.14200000000000002,0.09120000000000006,0.14200000000000002
003.png,0.858,1.0,1.0,0.9492,1.0,0.14200000000000002,0.14200000000000002,0.09120000000000006,0.14200000000000002
003.png,0.858,1.0,1.0,0.9492,0.9869,0.14200000000000002,0.14200000000000002,0.09120000000000006,0.12890000000000001
003.png,0.858,1.0,1.0,0.9492,0.769,0.14200000000000002,0.14200000000000002,0.09120000000000006,0.08899999999999997
003.png,0.858,1.0,1.0,0.9492,1.0,0.14200000000000002,0.14200000000000002,0.09120000000000006,0.14200000000000002
003.png,0.858,1.0,1.0,0.9492,1.0,0.14200000000000002,0.14200000000000002,0.09120000000000006,0.14200000000000002
003.png,0.858,1.0,1.0,0.9492,0.9869,0.14200000000000002,0.14200000000000002,0.09120000000000006,0.12890000000000001
003.png,0.858,1.0,1.0,0.9492,0.769,0.14200000000000002,0.14200000000000002,0.09120000000000006,0.08899999999999997
003.png,0.858,1.0,1.0,0.9492,1.0,0.14200000000000002,0.14200000000000002,0.09120000000000006,0.14200000000000002
003.png,0.858,1.0,1.0,0.9492,1.0,0.14200000000000002,0.14200000000000002,0.09120000000000006,0.14200000000000002
003.png,0.858,1.0,1.0,0.9492,0.9869,0.14200000000000002,0.14200000000000002,0.09120000000000006,0.12890000000000001
003.png,0.858,1.0,1.0,0.9492,0.769,0.14200000000000002,0.14200000000000002,0.09120000000000006,0.08899999999999997
003.png,0.858,1.0,1.0,0.9492,1.0,0.14200000000000002,0.14200000000000002,0.09120000000000006,0.14200000000000002
003.png,0.858,1.0,1.0,0.9492,1.0,0.14200000000000002,0.14200000000000002,0.09120000000000006,0.14200000000000002
003.png,0.858,1.0,1.0,0.9492,0.9869,0.14200000000000002,0.14200000000000002,0.09120000000000006,0.12890000000000001
003.png,0.858,1.0,1.0,0.9492,0.769,0.14200000000000002,0.14200000000000002,0.09120000000000006,0.08899999999999997
003.png,0.858,1.0,1.0,0.9492,1.0,0.14200000000000002,0.14200000000000002,0.09120000000000006,0.14200000000000002
003.png,0.858,1.0,1.0,0.9492,1.0,0.14200000000000002,0.14200000000000002,0.09120000000000006,0.14200000000000002
003.png,0.858,1.0,1.0,0.9492,0.9869,0.14200000000000002,0.14200000000000002,0.09120000000000006,0.12890000000000001
003.png,0.858,1.0,1.0,0.9492,0.769,0.14200000000000002,0.14200000000000002,0.09120000000000006,0.08899999999999997
003.png,0.858,1.0,1.0,0.9492,1.0,0.14200000000000002,0.14200000000000002,0.09120000000000006,0.14200000000000002
002.png,0.8359,1.0,1.0,0.9177,1.0,0.16410000000000002,0.16410000000000002,0.08179999999999998,0.16410000000000002
002.png,0.8359,1.0,1.0,0.9177,1.0,0.16410000000000002,0.16410000000000002,0.08179999999999998,0.16410000000000002
002.png,0.8359,1.0,1.0,0.9177,0.8298,0.16410000000000002,0.16410000000000002,0.08179999999999998,0.006099999999999994
002.png,0.8359,1.0,1.0,0.9177,1.0,0.16410000000000002,0.16410000000000002,0.08179999999999998,0.16410000000000002
002.png,0.8359,1.0,1.0,0.9177,1.0,0.16410000000000002,0.16410000000000002,0.08179999999999998,0.16410000000000002
002.png,0.8359,1.0,1.0,0.9177,1.0,0.16410000000000002,0.16410000000000002,0.08179999999999998,0.16410000000000002
002.png,0.8359,1.0,1.0,0.9177,0.8298,0.16410000000000002,0.16410000000000002,0.08179999999999998,0.006099999999999994
002.png,0.8359,1.0,1.0,0.9177,1.0,0.16410000000000002,0.16410000000000002,0.08179999999999998,0.16410000000000002
002.png,0.8359,1.0,1.0,0.9177,1.0,0.16410000000000002,0.16410000000000002,0.08179999999999998,0.16410000000000002
002.png,0.8359,1.0,1.0,0.9177,1.0,0.16410000000000002,0.16410000000000002,0.08179999999999998,0.16410000000000002
002.png,0.8359,1.0,1.0,0.9177,0.8298,0.16410000000000002,0.16410000000000002,0.08179999999999998,0.006099999999999994
002.png,0.8359,1.0,1.0,0.9177,1.0,0.16410000000000002,0.16410000000000002,0.08179999999999998,0.16410000000000002
002.png,0.8359,1.0,1.0,0.9177,1.0,0.16410000000000002,0.16410000000000002,0.08179999999999998,0.16410000000000002
002.png,0.8359,1.0,1.0,0.9177,1.0,0.16410000000000002,0.16410000000000002,0.08179999999999998,0.16410000000000002
002.png,0.8359,1.0,1.0,0.9177,0.8298,0.16410000000000002,0.16410000000000002,0.08179999999999998,0.006099999999999994
002.png,0.8359,1.0,1.0,0.9177,1.0,0.16410000000000002,0.16410000000000002,0.08179999999999998,0.16410000000000002
002.png,0.8359,1.0,1.0,0.9177,1.0,0.16410000000000002,0.16410000000000002,0.08179999999999998,0.16410000000000002
002.png,0.8359,1.0,1.0,0.9177,1.0,0.16410000000000002,0.16410000000000002,0.08179999999999998,0.16410000000000002
002.png,0.8359,1.0,1.0,0.9177,0.8298,0.16410000000000002,0.16410000000000002,0.08179999999999998,0.006099999999999994
002.png,0.8359,1.0,1.0,0.9177,1.0,0.16410000000000002,0.16410000000000002,0.08179999999999998,0.16410000000000002
002.png,0.8359,1.0,1.0,0.9177,1.0,0.16410000000000002,0.16410000000000002,0.08179999999999998,0.16410000000000002
002.png,0.8359,1.0,1.0,0.9177,1.0,0.16410000000000002,0.16410000000000002,0.08179999999999998,0.16410000000000002
002.png,0.8359,1.0,1.0,0.9177,0.8298,0.16410000000000002,0.16410000000000002,0.08179999999999998,0.006099999999999994
002.png,0.8359,1.0,1.0,0.9177,1.0,0.16410000000000002,0.16410000000000002,0.08179999999999998,0.16410000000000002
002.png,0.8359,1.0,1.0,0.9177,1.0,0.16410000000000002,0.16410000000000002,0.08179999999999998,0.16410000000000002
002.png,0.8359,1.0,1.0,0.9177,1.0,0.16410000000000002,0.16410000000000002,0.08179999999999998,0.16410000000000002
002.png,0.8359,1.0,1.0,0.9177,0.8298,0.16410000000000002,0.16410000000000002,0.08179999999999998,0.006099999999999994
002.png,0.8359,1.0,1.0,0.9177,1.0,0.16410000000000002,0.16410000000000002,0.08179999999999998,0.16410000000000002
002.png,0.8359,1.0,1.0,0.9177,1.0,0.16410000000000002,0.16410000000000002,0.08179999999999998,0.16410000000000002
002.png,0.8359,1.0,1.0,0.9177,1.0,0.16410000000000002,0.16410000000000002,0.08179999999999998,0.16410000000000002
002.png,0.8359,1.0,1.0,0.9177,0.8298,0.16410000000000002,0.16410000000000002,0.08179999999999998,0.006099999999999994
002.png,0.8359,1.0,1.0,0.9177,1.0,0.16410000000000002,0.16410000000000002,0.08179999999999998,0.16410000000000002
002.png,0.8359,1.0,1.0,0.9177,1.0,0.16410000000000002,0.16410000000000002,0.08179999999999998,0.16410000000000002
002.png,0.8359,1.0,1.0,0.9177,1.0,0.16410000000000002,0.16410000000000002,0.08179999999999998,0.16410000000000002
002.png,0.8359,1.0,1.0,0.9177,0.8298,0.16410000000000002,0.16410000000000002,0.08179999999999998,0.006099999999999994
002.png,0.8359,1.0,1.0,0.9177,1.0,0.16410000000000002,0.16410000000000002,0.08179999999999998,0.16410000000000002
002.png,0.8359,1.0,1.0,0.9177,1.0,0.16410000000000002,0.16410000000000002,0.08179999999999998,0.16410000000000002
002.png,0.8359,1.0,1.0,0.9177,1.0,0.16410000000000002,0.16410000000000002,0.08179999999999998,0.16410000000000002
002.png,0.8359,1.0,1.0,0.9177,0.8298,0.16410000000000002,0.16410000000000002,0.08179999999999998,0.006099999999999994
002.png,0.8359,1.0,1.0,0.9177,1.0,0.16410000000000002,0.16410000000000002,0.08179999999999998,0.16410000000000002
002.png,0.8359,1.0,1.0,0.9177,1.0,0.16410000000000002,0.16410000000000002,0.08179999999999998,0.16410000000000002
002.png,0.8359,1.0,1.0,0.9177,1.0,0.16410000000000002,0.16410000000000002,0.08179999999999998,0.16410000000000002
002.png,0.8359,1.0,1.0,0.9177,0.8298,0.16410000000000002,0.16410000000000002,0.08179999999999998,0.006099999999999994
002.png,0.8359,1.0,1.0,0.9177,1.0,0.16410000000000002,0.16410000000000002,0.08179999999999998,0.16410000000000002
002.png,0.8359,1.0,1.0,0.9177,1.0,0.16410000000000002,0.16410000000000002,0.08179999999999998,0.16410000000000002
002.png,0.8359,1.0,1.0,0.9177,1.0,0.16410000000000002,0.16410000000000002,0.08179999999999998,0.16410000000000002
002.png,0.8359,1.0,1.0,0.9177,0.8298,0.16410000000000002,0.16410000000000002,0.08179999999999998,0.006099999999999994
002.png,0.8359,1.0,1.0,0.9177,1.0,0.16410000000000002,0.16410000000000002,0.08179999999999998,0.16410000000000002
002.png,0.8359,1.0,1.0,0.9177,1.0,0.16410000000000002,0.16410000000000002,0.08179999999999998,0.16410000000000002
002.png,0.8359,1.0,1.0,0.9177,1.0,0.16410000000000002,0.16410000000000002,0.08179999999999998,0.16410000000000002
002.png,0.8359,1.0,1.0,0.9177,0.8298,0.16410000000000002,0.16410000000000002,0.08179999999999998,0.006099999999999994
002.png,0.8359,1.0,1.0,0.9177,1.0,0.16410000000000002,0.16410000000000002,0.08179999999999998,0.16410000000000002
002.png,0.8359,1.0,1.0,0.9177,1.0,0.16410000000000002,0.16410000000000002,0.08179999999999998,0.16410000000000002
002.png,0.8359,1.0,1.0,0.9177,1.0,0.16410000000000002,0.16410000000000002,0.08179999999999998,0.16410000000000002
002.png,0.8359,1.0,1.0,0.9177,0.8298,0.16410000000000002,0.16410000000000002,0.08179999999999998,0.006099999999999994
002.png,0.8359,1.0,1.0,0.9177,1.0,0.16410000000000002,0.16410000000000002,0.08179999999999998,0.16410000000000002
002.png,0.8359,1.0,1.0,0.9177,1.0,0.16410000000000002,0.16410000000000002,0.08179999999999998,0.16410000000000002
002.png,0.8359,1.0,1.0,0.9177,1.0,0.16410000000000002,0.16410000000000002,0.08179999999999998,0.16410000000000002
002.png,0.8359,1.0,1.0,0.9177,0.8298,0.16410000000000002,0.16410000000000002,0.08179999999999998,0.006099999999999994
002.png,0.8359,1.0,1.0,0.9177,1.0,0.16410000000000002,0.16410000000000002,0.08179999999999998,0.16410000000000002
002.png,0.8359,1.0,1.0,0.9177,1.0,0.16410000000000002,0.16410000000000002,0.08179999999999998,0.16410000000000002
002.png,0.8359,1.0,1.0,0.9177,1.0,0.16410000000000002,0.16410000000000002,0.08179999999999998,0.16410000000000002
002.png,0.8359,1.0,1.0,0.9177,0.8298,0.16410000000000002,0.16410000000000002,0.08179999999999998,0.006099999999999994
002.png,0.8359,1.0,1.0,0.9177,1.0,0.16410000000000002,0.16410000000000002,0.08179999999999998,0.16410000000000002
015.png,0.8972,1.0,1.0,0.9089,1.0,0.1028,0.1028,0.011700000000000044,0.1028
015.png,0.8972,1.0,1.0,0.9089,1.0,0.1028,0.1028,0.011700000000000044,0.1028
015.png,0.8972,1.0,1.0,0.9089,0.8991,0.1028,0.1028,0.011700000000000044,0.0019000000000000128
015.png,0.8972,1.0,1.0,0.9089,1.0,0.1028,0.1028,0.011700000000000044,0.1028
015.png,0.8972,1.0,1.0,0.9089,1.0,0.1028,0.1028,0.011700000000000044,0.1028
015.png,0.8972,1.0,1.0,0.9089,1.0,0.1028,0.1028,0.011700000000000044,0.1028
015.png,0.8972,1.0,1.0,0.9089,0.8991,0.1028,0.1028,0.011700000000000044,0.0019000000000000128
015.png,0.8972,1.0,1.0,0.9089,1.0,0.1028,0.1028,0.011700000000000044,0.1028
015.png,0.8972,1.0,1.0,0.9089,1.0,0.1028,0.1028,0.011700000000000044,0.1028
015.png,0.8972,1.0,1.0,0.9089,1.0,0.1028,0.1028,0.011700000000000044,0.1028
015.png,0.8972,1.0,1.0,0.9089,0.8991,0.1028,0.1028,0.011700000000000044,0.0019000000000000128
015.png,0.8972,1.0,1.0,0.9089,1.0,0.1028,0.1028,0.011700000000000044,0.1028
015.png,0.8972,1.0,1.0,0.9089,1.0,0.1028,0.1028,0.011700000000000044,0.1028
015.png,0.8972,1.0,1.0,0.9089,1.0,0.1028,0.1028,0.011700000000000044,0.1028
015.png,0.8972,1.0,1.0,0.9089,0.8991,0.1028,0.1028,0.011700000000000044,0.0019000000000000128
015.png,0.8972,1.0,1.0,0.9089,1.0,0.1028,0.1028,0.011700000000000044,0.1028
015.png,0.8972,1.0,1.0,0.9089,1.0,0.1028,0.1028,0.011700000000000044,0.1028
015.png,0.8972,1.0,1.0,0.9089,1.0,0.1028,0.1028,0.011700000000000044,0.1028
015.png,0.8972,1.0,1.0,0.9089,0.8991,0.1028,0.1028,0.011700000000000044,0.0019000000000000128
015.png,0.8972,1.0,1.0,0.9089,1.0,0.1028,0.1028,0.011700000000000044,0.1028
015.png,0.8972,1.0,1.0,0.9089,1.0,0.1028,0.1028,0.011700000000000044,0.1028
015.png,0.8972,1.0,1.0,0.9089,1.0,0.1028,0.1028,0.011700000000000044,0.1028
015.png,0.8972,1.0,1.0,0.9089,0.8991,0.1028,0.1028,0.011700000000000044,0.0019000000000000128
015.png,0.8972,1.0,1.0,0.9089,1.0,0.1028,0.1028,0.011700000000000044,0.1028
015.png,0.8972,1.0,1.0,0.9089,1.0,0.1028,0.1028,0.011700000000000044,0.1028
015.png,0.8972,1.0,1.0,0.9089,1.0,0.1028,0.1028,0.011700000000000044,0.1028
015.png,0.8972,1.0,1.0,0.9089,0.8991,0.1028,0.1028,0.011700000000000044,0.0019000000000000128
015.png,0.8972,1.0,1.0,0.9089,1.0,0.1028,0.1028,0.011700000000000044,0.1028
015.png,0.8972,1.0,1.0,0.9089,1.0,0.1028,0.1028,0.011700000000000044,0.1028
015.png,0.8972,1.0,1.0,0.9089,1.0,0.1028,0.1028,0.011700000000000044,0.1028
015.png,0.8972,1.0,1.0,0.9089,0.8991,0.1028,0.1028,0.011700000000000044,0.0019000000000000128
015.png,0.8972,1.0,1.0,0.9089,1.0,0.1028,0.1028,0.011700000000000044,0.1028
015.png,0.8972,1.0,1.0,0.9089,1.0,0.1028,0.1028,0.011700000000000044,0.1028
015.png,0.8972,1.0,1.0,0.9089,1.0,0.1028,0.1028,0.011700000000000044,0.1028
015.png,0.8972,1.0,1.0,0.9089,0.8991,0.1028,0.1028,0.011700000000000044,0.0019000000000000128
015.png,0.8972,1.0,1.0,0.9089,1.0,0.1028,0.1028,0.011700000000000044,0.1028
015.png,0.8972,1.0,1.0,0.9089,1.0,0.1028,0.1028,0.011700000000000044,0.1028
015.png,0.8972,1.0,1.0,0.9089,1.0,0.1028,0.1028,0.011700000000000044,0.1028
015.png,0.8972,1.0,1.0,0.9089,0.8991,0.1028,0.1028,0.011700000000000044,0.0019000000000000128
015.png,0.8972,1.0,1.0,0.9089,1.0,0.1028,0.1028,0.011700000000000044,0.1028
015.png,0.8972,1.0,1.0,0.9089,1.0,0.1028,0.1028,0.011700000000000044,0.1028
015.png,0.8972,1.0,1.0,0.9089,1.0,0.1028,0.1028,0.011700000000000044,0.1028
015.png,0.8972,1.0,1.0,0.9089,0.8991,0.1028,0.1028,0.011700000000000044,0.0019000000000000128
015.png,0.8972,1.0,1.0,0.9089,1.0,0.1028,0.1028,0.011700000000000044,0.1028
015.png,0.8972,1.0,1.0,0.9089,1.0,0.1028,0.1028,0.011700000000000044,0.1028
015.png,0.8972,1.0,1.0,0.9089,1.0,0.1028,0.1028,0.011700000000000044,0.1028
015.png,0.8972,1.0,1.0,0.9089,0.8991,0.1028,0.1028,0.011700000000000044,0.0019000000000000128
015.png,0.8972,1.0,1.0,0.9089,1.0,0.1028,0.1028,0.011700000000000044,0.1028
015.png,0.8972,1.0,1.0,0.9089,1.0,0.1028,0.1028,0.011700000000000044,0.1028
015.png,0.8972,1.0,1.0,0.9089,1.0,0.1028,0.1028,0.011700000000000044,0.1028
015.png,0.8972,1.0,1.0,0.9089,0.8991,0.1028,0.1028,0.011700000000000044,0.0019000000000000128
015.png,0.8972,1.0,1.0,0.9089,1.0,0.1028,0.1028,0.011700000000000044,0.1028
015.png,0.8972,1.0,1.0,0.9089,1.0,0.1028,0.1028,0.011700000000000044,0.1028
015.png,0.8972,1.0,1.0,0.9089,1.0,0.1028,0.1028,0.011700000000000044,0.1028
015.png,0.8972,1.0,1.0,0.9089,0.8991,0.1028,0.1028,0.011700000000000044,0.0019000000000000128
015.png,0.8972,1.0,1.0,0.9089,1.0,0.1028,0.1028,0.011700000000000044,0.1028
015.png,0.8972,1.0,1.0,0.9089,1.0,0.1028,0.1028,0.011700000000000044,0.1028
015.png,0.8972,1.0,1.0,0.9089,1.0,0.1028,0.1028,0.011700000000000044,0.1028
015.png,0.8972,1.0,1.0,0.9089,0.8991,0.1028,0.1028,0.011700000000000044,0.0019000000000000128
015.png,0.8972,1.0,1.0,0.9089,1.0,0.1028,0.1028,0.011700000000000044,0.1028
015.png,0.8972,1.0,1.0,0.9089,1.0,0.1028,0.1028,0.011700000000000044,0.1028
015.png,0.8972,1.0,1.0,0.9089,1.0,0.1028,0.1028,0.011700000000000044,0.1028
015.png,0.8972,1.0,1.0,0.9089,0.8991,0.1028,0.1028,0.011700000000000044,0.0019000000000000128
015.png,0.8972,1.0,1.0,0.9089,1.0,0.1028,0.1028,0.011700000000000044,0.1028
019.png,0.8353,1.0,1.0,0.9553,1.0,0.16469999999999996,0.16469999999999996,0.12,0.16469999999999996
019.png,0.8353,1.0,1.0,0.9553,1.0,0.16469999999999996,0.16469999999999996,0.12,0.16469999999999996
019.png,0.8353,1.0,1.0,0.9553,0.7865,0.16469999999999996,0.16469999999999996,0.12,0.048800000000000066
019.png,0.8353,1.0,1.0,0.9553,1.0,0.16469999999999996,0.16469999999999996,0.12,0.16469999999999996
019.png,0.8353,1.0,1.0,0.9553,1.0,0.16469999999999996,0.16469999999999996,0.12,0.16469999999999996
019.png,0.8353,1.0,1.0,0.9553,1.0,0.16469999999999996,0.16469999999999996,0.12,0.16469999999999996
019.png,0.8353,1.0,1.0,0.9553,0.7865,0.16469999999999996,0.16469999999999996,0.12,0.048800000000000066
019.png,0.8353,1.0,1.0,0.9553,1.0,0.16469999999999996,0.16469999999999996,0.12,0.16469999999999996
019.png,0.8353,1.0,1.0,0.9553,1.0,0.16469999999999996,0.16469999999999996,0.12,0.16469999999999996
019.png,0.8353,1.0,1.0,0.9553,1.0,0.16469999999999996,0.16469999999999996,0.12,0.16469999999999996
019.png,0.8353,1.0,1.0,0.9553,0.7865,0.16469999999999996,0.16469999999999996,0.12,0.048800000000000066
019.png,0.8353,1.0,1.0,0.9553,1.0,0.16469999999999996,0.16469999999999996,0.12,0.16469999999999996
019.png,0.8353,1.0,1.0,0.9553,1.0,0.16469999999999996,0.16469999999999996,0.12,0.16469999999999996
019.png,0.8353,1.0,1.0,0.9553,1.0,0.16469999999999996,0.16469999999999996,0.12,0.16469999999999996
019.png,0.8353,1.0,1.0,0.9553,0.7865,0.16469999999999996,0.16469999999999996,0.12,0.048800000000000066
019.png,0.8353,1.0,1.0,0.9553,1.0,0.16469999999999996,0.16469999999999996,0.12,0.16469999999999996
019.png,0.8353,1.0,1.0,0.9553,1.0,0.16469999999999996,0.16469999999999996,0.12,0.16469999999999996
019.png,0.8353,1.0,1.0,0.9553,1.0,0.16469999999999996,0.16469999999999996,0.12,0.16469999999999996
019.png,0.8353,1.0,1.0,0.9553,0.7865,0.16469999999999996,0.16469999999999996,0.12,0.048800000000000066
019.png,0.8353,1.0,1.0,0.9553,1.0,0.16469999999999996,0.16469999999999996,0.12,0.16469999999999996
019.png,0.8353,1.0,1.0,0.9553,1.0,0.16469999999999996,0.16469999999999996,0.12,0.16469999999999996
019.png,0.8353,1.0,1.0,0.9553,1.0,0.16469999999999996,0.16469999999999996,0.12,0.16469999999999996
019.png,0.8353,1.0,1.0,0.9553,0.7865,0.16469999999999996,0.16469999999999996,0.12,0.048800000000000066
019.png,0.8353,1.0,1.0,0.9553,1.0,0.16469999999999996,0.16469999999999996,0.12,0.16469999999999996
019.png,0.8353,1.0,1.0,0.9553,1.0,0.16469999999999996,0.16469999999999996,0.12,0.16469999999999996
019.png,0.8353,1.0,1.0,0.9553,1.0,0.16469999999999996,0.16469999999999996,0.12,0.16469999999999996
019.png,0.8353,1.0,1.0,0.9553,0.7865,0.16469999999999996,0.16469999999999996,0.12,0.048800000000000066
019.png,0.8353,1.0,1.0,0.9553,1.0,0.16469999999999996,0.16469999999999996,0.12,0.16469999999999996
019.png,0.8353,1.0,1.0,0.9553,1.0,0.16469999999999996,0.16469999999999996,0.12,0.16469999999999996
019.png,0.8353,1.0,1.0,0.9553,1.0,0.16469999999999996,0.16469999999999996,0.12,0.16469999999999996
019.png,0.8353,1.0,1.0,0.9553,0.7865,0.16469999999999996,0.16469999999999996,0.12,0.048800000000000066
019.png,0.8353,1.0,1.0,0.9553,1.0,0.16469999999999996,0.16469999999999996,0.12,0.16469999999999996
019.png,0.8353,1.0,1.0,0.9553,1.0,0.16469999999999996,0.16469999999999996,0.12,0.16469999999999996
019.png,0.8353,1.0,1.0,0.9553,1.0,0.16469999999999996,0.16469999999999996,0.12,0.16469999999999996
019.png,0.8353,1.0,1.0,0.9553,0.7865,0.16469999999999996,0.16469999999999996,0.12,0.048800000000000066
019.png,0.8353,1.0,1.0,0.9553,1.0,0.16469999999999996,0.16469999999999996,0.12,0.16469999999999996
019.png,0.8353,1.0,1.0,0.9553,1.0,0.16469999999999996,0.16469999999999996,0.12,0.16469999999999996
019.png,0.8353,1.0,1.0,0.9553,1.0,0.16469999999999996,0.16469999999999996,0.12,0.16469999999999996
019.png,0.8353,1.0,1.0,0.9553,0.7865,0.16469999999999996,0.16469999999999996,0.12,0.048800000000000066
019.png,0.8353,1.0,1.0,0.9553,1.0,0.16469999999999996,0.16469999999999996,0.12,0.16469999999999996
019.png,0.8353,1.0,1.0,0.9553,1.0,0.16469999999999996,0.16469999999999996,0.12,0.16469999999999996
019.png,0.8353,1.0,1.0,0.9553,1.0,0.16469999999999996,0.16469999999999996,0.12,0.16469999999999996
019.png,0.8353,1.0,1.0,0.9553,0.7865,0.16469999999999996,0.16469999999999996,0.12,0.048800000000000066
019.png,0.8353,1.0,1.0,0.9553,1.0,0.16469999999999996,0.16469999999999996,0.12,0.16469999999999996
019.png,0.8353,1.0,1.0,0.9553,1.0,0.16469999999999996,0.16469999999999996,0.12,0.16469999999999996
019.png,0.8353,1.0,1.0,0.9553,1.0,0.16469999999999996,0.16469999999999996,0.12,0.16469999999999996
019.png,0.8353,1.0,1.0,0.9553,0.7865,0.16469999999999996,0.16469999999999996,0.12,0.048800000000000066
019.png,0.8353,1.0,1.0,0.9553,1.0,0.16469999999999996,0.16469999999999996,0.12,0.16469999999999996
019.png,0.8353,1.0,1.0,0.9553,1.0,0.16469999999999996,0.16469999999999996,0.12,0.16469999999999996
019.png,0.8353,1.0,1.0,0.9553,1.0,0.16469999999999996,0.16469999999999996,0.12,0.16469999999999996
019.png,0.8353,1.0,1.0,0.9553,0.7865,0.16469999999999996,0.16469999999999996,0.12,0.048800000000000066
019.png,0.8353,1.0,1.0,0.9553,1.0,0.16469999999999996,0.16469999999999996,0.12,0.16469999999999996
019.png,0.8353,1.0,1.0,0.9553,1.0,0.16469999999999996,0.16469999999999996,0.12,0.16469999999999996
019.png,0.8353,1.0,1.0,0.9553,1.0,0.16469999999999996,0.16469999999999996,0.12,0.16469999999999996
019.png,0.8353,1.0,1.0,0.9553,0.7865,0.16469999999999996,0.16469999999999996,0.12,0.048800000000000066
019.png,0.8353,1.0,1.0,0.9553,1.0,0.16469999999999996,0.16469999999999996,0.12,0.16469999999999996
019.png,0.8353,1.0,1.0,0.9553,1.0,0.16469999999999996,0.16469999999999996,0.12,0.16469999999999996
019.png,0.8353,1.0,1.0,0.9553,1.0,0.16469999999999996,0.16469999999999996,0.12,0.16469999999999996
019.png,0.8353,1.0,1.0,0.9553,0.7865,0.16469999999999996,0.16469999999999996,0.12,0.048800000000000066
019.png,0.8353,1.0,1.0,0.9553,1.0,0.16469999999999996,0.16469999999999996,0.12,0.16469999999999996
019.png,0.8353,1.0,1.0,0.9553,1.0,0.16469999999999996,0.16469999999999996,0.12,0.16469999999999996
019.png,0.8353,1.0,1.0,0.9553,1.0,0.16469999999999996,0.16469999999999996,0.12,0.16469999999999996
019.png,0.8353,1.0,1.0,0.9553,0.7865,0.16469999999999996,0.16469999999999996,0.12,0.048800000000000066
019.png,0.8353,1.0,1.0,0.9553,1.0,0.16469999999999996,0.16469999999999996,0.12,0.16469999999999996
004.png,0.8322,1.0,1.0,0.9764,1.0,0.16779999999999995,0.16779999999999995,0.1442,0.16779999999999995
004.png,0.8322,1.0,1.0,0.9764,1.0,0.16779999999999995,0.16779999999999995,0.1442,0.16779999999999995
004.png,0.8322,1.0,1.0,0.9764,0.6662,0.16779999999999995,0.16779999999999995,0.1442,0.16600000000000004
004.png,0.8322,1.0,1.0,0.9764,1.0,0.16779999999999995,0.16779999999999995,0.1442,0.16779999999999995
004.png,0.8322,1.0,1.0,0.9764,1.0,0.16779999999999995,0.16779999999999995,0.1442,0.16779999999999995
004.png,0.8322,1.0,1.0,0.9764,1.0,0.16779999999999995,0.16779999999999995,0.1442,0.16779999999999995
004.png,0.8322,1.0,1.0,0.9764,0.6662,0.16779999999999995,0.16779999999999995,0.1442,0.16600000000000004
004.png,0.8322,1.0,1.0,0.9764,1.0,0.16779999999999995,0.16779999999999995,0.1442,0.16779999999999995
004.png,0.8322,1.0,1.0,0.9764,1.0,0.16779999999999995,0.16779999999999995,0.1442,0.16779999999999995
004.png,0.8322,1.0,1.0,0.9764,1.0,0.16779999999999995,0.16779999999999995,0.1442,0.16779999999999995
004.png,0.8322,1.0,1.0,0.9764,0.6662,0.16779999999999995,0.16779999999999995,0.1442,0.16600000000000004
004.png,0.8322,1.0,1.0,0.9764,1.0,0.16779999999999995,0.16779999999999995,0.1442,0.16779999999999995
004.png,0.8322,1.0,1.0,0.9764,1.0,0.16779999999999995,0.16779999999999995,0.1442,0.16779999999999995
004.png,0.8322,1.0,1.0,0.9764,1.0,0.16779999999999995,0.16779999999999995,0.1442,0.16779999999999995
004.png,0.8322,1.0,1.0,0.9764,0.6662,0.16779999999999995,0.16779999999999995,0.1442,0.16600000000000004
004.png,0.8322,1.0,1.0,0.9764,1.0,0.16779999999999995,0.16779999999999995,0.1442,0.16779999999999995
004.png,0.8322,1.0,1.0,0.9764,1.0,0.16779999999999995,0.16779999999999995,0.1442,0.16779999999999995
004.png,0.8322,1.0,1.0,0.9764,1.0,0.16779999999999995,0.16779999999999995,0.1442,0.16779999999999995
004.png,0.8322,1.0,1.0,0.9764,0.6662,0.16779999999999995,0.16779999999999995,0.1442,0.16600000000000004
004.png,0.8322,1.0,1.0,0.9764,1.0,0.16779999999999995,0.16779999999999995,0.1442,0.16779999999999995
004.png,0.8322,1.0,1.0,0.9764,1.0,0.16779999999999995,0.16779999999999995,0.1442,0.16779999999999995
004.png,0.8322,1.0,1.0,0.9764,1.0,0.16779999999999995,0.16779999999999995,0.1442,0.16779999999999995
004.png,0.8322,1.0,1.0,0.9764,0.6662,0.16779999999999995,0.16779999999999995,0.1442,0.16600000000000004
004.png,0.8322,1.0,1.0,0.9764,1.0,0.16779999999999995,0.16779999999999995,0.1442,0.16779999999999995
004.png,0.8322,1.0,1.0,0.9764,1.0,0.16779999999999995,0.16779999999999995,0.1442,0.16779999999999995
004.png,0.8322,1.0,1.0,0.9764,1.0,0.16779999999999995,0.16779999999999995,0.1442,0.16779999999999995
004.png,0.8322,1.0,1.0,0.9764,0.6662,0.16779999999999995,0.16779999999999995,0.1442,0.16600000000000004
004.png,0.8322,1.0,1.0,0.9764,1.0,0.16779999999999995,0.16779999999999995,0.1442,0.16779999999999995
004.png,0.8322,1.0,1.0,0.9764,1.0,0.16779999999999995,0.16779999999999995,0.1442,0.16779999999999995
004.png,0.8322,1.0,1.0,0.9764,1.0,0.16779999999999995,0.16779999999999995,0.1442,0.16779999999999995
004.png,0.8322,1.0,1.0,0.9764,0.6662,0.16779999999999995,0.16779999999999995,0.1442,0.16600000000000004
004.png,0.8322,1.0,1.0,0.9764,1.0,0.16779999999999995,0.16779999999999995,0.1442,0.16779999999999995
004.png,0.8322,1.0,1.0,0.9764,1.0,0.16779999999999995,0.16779999999999995,0.1442,0.16779999999999995
004.png,0.8322,1.0,1.0,0.9764,1.0,0.16779999999999995,0.16779999999999995,0.1442,0.16779999999999995
004.png,0.8322,1.0,1.0,0.9764,0.6662,0.16779999999999995,0.16779999999999995,0.1442,0.16600000000000004
004.png,0.8322,1.0,1.0,0.9764,1.0,0.16779999999999995,0.16779999999999995,0.1442,0.16779999999999995
004.png,0.8322,1.0,1.0,0.9764,1.0,0.16779999999999995,0.16779999999999995,0.1442,0.16779999999999995
004.png,0.8322,1.0,1.0,0.9764,1.0,0.16779999999999995,0.16779999999999995,0.1442,0.16779999999999995
004.png,0.8322,1.0,1.0,0.9764,0.6662,0.16779999999999995,0.16779999999999995,0.1442,0.16600000000000004
004.png,0.8322,1.0,1.0,0.9764,1.0,0.16779999999999995,0.16779999999999995,0.1442,0.16779999999999995
004.png,0.8322,1.0,1.0,0.9764,1.0,0.16779999999999995,0.16779999999999995,0.1442,0.16779999999999995
004.png,0.8322,1.0,1.0,0.9764,1.0,0.16779999999999995,0.16779999999999995,0.1442,0.16779999999999995
004.png,0.8322,1.0,1.0,0.9764,0.6662,0.16779999999999995,0.16779999999999995,0.1442,0.16600000000000004
004.png,0.8322,1.0,1.0,0.9764,1.0,0.16779999999999995,0.16779999999999995,0.1442,0.16779999999999995
004.png,0.8322,1.0,1.0,0.9764,1.0,0.16779999999999995,0.16779999999999995,0.1442,0.16779999999999995
004.png,0.8322,1.0,1.0,0.9764,1.0,0.16779999999999995,0.16779999999999995,0.1442,0.16779999999999995
004.png,0.8322,1.0,1.0,0.9764,0.6662,0.16779999999999995,0.16779999999999995,0.1442,0.16600000000000004
004.png,0.8322,1.0,1.0,0.9764,1.0,0.16779999999999995,0.16779999999999995,0.1442,0.16779999999999995
004.png,0.8322,1.0,1.0,0.9764,1.0,0.16779999999999995,0.16779999999999995,0.1442,0.16779999999999995
004.png,0.8322,1.0,1.0,0.9764,1.0,0.16779999999999995,0.16779999999999995,0.1442,0.16779999999999995
004.png,0.8322,1.0,1.0,0.9764,0.6662,0.16779999999999995,0.16779999999999995,0.1442,0.16600000000000004
004.png,0.8322,1.0,1.0,0.9764,1.0,0.16779999999999995,0.16779999999999995,0.1442,0.16779999999999995
004.png,0.8322,1.0,1.0,0.9764,1.0,0.16779999999999995,0.16779999999999995,0.1442,0.16779999999999995
004.png,0.8322,1.0,1.0,0.9764,1.0,0.16779999999999995,0.16779999999999995,0.1442,0.16779999999999995
004.png,0.8322,1.0,1.0,0.9764,0.6662,0.16779999999999995,0.16779999999999995,0.1442,0.16600000000000004
004.png,0.8322,1.0,1.0,0.9764,1.0,0.16779999999999995,0.16779999999999995,0.1442,0.16779999999999995
004.png,0.8322,1.0,1.0,0.9764,1.0,0.16779999999999995,0.16779999999999995,0.1442,0.16779999999999995
004.png,0.8322,1.0,1.0,0.9764,1.0,0.16779999999999995,0.16779999999999995,0.1442,0.16779999999999995
004.png,0.8322,1.0,1.0,0.9764,0.6662,0.16779999999999995,0.16779999999999995,0.1442,0.16600000000000004
004.png,0.8322,1.0,1.0,0.9764,1.0,0.16779999999999995,0.16779999999999995,0.1442,0.16779999999999995
004.png,0.8322,1.0,1.0,0.9764,1.0,0.16779999999999995,0.16779999999999995,0.1442,0.16779999999999995
004.png,0.8322,1.0,1.0,0.9764,1.0,0.16779999999999995,0.16779999999999995,0.1442,0.16779999999999995
004.png,0.8322,1.0,1.0,0.9764,0.6662,0.16779999999999995,0.16779999999999995,0.1442,0.16600000000000004
004.png,0.8322,1.0,1.0,0.9764,1.0,0.16779999999999995,0.16779999999999995,0.1442,0.16779999999999995
007.png,0.994,1.0,1.0,0.8703,1.0,0.006000000000000005,0.006000000000000005,0.12370000000000003,0.006000000000000005
007.png,0.994,1.0,1.0,0.8703,1.0,0.006000000000000005,0.006000000000000005,0.12370000000000003,0.006000000000000005
007.png,0.994,1.0,1.0,0.8703,0.8596,0.006000000000000005,0.006000000000000005,0.12370000000000003,0.13439999999999996
007.png,0.994,1.0,1.0,0.8703,1.0,0.006000000000000005,0.006000000000000005,0.12370000000000003,0.006000000000000005
007.png,0.994,1.0,1.0,0.8703,1.0,0.006000000000000005,0.006000000000000005,0.12370000000000003,0.006000000000000005
007.png,0.994,1.0,1.0,0.8703,1.0,0.006000000000000005,0.006000000000000005,0.12370000000000003,0.006000000000000005
007.png,0.994,1.0,1.0,0.8703,0.8596,0.006000000000000005,0.006000000000000005,0.12370000000000003,0.13439999999999996
007.png,0.994,1.0,1.0,0.8703,1.0,0.006000000000000005,0.006000000000000005,0.12370000000000003,0.006000000000000005
007.png,0.994,1.0,0.8681,0.8703,1.0,0.006000000000000005,0.1259,0.12370000000000003,0.006000000000000005
007.png,0.994,1.0,0.8681,0.8703,1.0,0.006000000000000005,0.1259,0.12370000000000003,0.006000000000000005
007.png,0.994,1.0,0.8681,0.8703,0.8596,0.006000000000000005,0.1259,0.12370000000000003,0.13439999999999996
007.png,0.994,1.0,0.8681,0.8703,1.0,0.006000000000000005,0.1259,0.12370000000000003,0.006000000000000005
007.png,0.994,1.0,1.0,0.8703,1.0,0.006000000000000005,0.006000000000000005,0.12370000000000003,0.006000000000000005
007.png,0.994,1.0,1.0,0.8703,1.0,0.006000000000000005,0.006000000000000005,0.12370000000000003,0.006000000000000005
007.png,0.994,1.0,1.0,0.8703,0.8596,0.006000000000000005,0.006000000000000005,0.12370000000000003,0.13439999999999996
007.png,0.994,1.0,1.0,0.8703,1.0,0.006000000000000005,0.006000000000000005,0.12370000000000003,0.006000000000000005
007.png,0.994,1.0,1.0,0.8703,1.0,0.006000000000000005,0.006000000000000005,0.12370000000000003,0.006000000000000005
007.png,0.994,1.0,1.0,0.8703,1.0,0.006000000000000005,0.006000000000000005,0.12370000000000003,0.006000000000000005
007.png,0.994,1.0,1.0,0.8703,0.8596,0.006000000000000005,0.006000000000000005,0.12370000000000003,0.13439999999999996
007.png,0.994,1.0,1.0,0.8703,1.0,0.006000000000000005,0.006000000000000005,0.12370000000000003,0.006000000000000005
007.png,0.994,1.0,1.0,0.8703,1.0,0.006000000000000005,0.006000000000000005,0.12370000000000003,0.006000000000000005
007.png,0.994,1.0,1.0,0.8703,1.0,0.006000000000000005,0.006000000000000005,0.12370000000000003,0.006000000000000005
007.png,0.994,1.0,1.0,0.8703,0.8596,0.006000000000000005,0.006000000000000005,0.12370000000000003,0.13439999999999996
007.png,0.994,1.0,1.0,0.8703,1.0,0.006000000000000005,0.006000000000000005,0.12370000000000003,0.006000000000000005
007.png,0.994,1.0,0.8681,0.8703,1.0,0.006000000000000005,0.1259,0.12370000000000003,0.006000000000000005
007.png,0.994,1.0,0.8681,0.8703,1.0,0.006000000000000005,0.1259,0.12370000000000003,0.006000000000000005
007.png,0.994,1.0,0.8681,0.8703,0.8596,0.006000000000000005,0.1259,0.12370000000000003,0.13439999999999996
007.png,0.994,1.0,0.8681,0.8703,1.0,0.006000000000000005,0.1259,0.12370000000000003,0.006000000000000005
007.png,0.994,1.0,1.0,0.8703,1.0,0.006000000000000005,0.006000000000000005,0.12370000000000003,0.006000000000000005
007.png,0.994,1.0,1.0,0.8703,1.0,0.006000000000000005,0.006000000000000005,0.12370000000000003,0.006000000000000005
007.png,0.994,1.0,1.0,0.8703,0.8596,0.006000000000000005,0.006000000000000005,0.12370000000000003,0.13439999999999996
007.png,0.994,1.0,1.0,0.8703,1.0,0.006000000000000005,0.006000000000000005,0.12370000000000003,0.006000000000000005
007.png,0.994,0.9326,1.0,0.8703,1.0,0.06140000000000001,0.006000000000000005,0.12370000000000003,0.006000000000000005
007.png,0.994,0.9326,1.0,0.8703,1.0,0.06140000000000001,0.006000000000000005,0.12370000000000003,0.006000000000000005
007.png,0.994,0.9326,1.0,0.8703,0.8596,0.06140000000000001,0.006000000000000005,0.12370000000000003,0.13439999999999996
007.png,0.994,0.9326,1.0,0.8703,1.0,0.06140000000000001,0.006000000000000005,0.12370000000000003,0.006000000000000005
007.png,0.994,0.9326,1.0,0.8703,1.0,0.06140000000000001,0.006000000000000005,0.12370000000000003,0.006000000000000005
007.png,0.994,0.9326,1.0,0.8703,1.0,0.06140000000000001,0.006000000000000005,0.12370000000000003,0.006000000000000005
007.png,0.994,0.9326,1.0,0.8703,0.8596,0.06140000000000001,0.006000000000000005,0.12370000000000003,0.13439999999999996
007.png,0.994,0.9326,1.0,0.8703,1.0,0.06140000000000001,0.006000000000000005,0.12370000000000003,0.006000000000000005
007.png,0.994,0.9326,0.8681,0.8703,1.0,0.06140000000000001,0.1259,0.12370000000000003,0.006000000000000005
007.png,0.994,0.9326,0.8681,0.8703,1.0,0.06140000000000001,0.1259,0.12370000000000003,0.006000000000000005
007.png,0.994,0.9326,0.8681,0.8703,0.8596,0.06140000000000001,0.1259,0.12370000000000003,0.13439999999999996
007.png,0.994,0.9326,0.8681,0.8703,1.0,0.06140000000000001,0.1259,0.12370000000000003,0.006000000000000005
007.png,0.994,0.9326,1.0,0.8703,1.0,0.06140000000000001,0.006000000000000005,0.12370000000000003,0.006000000000000005
007.png,0.994,0.9326,1.0,0.8703,1.0,0.06140000000000001,0.006000000000000005,0.12370000000000003,0.006000000000000005
007.png,0.994,0.9326,1.0,0.8703,0.8596,0.06140000000000001,0.006000000000000005,0.12370000000000003,0.13439999999999996
007.png,0.994,0.9326,1.0,0.8703,1.0,0.06140000000000001,0.006000000000000005,0.12370000000000003,0.006000000000000005
007.png,0.994,1.0,1.0,0.8703,1.0,0.006000000000000005,0.006000000000000005,0.12370000000000003,0.006000000000000005
007.png,0.994,1.0,1.0,0.8703,1.0,0.006000000000000005,0.006000000000000005,0.12370000000000003,0.006000000000000005
007.png,0.994,1.0,1.0,0.8703,0.8596,0.006000000000000005,0.006000000000000005,0.12370000000000003,0.13439999999999996
007.png,0.994,1.0,1.0,0.8703,1.0,0.006000000000000005,0.006000000000000005,0.12370000000000003,0.006000000000000005
007.png,0.994,1.0,1.0,0.8703,1.0,0.006000000000000005,0.006000000000000005,0.12370000000000003,0.006000000000000005
007.png,0.994,1.0,1.0,0.8703,1.0,0.006000000000000005,0.006000000000000005,0.12370000000000003,0.006000000000000005
007.png,0.994,1.0,1.0,0.8703,0.8596,0.006000000000000005,0.006000000000000005,0.12370000000000003,0.13439999999999996
007.png,0.994,1.0,1.0,0.8703,1.0,0.006000000000000005,0.006000000000000005,0.12370000000000003,0.006000000000000005
007.png,0.994,1.0,0.8681,0.8703,1.0,0.006000000000000005,0.1259,0.12370000000000003,0.006000000000000005
007.png,0.994,1.0,0.8681,0.8703,1.0,0.006000000000000005,0.1259,0.12370000000000003,0.006000000000000005
007.png,0.994,1.0,0.8681,0.8703,0.8596,0.006000000000000005,0.1259,0.12370000000000003,0.13439999999999996
007.png,0.994,1.0,0.8681,0.8703,1.0,0.006000000000000005,0.1259,0.12370000000000003,0.006000000000000005
007.png,0.994,1.0,1.0,0.8703,1.0,0.006000000000000005,0.006000000000000005,0.12370000000000003,0.006000000000000005
007.png,0.994,1.0,1.0,0.8703,1.0,0.006000000000000005,0.006000000000000005,0.12370000000000003,0.006000000000000005
007.png,0.994,1.0,1.0,0.8703,0.8596,0.006000000000000005,0.006000000000000005,0.12370000000000003,0.13439999999999996
007.png,0.994,1.0,1.0,0.8703,1.0,0.006000000000000005,0.006000000000000005,0.12370000000000003,0.006000000000000005
018.png,1.0085,1.0,1.0,0.9894,1.0,0.008499999999999952,0.008499999999999952,0.019100000000000006,0.008499999999999952
018.png,1.0085,1.0,1.0,0.9894,1.0,0.008499999999999952,0.008499999999999952,0.019100000000000006,0.008499999999999952
018.png,1.0085,1.0,1.0,0.9894,0.7529,0.008499999999999952,0.008499999999999952,0.019100000000000006,0.25559999999999994
018.png,1.0085,1.0,1.0,0.9894,1.0,0.008499999999999952,0.008499999999999952,0.019100000000000006,0.008499999999999952
018.png,1.0085,1.0,1.0,0.9894,1.0,0.008499999999999952,0.008499999999999952,0.019100000000000006,0.008499999999999952
018.png,1.0085,1.0,1.0,0.9894,1.0,0.008499999999999952,0.008499999999999952,0.019100000000000006,0.008499999999999952
018.png,1.0085,1.0,1.0,0.9894,0.7529,0.008499999999999952,0.008499999999999952,0.019100000000000006,0.25559999999999994
018.png,1.0085,1.0,1.0,0.9894,1.0,0.008499999999999952,0.008499999999999952,0.019100000000000006,0.008499999999999952
018.png,1.0085,1.0,1.0,0.9894,1.0,0.008499999999999952,0.008499999999999952,0.019100000000000006,0.008499999999999952
018.png,1.0085,1.0,1.0,0.9894,1.0,0.008499999999999952,0.008499999999999952,0.019100000000000006,0.008499999999999952
018.png,1.0085,1.0,1.0,0.9894,0.7529,0.008499999999999952,0.008499999999999952,0.019100000000000006,0.25559999999999994
018.png,1.0085,1.0,1.0,0.9894,1.0,0.008499999999999952,0.008499999999999952,0.019100000000000006,0.008499999999999952
018.png,1.0085,1.0,1.0,0.9894,1.0,0.008499999999999952,0.008499999999999952,0.019100000000000006,0.008499999999999952
018.png,1.0085,1.0,1.0,0.9894,1.0,0.008499999999999952,0.008499999999999952,0.019100000000000006,0.008499999999999952
018.png,1.0085,1.0,1.0,0.9894,0.7529,0.008499999999999952,0.008499999999999952,0.019100000000000006,0.25559999999999994
018.png,1.0085,1.0,1.0,0.9894,1.0,0.008499999999999952,0.008499999999999952,0.019100000000000006,0.008499999999999952
018.png,1.0085,1.0,1.0,0.9894,1.0,0.008499999999999952,0.008499999999999952,0.019100000000000006,0.008499999999999952
018.png,1.0085,1.0,1.0,0.9894,1.0,0.008499999999999952,0.008499999999999952,0.019100000000000006,0.008499999999999952
018.png,1.0085,1.0,1.0,0.9894,0.7529,0.008499999999999952,0.008499999999999952,0.019100000000000006,0.25559999999999994
018.png,1.0085,1.0,1.0,0.9894,1.0,0.008499999999999952,0.008499999999999952,0.019100000000000006,0.008499999999999952
018.png,1.0085,1.0,1.0,0.9894,1.0,0.008499999999999952,0.008499999999999952,0.019100000000000006,0.008499999999999952
018.png,1.0085,1.0,1.0,0.9894,1.0,0.008499999999999952,0.008499999999999952,0.019100000000000006,0.008499999999999952
018.png,1.0085,1.0,1.0,0.9894,0.7529,0.008499999999999952,0.008499999999999952,0.019100000000000006,0.25559999999999994
018.png,1.0085,1.0,1.0,0.9894,1.0,0.008499999999999952,0.008499999999999952,0.019100000000000006,0.008499999999999952
018.png,1.0085,1.0,1.0,0.9894,1.0,0.008499999999999952,0.008499999999999952,0.019100000000000006,0.008499999999999952
018.png,1.0085,1.0,1.0,0.9894,1.0,0.008499999999999952,0.008499999999999952,0.019100000000000006,0.008499999999999952
018.png,1.0085,1.0,1.0,0.9894,0.7529,0.008499999999999952,0.008499999999999952,0.019100000000000006,0.25559999999999994
018.png,1.0085,1.0,1.0,0.9894,1.0,0.008499999999999952,0.008499999999999952,0.019100000000000006,0.008499999999999952
018.png,1.0085,1.0,1.0,0.9894,1.0,0.008499999999999952,0.008499999999999952,0.019100000000000006,0.008499999999999952
018.png,1.0085,1.0,1.0,0.9894,1.0,0.008499999999999952,0.008499999999999952,0.019100000000000006,0.008499999999999952
018.png,1.0085,1.0,1.0,0.9894,0.7529,0.008499999999999952,0.008499999999999952,0.019100000000000006,0.25559999999999994
018.png,1.0085,1.0,1.0,0.9894,1.0,0.008499999999999952,0.008499999999999952,0.019100000000000006,0.008499999999999952
018.png,1.0085,1.0,1.0,0.9894,1.0,0.008499999999999952,0.008499999999999952,0.019100000000000006,0.008499999999999952
018.png,1.0085,1.0,1.0,0.9894,1.0,0.008499999999999952,0.008499999999999952,0.019100000000000006,0.008499999999999952
018.png,1.0085,1.0,1.0,0.9894,0.7529,0.008499999999999952,0.008499999999999952,0.019100000000000006,0.25559999999999994
018.png,1.0085,1.0,1.0,0.9894,1.0,0.008499999999999952,0.008499999999999952,0.019100000000000006,0.008499999999999952
018.png,1.0085,1.0,1.0,0.9894,1.0,0.008499999999999952,0.008499999999999952,0.019100000000000006,0.008499999999999952
018.png,1.0085,1.0,1.0,0.9894,1.0,0.008499999999999952,0.008499999999999952,0.019100000000000006,0.008499999999999952
018.png,1.0085,1.0,1.0,0.9894,0.7529,0.008499999999999952,0.008499999999999952,0.019100000000000006,0.25559999999999994
018.png,1.0085,1.0,1.0,0.9894,1.0,0.008499999999999952,0.008499999999999952,0.019100000000000006,0.008499999999999952
018.png,1.0085,1.0,1.0,0.9894,1.0,0.008499999999999952,0.008499999999999952,0.019100000000000006,0.008499999999999952
018.png,1.0085,1.0,1.0,0.9894,1.0,0.008499999999999952,0.008499999999999952,0.019100000000000006,0.008499999999999952
018.png,1.0085,1.0,1.0,0.9894,0.7529,0.008499999999999952,0.008499999999999952,0.019100000000000006,0.25559999999999994
018.png,1.0085,1.0,1.0,0.9894,1.0,0.008499999999999952,0.008499999999999952,0.019100000000000006,0.008499999999999952
018.png,1.0085,1.0,1.0,0.9894,1.0,0.008499999999999952,0.008499999999999952,0.019100000000000006,0.008499999999999952
018.png,1.0085,1.0,1.0,0.9894,1.0,0.008499999999999952,0.008499999999999952,0.019100000000000006,0.008499999999999952
018.png,1.0085,1.0,1.0,0.9894,0.7529,0.008499999999999952,0.008499999999999952,0.019100000000000006,0.25559999999999994
018.png,1.0085,1.0,1.0,0.9894,1.0,0.008499999999999952,0.008499999999999952,0.019100000000000006,0.008499999999999952
018.png,1.0085,1.0,1.0,0.9894,1.0,0.008499999999999952,0.008499999999999952,0.019100000000000006,0.008499999999999952
018.png,1.0085,1.0,1.0,0.9894,1.0,0.008499999999999952,0.008499999999999952,0.019100000000000006,0.008499999999999952
018.png,1.0085,1.0,1.0,0.9894,0.7529,0.008499999999999952,0.008499999999999952,0.019100000000000006,0.25559999999999994
018.png,1.0085,1.0,1.0,0.9894,1.0,0.008499999999999952,0.008499999999999952,0.019100000000000006,0.008499999999999952
018.png,1.0085,1.0,1.0,0.9894,1.0,0.008499999999999952,0.008499999999999952,0.019100000000000006,0.008499999999999952
018.png,1.0085,1.0,1.0,0.9894,1.0,0.008499999999999952,0.008499999999999952,0.019100000000000006,0.008499999999999952
018.png,1.0085,1.0,1.0,0.9894,0.7529,0.008499999999999952,0.008499999999999952,0.019100000000000006,0.25559999999999994
018.png,1.0085,1.0,1.0,0.9894,1.0,0.008499999999999952,0.008499999999999952,0.019100000000000006,0.008499999999999952
018.png,1.0085,1.0,1.0,0.9894,1.0,0.008499999999999952,0.008499999999999952,0.019100000000000006,0.008499999999999952
018.png,1.0085,1.0,1.0,0.9894,1.0,0.008499999999999952,0.008499999999999952,0.019100000000000006,0.008499999999999952
018.png,1.0085,1.0,1.0,0.9894,0.7529,0.008499999999999952,0.008499999999999952,0.019100000000000006,0.25559999999999994
018.png,1.0085,1.0,1.0,0.9894,1.0,0.008499999999999952,0.008499999999999952,0.019100000000000006,0.008499999999999952
018.png,1.0085,1.0,1.0,0.9894,1.0,0.008499999999999952,0.008499999999999952,0.019100000000000006,0.008499999999999952
018.png,1.0085,1.0,1.0,0.9894,1.0,0.008499999999999952,0.008499999999999952,0.019100000000000006,0.008499999999999952
018.png,1.0085,1.0,1.0,0.9894,0.7529,0.008499999999999952,0.008499999999999952,0.019100000000000006,0.25559999999999994
018.png,1.0085,1.0,1.0,0.9894,1.0,0.008499999999999952,0.008499999999999952,0.019100000000000006,0.008499999999999952
006.png,0.9373,1.0,1.0,0.9258,1.0,0.06269999999999998,0.06269999999999998,0.011500000000000066,0.06269999999999998
006.png,0.9373,1.0,1.0,0.9258,1.0,0.06269999999999998,0.06269999999999998,0.011500000000000066,0.06269999999999998
006.png,0.9373,1.0,1.0,0.9258,0.7994,0.06269999999999998,0.06269999999999998,0.011500000000000066,0.13790000000000002
006.png,0.9373,1.0,1.0,0.9258,1.0,0.06269999999999998,0.06269999999999998,0.011500000000000066,0.06269999999999998
006.png,0.9373,1.0,1.0,0.9258,1.0,0.06269999999999998,0.06269999999999998,0.011500000000000066,0.06269999999999998
006.png,0.9373,1.0,1.0,0.9258,1.0,0.06269999999999998,0.06269999999999998,0.011500000000000066,0.06269999999999998
006.png,0.9373,1.0,1.0,0.9258,0.7994,0.06269999999999998,0.06269999999999998,0.011500000000000066,0.13790000000000002
006.png,0.9373,1.0,1.0,0.9258,1.0,0.06269999999999998,0.06269999999999998,0.011500000000000066,0.06269999999999998
006.png,0.9373,1.0,1.0,0.9258,1.0,0.06269999999999998,0.06269999999999998,0.011500000000000066,0.06269999999999998
006.png,0.9373,1.0,1.0,0.9258,1.0,0.06269999999999998,0.06269999999999998,0.011500000000000066,0.06269999999999998
006.png,0.9373,1.0,1.0,0.9258,0.7994,0.06269999999999998,0.06269999999999998,0.011500000000000066,0.13790000000000002
006.png,0.9373,1.0,1.0,0.9258,1.0,0.06269999999999998,0.06269999999999998,0.011500000000000066,0.06269999999999998
006.png,0.9373,1.0,1.0,0.9258,1.0,0.06269999999999998,0.06269999999999998,0.011500000000000066,0.06269999999999998
006.png,0.9373,1.0,1.0,0.9258,1.0,0.06269999999999998,0.06269999999999998,0.011500000000000066,0.06269999999999998
006.png,0.9373,1.0,1.0,0.9258,0.7994,0.06269999999999998,0.06269999999999998,0.011500000000000066,0.13790000000000002
006.png,0.9373,1.0,1.0,0.9258,1.0,0.06269999999999998,0.06269999999999998,0.011500000000000066,0.06269999999999998
006.png,0.9373,1.0,1.0,0.9258,1.0,0.06269999999999998,0.06269999999999998,0.011500000000000066,0.06269999999999998
006.png,0.9373,1.0,1.0,0.9258,1.0,0.06269999999999998,0.06269999999999998,0.011500000000000066,0.06269999999999998
006.png,0.9373,1.0,1.0,0.9258,0.7994,0.06269999999999998,0.06269999999999998,0.011500000000000066,0.13790000000000002
006.png,0.9373,1.0,1.0,0.9258,1.0,0.06269999999999998,0.06269999999999998,0.011500000000000066,0.06269999999999998
006.png,0.9373,1.0,1.0,0.9258,1.0,0.06269999999999998,0.06269999999999998,0.011500000000000066,0.06269999999999998
006.png,0.9373,1.0,1.0,0.9258,1.0,0.06269999999999998,0.06269999999999998,0.011500000000000066,0.06269999999999998
006.png,0.9373,1.0,1.0,0.9258,0.7994,0.06269999999999998,0.06269999999999998,0.011500000000000066,0.13790000000000002
006.png,0.9373,1.0,1.0,0.9258,1.0,0.06269999999999998,0.06269999999999998,0.011500000000000066,0.06269999999999998
006.png,0.9373,1.0,1.0,0.9258,1.0,0.06269999999999998,0.06269999999999998,0.011500000000000066,0.06269999999999998
006.png,0.9373,1.0,1.0,0.9258,1.0,0.06269999999999998,0.06269999999999998,0.011500000000000066,0.06269999999999998
006.png,0.9373,1.0,1.0,0.9258,0.7994,0.06269999999999998,0.06269999999999998,0.011500000000000066,0.13790000000000002
006.png,0.9373,1.0,1.0,0.9258,1.0,0.06269999999999998,0.06269999999999998,0.011500000000000066,0.06269999999999998
006.png,0.9373,1.0,1.0,0.9258,1.0,0.06269999999999998,0.06269999999999998,0.011500000000000066,0.06269999999999998
006.png,0.9373,1.0,1.0,0.9258,1.0,0.06269999999999998,0.06269999999999998,0.011500000000000066,0.06269999999999998
006.png,0.9373,1.0,1.0,0.9258,0.7994,0.06269999999999998,0.06269999999999998,0.011500000000000066,0.13790000000000002
006.png,0.9373,1.0,1.0,0.9258,1.0,0.06269999999999998,0.06269999999999998,0.011500000000000066,0.06269999999999998
006.png,0.9373,1.0,1.0,0.9258,1.0,0.06269999999999998,0.06269999999999998,0.011500000000000066,0.06269999999999998
006.png,0.9373,1.0,1.0,0.9258,1.0,0.06269999999999998,0.06269999999999998,0.011500000000000066,0.06269999999999998
006.png,0.9373,1.0,1.0,0.9258,0.7994,0.06269999999999998,0.06269999999999998,0.011500000000000066,0.13790000000000002
006.png,0.9373,1.0,1.0,0.9258,1.0,0.06269999999999998,0.06269999999999998,0.011500000000000066,0.06269999999999998
006.png,0.9373,1.0,1.0,0.9258,1.0,0.06269999999999998,0.06269999999999998,0.011500000000000066,0.06269999999999998
006.png,0.9373,1.0,1.0,0.9258,1.0,0.06269999999999998,0.06269999999999998,0.011500000000000066,0.06269999999999998
006.png,0.9373,1.0,1.0,0.9258,0.7994,0.06269999999999998,0.06269999999999998,0.011500000000000066,0.13790000000000002
006.png,0.9373,1.0,1.0,0.9258,1.0,0.06269999999999998,0.06269999999999998,0.011500000000000066,0.06269999999999998
006.png,0.9373,1.0,1.0,0.9258,1.0,0.06269999999999998,0.06269999999999998,0.011500000000000066,0.06269999999999998
006.png,0.9373,1.0,1.0,0.9258,1.0,0.06269999999999998,0.06269999999999998,0.011500000000000066,0.06269999999999998
006.png,0.9373,1.0,1.0,0.9258,0.7994,0.06269999999999998,0.06269999999999998,0.011500000000000066,0.13790000000000002
006.png,0.9373,1.0,1.0,0.9258,1.0,0.06269999999999998,0.06269999999999998,0.011500000000000066,0.06269999999999998
006.png,0.9373,1.0,1.0,0.9258,1.0,0.06269999999999998,0.06269999999999998,0.011500000000000066,0.06269999999999998
006.png,0.9373,1.0,1.0,0.9258,1.0,0.06269999999999998,0.06269999999999998,0.011500000000000066,0.06269999999999998
006.png,0.9373,1.0,1.0,0.9258,0.7994,0.06269999999999998,0.06269999999999998,0.011500000000000066,0.13790000000000002
006.png,0.9373,1.0,1.0,0.9258,1.0,0.06269999999999998,0.06269999999999998,0.011500000000000066,0.06269999999999998
006.png,0.9373,1.0,1.0,0.9258,1.0,0.06269999999999998,0.06269999999999998,0.011500000000000066,0.06269999999999998
006.png,0.9373,1.0,1.0,0.9258,1.0,0.06269999999999998,0.06269999999999998,0.011500000000000066,0.06269999999999998
006.png,0.9373,1.0,1.0,0.9258,0.7994,0.06269999999999998,0.06269999999999998,0.011500000000000066,0.13790000000000002
006.png,0.9373,1.0,1.0,0.9258,1.0,0.06269999999999998,0.06269999999999998,0.011500000000000066,0.06269999999999998
006.png,0.9373,1.0,1.0,0.9258,1.0,0.06269999999999998,0.06269999999999998,0.011500000000000066,0.06269999999999998
006.png,0.9373,1.0,1.0,0.9258,1.0,0.06269999999999998,0.06269999999999998,0.011500000000000066,0.06269999999999998
006.png,0.9373,1.0,1.0,0.9258,0.7994,0.06269999999999998,0.06269999999999998,0.011500000000000066,0.13790000000000002
006.png,0.9373,1.0,1.0,0.9258,1.0,0.06269999999999998,0.06269999999999998,0.011500000000000066,0.06269999999999998
006.png,0.9373,1.0,1.0,0.9258,1.0,0.06269999999999998,0.06269999999999998,0.011500000000000066,0.06269999999999998
006.png,0.9373,1.0,1.0,0.9258,1.0,0.06269999999999998,0.06269999999999998,0.011500000000000066,0.06269999999999998
006.png,0.9373,1.0,1.0,0.9258,0.7994,0.06269999999999998,0.06269999999999998,0.011500000000000066,0.13790000000000002
006.png,0.9373,1.0,1.0,0.9258,1.0,0.06269999999999998,0.06269999999999998,0.011500000000000066,0.06269999999999998
006.png,0.9373,1.0,1.0,0.9258,1.0,0.06269999999999998,0.06269999999999998,0.011500000000000066,0.06269999999999998
006.png,0.9373,1.0,1.0,0.9258,1.0,0.06269999999999998,0.06269999999999998,0.011500000000000066,0.06269999999999998
006.png,0.9373,1.0,1.0,0.9258,0.7994,0.06269999999999998,0.06269999999999998,0.011500000000000066,0.13790000000000002
006.png,0.9373,1.0,1.0,0.9258,1.0,0.06269999999999998,0.06269999999999998,0.011500000000000066,0.06269999999999998
020.png,0.8304,1.0,1.0,0.9697,1.0,0.16959999999999997,0.16959999999999997,0.13929999999999998,0.16959999999999997
020.png,0.8304,1.0,1.0,0.9697,1.0,0.16959999999999997,0.16959999999999997,0.13929999999999998,0.16959999999999997
020.png,0.8304,1.0,1.0,0.9697,1.0,0.16959999999999997,0.16959999999999997,0.13929999999999998,0.16959999999999997
020.png,0.8304,1.0,1.0,0.9697,1.0,0.16959999999999997,0.16959999999999997,0.13929999999999998,0.16959999999999997
020.png,0.8304,1.0,1.0,0.9697,1.0,0.16959999999999997,0.16959999999999997,0.13929999999999998,0.16959999999999997
020.png,0.8304,1.0,1.0,0.9697,1.0,0.16959999999999997,0.16959999999999997,0.13929999999999998,0.16959999999999997
020.png,0.8304,1.0,1.0,0.9697,1.0,0.16959999999999997,0.16959999999999997,0.13929999999999998,0.16959999999999997
020.png,0.8304,1.0,1.0,0.9697,1.0,0.16959999999999997,0.16959999999999997,0.13929999999999998,0.16959999999999997
016.png,0.8384,1.0,1.0,0.9169,1.0,0.16159999999999997,0.16159999999999997,0.07850000000000001,0.16159999999999997
016.png,0.8384,1.0,1.0,0.9169,1.0,0.16159999999999997,0.16159999999999997,0.07850000000000001,0.16159999999999997
016.png,0.8384,1.0,1.0,0.9169,0.7449,0.16159999999999997,0.16159999999999997,0.07850000000000001,0.09350000000000003
016.png,0.8384,1.0,1.0,0.9169,1.0,0.16159999999999997,0.16159999999999997,0.07850000000000001,0.16159999999999997
016.png,0.8384,1.0,1.0,0.9169,1.0,0.16159999999999997,0.16159999999999997,0.07850000000000001,0.16159999999999997
016.png,0.8384,1.0,1.0,0.9169,1.0,0.16159999999999997,0.16159999999999997,0.07850000000000001,0.16159999999999997
016.png,0.8384,1.0,1.0,0.9169,0.7449,0.16159999999999997,0.16159999999999997,0.07850000000000001,0.09350000000000003
016.png,0.8384,1.0,1.0,0.9169,1.0,0.16159999999999997,0.16159999999999997,0.07850000000000001,0.16159999999999997
016.png,0.8384,1.0,1.0,0.9169,1.0,0.16159999999999997,0.16159999999999997,0.07850000000000001,0.16159999999999997
016.png,0.8384,1.0,1.0,0.9169,1.0,0.16159999999999997,0.16159999999999997,0.07850000000000001,0.16159999999999997
016.png,0.8384,1.0,1.0,0.9169,0.7449,0.16159999999999997,0.16159999999999997,0.07850000000000001,0.09350000000000003
016.png,0.8384,1.0,1.0,0.9169,1.0,0.16159999999999997,0.16159999999999997,0.07850000000000001,0.16159999999999997
016.png,0.8384,1.0,1.0,0.9169,1.0,0.16159999999999997,0.16159999999999997,0.07850000000000001,0.16159999999999997
016.png,0.8384,1.0,1.0,0.9169,1.0,0.16159999999999997,0.16159999999999997,0.07850000000000001,0.16159999999999997
016.png,0.8384,1.0,1.0,0.9169,0.7449,0.16159999999999997,0.16159999999999997,0.07850000000000001,0.09350000000000003
016.png,0.8384,1.0,1.0,0.9169,1.0,0.16159999999999997,0.16159999999999997,0.07850000000000001,0.16159999999999997
016.png,0.8384,1.0,1.0,0.9169,1.0,0.16159999999999997,0.16159999999999997,0.07850000000000001,0.16159999999999997
016.png,0.8384,1.0,1.0,0.9169,1.0,0.16159999999999997,0.16159999999999997,0.07850000000000001,0.16159999999999997
016.png,0.8384,1.0,1.0,0.9169,0.7449,0.16159999999999997,0.16159999999999997,0.07850000000000001,0.09350000000000003
016.png,0.8384,1.0,1.0,0.9169,1.0,0.16159999999999997,0.16159999999999997,0.07850000000000001,0.16159999999999997
016.png,0.8384,1.0,1.0,0.9169,1.0,0.16159999999999997,0.16159999999999997,0.07850000000000001,0.16159999999999997
016.png,0.8384,1.0,1.0,0.9169,1.0,0.16159999999999997,0.16159999999999997,0.07850000000000001,0.16159999999999997
016.png,0.8384,1.0,1.0,0.9169,0.7449,0.16159999999999997,0.16159999999999997,0.07850000000000001,0.09350000000000003
016.png,0.8384,1.0,1.0,0.9169,1.0,0.16159999999999997,0.16159999999999997,0.07850000000000001,0.16159999999999997
016.png,0.8384,1.0,1.0,0.9169,1.0,0.16159999999999997,0.16159999999999997,0.07850000000000001,0.16159999999999997
016.png,0.8384,1.0,1.0,0.9169,1.0,0.16159999999999997,0.16159999999999997,0.07850000000000001,0.16159999999999997
016.png,0.8384,1.0,1.0,0.9169,0.7449,0.16159999999999997,0.16159999999999997,0.07850000000000001,0.09350000000000003
016.png,0.8384,1.0,1.0,0.9169,1.0,0.16159999999999997,0.16159999999999997,0.07850000000000001,0.16159999999999997
016.png,0.8384,1.0,1.0,0.9169,1.0,0.16159999999999997,0.16159999999999997,0.07850000000000001,0.16159999999999997
016.png,0.8384,1.0,1.0,0.9169,1.0,0.16159999999999997,0.16159999999999997,0.07850000000000001,0.16159999999999997
016.png,0.8384,1.0,1.0,0.9169,0.7449,0.16159999999999997,0.16159999999999997,0.07850000000000001,0.09350000000000003
016.png,0.8384,1.0,1.0,0.9169,1.0,0.16159999999999997,0.16159999999999997,0.07850000000000001,0.16159999999999997
016.png,0.8384,1.0,1.0,0.9169,1.0,0.16159999999999997,0.16159999999999997,0.07850000000000001,0.16159999999999997
016.png,0.8384,1.0,1.0,0.9169,1.0,0.16159999999999997,0.16159999999999997,0.07850000000000001,0.16159999999999997
016.png,0.8384,1.0,1.0,0.9169,0.7449,0.16159999999999997,0.16159999999999997,0.07850000000000001,0.09350000000000003
016.png,0.8384,1.0,1.0,0.9169,1.0,0.16159999999999997,0.16159999999999997,0.07850000000000001,0.16159999999999997
016.png,0.8384,1.0,1.0,0.9169,1.0,0.16159999999999997,0.16159999999999997,0.07850000000000001,0.16159999999999997
016.png,0.8384,1.0,1.0,0.9169,1.0,0.16159999999999997,0.16159999999999997,0.07850000000000001,0.16159999999999997
016.png,0.8384,1.0,1.0,0.9169,0.7449,0.16159999999999997,0.16159999999999997,0.07850000000000001,0.09350000000000003
016.png,0.8384,1.0,1.0,0.9169,1.0,0.16159999999999997,0.16159999999999997,0.07850000000000001,0.16159999999999997
016.png,0.8384,1.0,1.0,0.9169,1.0,0.16159999999999997,0.16159999999999997,0.07850000000000001,0.16159999999999997
016.png,0.8384,1.0,1.0,0.9169,1.0,0.16159999999999997,0.16159999999999997,0.07850000000000001,0.16159999999999997
016.png,0.8384,1.0,1.0,0.9169,0.7449,0.16159999999999997,0.16159999999999997,0.07850000000000001,0.09350000000000003
016.png,0.8384,1.0,1.0,0.9169,1.0,0.16159999999999997,0.16159999999999997,0.07850000000000001,0.16159999999999997
016.png,0.8384,1.0,1.0,0.9169,1.0,0.16159999999999997,0.16159999999999997,0.07850000000000001,0.16159999999999997
016.png,0.8384,1.0,1.0,0.9169,1.0,0.16159999999999997,0.16159999999999997,0.07850000000000001,0.16159999999999997
016.png,0.8384,1.0,1.0,0.9169,0.7449,0.16159999999999997,0.16159999999999997,0.07850000000000001,0.09350000000000003
016.png,0.8384,1.0,1.0,0.9169,1.0,0.16159999999999997,0.16159999999999997,0.07850000000000001,0.16159999999999997
016.png,0.8384,1.0,1.0,0.9169,1.0,0.16159999999999997,0.16159999999999997,0.07850000000000001,0.16159999999999997
016.png,0.8384,1.0,1.0,0.9169,1.0,0.16159999999999997,0.16159999999999997,0.07850000000000001,0.16159999999999997
016.png,0.8384,1.0,1.0,0.9169,0.7449,0.16159999999999997,0.16159999999999997,0.07850000000000001,0.09350000000000003
016.png,0.8384,1.0,1.0,0.9169,1.0,0.16159999999999997,0.16159999999999997,0.07850000000000001,0.16159999999999997
016.png,0.8384,1.0,1.0,0.9169,1.0,0.16159999999999997,0.16159999999999997,0.07850000000000001,0.16159999999999997
016.png,0.8384,1.0,1.0,0.9169,1.0,0.16159999999999997,0.16159999999999997,0.07850000000000001,0.16159999999999997
016.png,0.8384,1.0,1.0,0.9169,0.7449,0.16159999999999997,0.16159999999999997,0.07850000000000001,0.09350000000000003
016.png,0.8384,1.0,1.0,0.9169,1.0,0.16159999999999997,0.16159999999999997,0.07850000000000001,0.16159999999999997
016.png,0.8384,1.0,1.0,0.9169,1.0,0.16159999999999997,0.16159999999999997,0.07850000000000001,0.16159999999999997
016.png,0.8384,1.0,1.0,0.9169,1.0,0.16159999999999997,0.16159999999999997,0.07850000000000001,0.16159999999999997
016.png,0.8384,1.0,1.0,0.9169,0.7449,0.16159999999999997,0.16159999999999997,0.07850000000000001,0.09350000000000003
016.png,0.8384,1.0,1.0,0.9169,1.0,0.16159999999999997,0.16159999999999997,0.07850000000000001,0.16159999999999997
016.png,0.8384,1.0,1.0,0.9169,1.0,0.16159999999999997,0.16159999999999997,0.07850000000000001,0.16159999999999997
016.png,0.8384,1.0,1.0,0.9169,1.0,0.16159999999999997,0.16159999999999997,0.07850000000000001,0.16159999999999997
016.png,0.8384,1.0,1.0,0.9169,0.7449,0.16159999999999997,0.16159999999999997,0.07850000000000001,0.09350000000000003
016.png,0.8384,1.0,1.0,0.9169,1.0,0.16159999999999997,0.16159999999999997,0.07850000000000001,0.16159999999999997
014.png,0.8913,1.0,1.0,0.876,1.0,0.10870000000000002,0.10870000000000002,0.01529999999999998,0.10870000000000002
014.png,0.8913,1.0,1.0,0.876,1.0,0.10870000000000002,0.10870000000000002,0.01529999999999998,0.10870000000000002
014.png,0.8913,1.0,1.0,0.876,0.7149,0.10870000000000002,0.10870000000000002,0.01529999999999998,0.1764
014.png,0.8913,1.0,1.0,0.876,1.0,0.10870000000000002,0.10870000000000002,0.01529999999999998,0.10870000000000002
014.png,0.8913,1.0,1.0,0.876,1.0,0.10870000000000002,0.10870000000000002,0.01529999999999998,0.10870000000000002
014.png,0.8913,1.0,1.0,0.876,1.0,0.10870000000000002,0.10870000000000002,0.01529999999999998,0.10870000000000002
014.png,0.8913,1.0,1.0,0.876,0.7149,0.10870000000000002,0.10870000000000002,0.01529999999999998,0.1764
014.png,0.8913,1.0,1.0,0.876,1.0,0.10870000000000002,0.10870000000000002,0.01529999999999998,0.10870000000000002
014.png,0.8913,1.0,0.9813,0.876,1.0,0.10870000000000002,0.08999999999999997,0.01529999999999998,0.10870000000000002
014.png,0.8913,1.0,0.9813,0.876,1.0,0.10870000000000002,0.08999999999999997,0.01529999999999998,0.10870000000000002
014.png,0.8913,1.0,0.9813,0.876,0.7149,0.10870000000000002,0.08999999999999997,0.01529999999999998,0.1764
014.png,0.8913,1.0,0.9813,0.876,1.0,0.10870000000000002,0.08999999999999997,0.01529999999999998,0.10870000000000002
014.png,0.8913,1.0,1.0,0.876,1.0,0.10870000000000002,0.10870000000000002,0.01529999999999998,0.10870000000000002
014.png,0.8913,1.0,1.0,0.876,1.0,0.10870000000000002,0.10870000000000002,0.01529999999999998,0.10870000000000002
014.png,0.8913,1.0,1.0,0.876,0.7149,0.10870000000000002,0.10870000000000002,0.01529999999999998,0.1764
014.png,0.8913,1.0,1.0,0.876,1.0,0.10870000000000002,0.10870000000000002,0.01529999999999998,0.10870000000000002
014.png,0.8913,1.0,1.0,0.876,1.0,0.10870000000000002,0.10870000000000002,0.01529999999999998,0.10870000000000002
014.png,0.8913,1.0,1.0,0.876,1.0,0.10870000000000002,0.10870000000000002,0.01529999999999998,0.10870000000000002
014.png,0.8913,1.0,1.0,0.876,0.7149,0.10870000000000002,0.10870000000000002,0.01529999999999998,0.1764
014.png,0.8913,1.0,1.0,0.876,1.0,0.10870000000000002,0.10870000000000002,0.01529999999999998,0.10870000000000002
014.png,0.8913,1.0,1.0,0.876,1.0,0.10870000000000002,0.10870000000000002,0.01529999999999998,0.10870000000000002
014.png,0.8913,1.0,1.0,0.876,1.0,0.10870000000000002,0.10870000000000002,0.01529999999999998,0.10870000000000002
014.png,0.8913,1.0,1.0,0.876,0.7149,0.10870000000000002,0.10870000000000002,0.01529999999999998,0.1764
014.png,0.8913,1.0,1.0,0.876,1.0,0.10870000000000002,0.10870000000000002,0.01529999999999998,0.10870000000000002
014.png,0.8913,1.0,0.9813,0.876,1.0,0.10870000000000002,0.08999999999999997,0.01529999999999998,0.10870000000000002
014.png,0.8913,1.0,0.9813,0.876,1.0,0.10870000000000002,0.08999999999999997,0.01529999999999998,0.10870000000000002
014.png,0.8913,1.0,0.9813,0.876,0.7149,0.10870000000000002,0.08999999999999997,0.01529999999999998,0.1764
014.png,0.8913,1.0,0.9813,0.876,1.0,0.10870000000000002,0.08999999999999997,0.01529999999999998,0.10870000000000002
014.png,0.8913,1.0,1.0,0.876,1.0,0.10870000000000002,0.10870000000000002,0.01529999999999998,0.10870000000000002
014.png,0.8913,1.0,1.0,0.876,1.0,0.10870000000000002,0.10870000000000002,0.01529999999999998,0.10870000000000002
014.png,0.8913,1.0,1.0,0.876,0.7149,0.10870000000000002,0.10870000000000002,0.01529999999999998,0.1764
014.png,0.8913,1.0,1.0,0.876,1.0,0.10870000000000002,0.10870000000000002,0.01529999999999998,0.10870000000000002
014.png,0.8913,1.0,1.0,0.876,1.0,0.10870000000000002,0.10870000000000002,0.01529999999999998,0.10870000000000002
014.png,0.8913,1.0,1.0,0.876,1.0,0.10870000000000002,0.10870000000000002,0.01529999999999998,0.10870000000000002
014.png,0.8913,1.0,1.0,0.876,0.7149,0.10870000000000002,0.10870000000000002,0.01529999999999998,0.1764
014.png,0.8913,1.0,1.0,0.876,1.0,0.10870000000000002,0.10870000000000002,0.01529999999999998,0.10870000000000002
014.png,0.8913,1.0,1.0,0.876,1.0,0.10870000000000002,0.10870000000000002,0.01529999999999998,0.10870000000000002
014.png,0.8913,1.0,1.0,0.876,1.0,0.10870000000000002,0.10870000000000002,0.01529999999999998,0.10870000000000002
014.png,0.8913,1.0,1.0,0.876,0.7149,0.10870000000000002,0.10870000000000002,0.01529999999999998,0.1764
014.png,0.8913,1.0,1.0,0.876,1.0,0.10870000000000002,0.10870000000000002,0.01529999999999998,0.10870000000000002
014.png,0.8913,1.0,0.9813,0.876,1.0,0.10870000000000002,0.08999999999999997,0.01529999999999998,0.10870000000000002
014.png,0.8913,1.0,0.9813,0.876,1.0,0.10870000000000002,0.08999999999999997,0.01529999999999998,0.10870000000000002
014.png,0.8913,1.0,0.9813,0.876,0.7149,0.10870000000000002,0.08999999999999997,0.01529999999999998,0.1764
014.png,0.8913,1.0,0.9813,0.876,1.0,0.10870000000000002,0.08999999999999997,0.01529999999999998,0.10870000000000002
014.png,0.8913,1.0,1.0,0.876,1.0,0.10870000000000002,0.10870000000000002,0.01529999999999998,0.10870000000000002
014.png,0.8913,1.0,1.0,0.876,1.0,0.10870000000000002,0.10870000000000002,0.01529999999999998,0.10870000000000002
014.png,0.8913,1.0,1.0,0.876,0.7149,0.10870000000000002,0.10870000000000002,0.01529999999999998,0.1764
014.png,0.8913,1.0,1.0,0.876,1.0,0.10870000000000002,0.10870000000000002,0.01529999999999998,0.10870000000000002
014.png,0.8913,1.0,1.0,0.876,1.0,0.10870000000000002,0.10870000000000002,0.01529999999999998,0.10870000000000002
014.png,0.8913,1.0,1.0,0.876,1.0,0.10870000000000002,0.10870000000000002,0.01529999999999998,0.10870000000000002
014.png,0.8913,1.0,1.0,0.876,0.7149,0.10870000000000002,0.10870000000000002,0.01529999999999998,0.1764
014.png,0.8913,1.0,1.0,0.876,1.0,0.10870000000000002,0.10870000000000002,0.01529999999999998,0.10870000000000002
014.png,0.8913,1.0,1.0,0.876,1.0,0.10870000000000002,0.10870000000000002,0.01529999999999998,0.10870000000000002
014.png,0.8913,1.0,1.0,0.876,1.0,0.10870000000000002,0.10870000000000002,0.01529999999999998,0.10870000000000002
014.png,0.8913,1.0,1.0,0.876,0.7149,0.10870000000000002,0.10870000000000002,0.01529999999999998,0.1764
014.png,0.8913,1.0,1.0,0.876,1.0,0.10870000000000002,0.10870000000000002,0.01529999999999998,0.10870000000000002
014.png,0.8913,1.0,0.9813,0.876,1.0,0.10870000000000002,0.08999999999999997,0.01529999999999998,0.10870000000000002
014.png,0.8913,1.0,0.9813,0.876,1.0,0.10870000000000002,0.08999999999999997,0.01529999999999998,0.10870000000000002
014.png,0.8913,1.0,0.9813,0.876,0.7149,0.10870000000000002,0.08999999999999997,0.01529999999999998,0.1764
014.png,0.8913,1.0,0.9813,0.876,1.0,0.10870000000000002,0.08999999999999997,0.01529999999999998,0.10870000000000002
014.png,0.8913,1.0,1.0,0.876,1.0,0.10870000000000002,0.10870000000000002,0.01529999999999998,0.10870000000000002
014.png,0.8913,1.0,1.0,0.876,1.0,0.10870000000000002,0.10870000000000002,0.01529999999999998,0.10870000000000002
014.png,0.8913,1.0,1.0,0.876,0.7149,0.10870000000000002,0.10870000000000002,0.01529999999999998,0.1764
014.png,0.8913,1.0,1.0,0.876,1.0,0.10870000000000002,0.10870000000000002,0.01529999999999998,0.10870000000000002
008.png,0.8986,1.0,1.0,0.8782,1.0,0.10140000000000005,0.10140000000000005,0.020399999999999974,0.10140000000000005
008.png,0.8986,1.0,1.0,0.8782,1.0,0.10140000000000005,0.10140000000000005,0.020399999999999974,0.10140000000000005
008.png,0.8986,1.0,1.0,0.8782,0.7941,0.10140000000000005,0.10140000000000005,0.020399999999999974,0.10449999999999993
008.png,0.8986,1.0,1.0,0.8782,1.0,0.10140000000000005,0.10140000000000005,0.020399999999999974,0.10140000000000005
008.png,0.8986,1.0,1.0,0.8782,1.0,0.10140000000000005,0.10140000000000005,0.020399999999999974,0.10140000000000005
008.png,0.8986,1.0,1.0,0.8782,1.0,0.10140000000000005,0.10140000000000005,0.020399999999999974,0.10140000000000005
008.png,0.8986,1.0,1.0,0.8782,0.7941,0.10140000000000005,0.10140000000000005,0.020399999999999974,0.10449999999999993
008.png,0.8986,1.0,1.0,0.8782,1.0,0.10140000000000005,0.10140000000000005,0.020399999999999974,0.10140000000000005
008.png,0.8986,1.0,1.0,0.8782,1.0,0.10140000000000005,0.10140000000000005,0.020399999999999974,0.10140000000000005
008.png,0.8986,1.0,1.0,0.8782,1.0,0.10140000000000005,0.10140000000000005,0.020399999999999974,0.10140000000000005
008.png,0.8986,1.0,1.0,0.8782,0.7941,0.10140000000000005,0.10140000000000005,0.020399999999999974,0.10449999999999993
008.png,0.8986,1.0,1.0,0.8782,1.0,0.10140000000000005,0.10140000000000005,0.020399999999999974,0.10140000000000005
008.png,0.8986,1.0,1.0,0.8782,1.0,0.10140000000000005,0.10140000000000005,0.020399999999999974,0.10140000000000005
008.png,0.8986,1.0,1.0,0.8782,1.0,0.10140000000000005,0.10140000000000005,0.020399999999999974,0.10140000000000005
008.png,0.8986,1.0,1.0,0.8782,0.7941,0.10140000000000005,0.10140000000000005,0.020399999999999974,0.10449999999999993
008.png,0.8986,1.0,1.0,0.8782,1.0,0.10140000000000005,0.10140000000000005,0.020399999999999974,0.10140000000000005
008.png,0.8986,1.0,1.0,0.8782,1.0,0.10140000000000005,0.10140000000000005,0.020399999999999974,0.10140000000000005
008.png,0.8986,1.0,1.0,0.8782,1.0,0.10140000000000005,0.10140000000000005,0.020399999999999974,0.10140000000000005
008.png,0.8986,1.0,1.0,0.8782,0.7941,0.10140000000000005,0.10140000000000005,0.020399999999999974,0.10449999999999993
008.png,0.8986,1.0,1.0,0.8782,1.0,0.10140000000000005,0.10140000000000005,0.020399999999999974,0.10140000000000005
008.png,0.8986,1.0,1.0,0.8782,1.0,0.10140000000000005,0.10140000000000005,0.020399999999999974,0.10140000000000005
008.png,0.8986,1.0,1.0,0.8782,1.0,0.10140000000000005,0.10140000000000005,0.020399999999999974,0.10140000000000005
008.png,0.8986,1.0,1.0,0.8782,0.7941,0.10140000000000005,0.10140000000000005,0.020399999999999974,0.10449999999999993
008.png,0.8986,1.0,1.0,0.8782,1.0,0.10140000000000005,0.10140000000000005,0.020399999999999974,0.10140000000000005
008.png,0.8986,1.0,1.0,0.8782,1.0,0.10140000000000005,0.10140000000000005,0.020399999999999974,0.10140000000000005
008.png,0.8986,1.0,1.0,0.8782,1.0,0.10140000000000005,0.10140000000000005,0.020399999999999974,0.10140000000000005
008.png,0.8986,1.0,1.0,0.8782,0.7941,0.10140000000000005,0.10140000000000005,0.020399999999999974,0.10449999999999993
008.png,0.8986,1.0,1.0,0.8782,1.0,0.10140000000000005,0.10140000000000005,0.020399999999999974,0.10140000000000005
008.png,0.8986,1.0,1.0,0.8782,1.0,0.10140000000000005,0.10140000000000005,0.020399999999999974,0.10140000000000005
008.png,0.8986,1.0,1.0,0.8782,1.0,0.10140000000000005,0.10140000000000005,0.020399999999999974,0.10140000000000005
008.png,0.8986,1.0,1.0,0.8782,0.7941,0.10140000000000005,0.10140000000000005,0.020399999999999974,0.10449999999999993
008.png,0.8986,1.0,1.0,0.8782,1.0,0.10140000000000005,0.10140000000000005,0.020399999999999974,0.10140000000000005
008.png,0.8986,1.0,1.0,0.8782,1.0,0.10140000000000005,0.10140000000000005,0.020399999999999974,0.10140000000000005
008.png,0.8986,1.0,1.0,0.8782,1.0,0.10140000000000005,0.10140000000000005,0.020399999999999974,0.10140000000000005
008.png,0.8986,1.0,1.0,0.8782,0.7941,0.10140000000000005,0.10140000000000005,0.020399999999999974,0.10449999999999993
008.png,0.8986,1.0,1.0,0.8782,1.0,0.10140000000000005,0.10140000000000005,0.020399999999999974,0.10140000000000005
008.png,0.8986,1.0,1.0,0.8782,1.0,0.10140000000000005,0.10140000000000005,0.020399999999999974,0.10140000000000005
008.png,0.8986,1.0,1.0,0.8782,1.0,0.10140000000000005,0.10140000000000005,0.020399999999999974,0.10140000000000005
008.png,0.8986,1.0,1.0,0.8782,0.7941,0.10140000000000005,0.10140000000000005,0.020399999999999974,0.10449999999999993
008.png,0.8986,1.0,1.0,0.8782,1.0,0.10140000000000005,0.10140000000000005,0.020399999999999974,0.10140000000000005
008.png,0.8986,1.0,1.0,0.8782,1.0,0.10140000000000005,0.10140000000000005,0.020399999999999974,0.10140000000000005
008.png,0.8986,1.0,1.0,0.8782,1.0,0.10140000000000005,0.10140000000000005,0.020399999999999974,0.10140000000000005
008.png,0.8986,1.0,1.0,0.8782,0.7941,0.10140000000000005,0.10140000000000005,0.020399999999999974,0.10449999999999993
008.png,0.8986,1.0,1.0,0.8782,1.0,0.10140000000000005,0.10140000000000005,0.020399999999999974,0.10140000000000005
008.png,0.8986,1.0,1.0,0.8782,1.0,0.10140000000000005,0.10140000000000005,0.020399999999999974,0.10140000000000005
008.png,0.8986,1.0,1.0,0.8782,1.0,0.10140000000000005,0.10140000000000005,0.020399999999999974,0.10140000000000005
008.png,0.8986,1.0,1.0,0.8782,0.7941,0.10140000000000005,0.10140000000000005,0.020399999999999974,0.10449999999999993
008.png,0.8986,1.0,1.0,0.8782,1.0,0.10140000000000005,0.10140000000000005,0.020399999999999974,0.10140000000000005
008.png,0.8986,1.0,1.0,0.8782,1.0,0.10140000000000005,0.10140000000000005,0.020399999999999974,0.10140000000000005
008.png,0.8986,1.0,1.0,0.8782,1.0,0.10140000000000005,0.10140000000000005,0.020399999999999974,0.10140000000000005
008.png,0.8986,1.0,1.0,0.8782,0.7941,0.10140000000000005,0.10140000000000005,0.020399999999999974,0.10449999999999993
008.png,0.8986,1.0,1.0,0.8782,1.0,0.10140000000000005,0.10140000000000005,0.020399999999999974,0.10140000000000005
008.png,0.8986,1.0,1.0,0.8782,1.0,0.10140000000000005,0.10140000000000005,0.020399999999999974,0.10140000000000005
008.png,0.8986,1.0,1.0,0.8782,1.0,0.10140000000000005,0.10140000000000005,0.020399999999999974,0.10140000000000005
008.png,0.8986,1.0,1.0,0.8782,0.7941,0.10140000000000005,0.10140000000000005,0.020399999999999974,0.10449999999999993
008.png,0.8986,1.0,1.0,0.8782,1.0,0.10140000000000005,0.10140000000000005,0.020399999999999974,0.10140000000000005
008.png,0.8986,1.0,1.0,0.8782,1.0,0.10140000000000005,0.10140000000000005,0.020399999999999974,0.10140000000000005
008.png,0.8986,1.0,1.0,0.8782,1.0,0.10140000000000005,0.10140000000000005,0.020399999999999974,0.10140000000000005
008.png,0.8986,1.0,1.0,0.8782,0.7941,0.10140000000000005,0.10140000000000005,0.020399999999999974,0.10449999999999993
008.png,0.8986,1.0,1.0,0.8782,1.0,0.10140000000000005,0.10140000000000005,0.020399999999999974,0.10140000000000005
008.png,0.8986,1.0,1.0,0.8782,1.0,0.10140000000000005,0.10140000000000005,0.020399999999999974,0.10140000000000005
008.png,0.8986,1.0,1.0,0.8782,1.0,0.10140000000000005,0.10140000000000005,0.020399999999999974,0.10140000000000005
008.png,0.8986,1.0,1.0,0.8782,0.7941,0.10140000000000005,0.10140000000000005,0.020399999999999974,0.10449999999999993
008.png,0.8986,1.0,1.0,0.8782,1.0,0.10140000000000005,0.10140000000000005,0.020399999999999974,0.10140000000000005
005.png,0.9594,1.0,1.0,0.8889,1.0,0.04059999999999997,0.04059999999999997,0.07050000000000001,0.04059999999999997
005.png,0.9594,1.0,1.0,0.8889,1.0,0.04059999999999997,0.04059999999999997,0.07050000000000001,0.04059999999999997
005.png,0.9594,1.0,1.0,0.8889,0.816,0.04059999999999997,0.04059999999999997,0.07050000000000001,0.14340000000000008
005.png,0.9594,1.0,1.0,0.8889,1.0,0.04059999999999997,0.04059999999999997,0.07050000000000001,0.04059999999999997
005.png,0.9594,1.0,1.0,0.8889,1.0,0.04059999999999997,0.04059999999999997,0.07050000000000001,0.04059999999999997
005.png,0.9594,1.0,1.0,0.8889,1.0,0.04059999999999997,0.04059999999999997,0.07050000000000001,0.04059999999999997
005.png,0.9594,1.0,1.0,0.8889,0.816,0.04059999999999997,0.04059999999999997,0.07050000000000001,0.14340000000000008
005.png,0.9594,1.0,1.0,0.8889,1.0,0.04059999999999997,0.04059999999999997,0.07050000000000001,0.04059999999999997
005.png,0.9594,1.0,1.0,0.8889,1.0,0.04059999999999997,0.04059999999999997,0.07050000000000001,0.04059999999999997
005.png,0.9594,1.0,1.0,0.8889,1.0,0.04059999999999997,0.04059999999999997,0.07050000000000001,0.04059999999999997
005.png,0.9594,1.0,1.0,0.8889,0.816,0.04059999999999997,0.04059999999999997,0.07050000000000001,0.14340000000000008
005.png,0.9594,1.0,1.0,0.8889,1.0,0.04059999999999997,0.04059999999999997,0.07050000000000001,0.04059999999999997
005.png,0.9594,1.0,1.0,0.8889,1.0,0.04059999999999997,0.04059999999999997,0.07050000000000001,0.04059999999999997
005.png,0.9594,1.0,1.0,0.8889,1.0,0.04059999999999997,0.04059999999999997,0.07050000000000001,0.04059999999999997
005.png,0.9594,1.0,1.0,0.8889,0.816,0.04059999999999997,0.04059999999999997,0.07050000000000001,0.14340000000000008
005.png,0.9594,1.0,1.0,0.8889,1.0,0.04059999999999997,0.04059999999999997,0.07050000000000001,0.04059999999999997
005.png,0.9594,1.0,1.0,0.8889,1.0,0.04059999999999997,0.04059999999999997,0.07050000000000001,0.04059999999999997
005.png,0.9594,1.0,1.0,0.8889,1.0,0.04059999999999997,0.04059999999999997,0.07050000000000001,0.04059999999999997
005.png,0.9594,1.0,1.0,0.8889,0.816,0.04059999999999997,0.04059999999999997,0.07050000000000001,0.14340000000000008
005.png,0.9594,1.0,1.0,0.8889,1.0,0.04059999999999997,0.04059999999999997,0.07050000000000001,0.04059999999999997
005.png,0.9594,1.0,1.0,0.8889,1.0,0.04059999999999997,0.04059999999999997,0.07050000000000001,0.04059999999999997
005.png,0.9594,1.0,1.0,0.8889,1.0,0.04059999999999997,0.04059999999999997,0.07050000000000001,0.04059999999999997
005.png,0.9594,1.0,1.0,0.8889,0.816,0.04059999999999997,0.04059999999999997,0.07050000000000001,0.14340000000000008
005.png,0.9594,1.0,1.0,0.8889,1.0,0.04059999999999997,0.04059999999999997,0.07050000000000001,0.04059999999999997
005.png,0.9594,1.0,1.0,0.8889,1.0,0.04059999999999997,0.04059999999999997,0.07050000000000001,0.04059999999999997
005.png,0.9594,1.0,1.0,0.8889,1.0,0.04059999999999997,0.04059999999999997,0.07050000000000001,0.04059999999999997
005.png,0.9594,1.0,1.0,0.8889,0.816,0.04059999999999997,0.04059999999999997,0.07050000000000001,0.14340000000000008
005.png,0.9594,1.0,1.0,0.8889,1.0,0.04059999999999997,0.04059999999999997,0.07050000000000001,0.04059999999999997
005.png,0.9594,1.0,1.0,0.8889,1.0,0.04059999999999997,0.04059999999999997,0.07050000000000001,0.04059999999999997
005.png,0.9594,1.0,1.0,0.8889,1.0,0.04059999999999997,0.04059999999999997,0.07050000000000001,0.04059999999999997
005.png,0.9594,1.0,1.0,0.8889,0.816,0.04059999999999997,0.04059999999999997,0.07050000000000001,0.14340000000000008
005.png,0.9594,1.0,1.0,0.8889,1.0,0.04059999999999997,0.04059999999999997,0.07050000000000001,0.04059999999999997
005.png,0.9594,1.0,1.0,0.8889,1.0,0.04059999999999997,0.04059999999999997,0.07050000000000001,0.04059999999999997
005.png,0.9594,1.0,1.0,0.8889,1.0,0.04059999999999997,0.04059999999999997,0.07050000000000001,0.04059999999999997
005.png,0.9594,1.0,1.0,0.8889,0.816,0.04059999999999997,0.04059999999999997,0.07050000000000001,0.14340000000000008
005.png,0.9594,1.0,1.0,0.8889,1.0,0.04059999999999997,0.04059999999999997,0.07050000000000001,0.04059999999999997
005.png,0.9594,1.0,1.0,0.8889,1.0,0.04059999999999997,0.04059999999999997,0.07050000000000001,0.04059999999999997
005.png,0.9594,1.0,1.0,0.8889,1.0,0.04059999999999997,0.04059999999999997,0.07050000000000001,0.04059999999999997
005.png,0.9594,1.0,1.0,0.8889,0.816,0.04059999999999997,0.04059999999999997,0.07050000000000001,0.14340000000000008
005.png,0.9594,1.0,1.0,0.8889,1.0,0.04059999999999997,0.04059999999999997,0.07050000000000001,0.04059999999999997
005.png,0.9594,1.0,1.0,0.8889,1.0,0.04059999999999997,0.04059999999999997,0.07050000000000001,0.04059999999999997
005.png,0.9594,1.0,1.0,0.8889,1.0,0.04059999999999997,0.04059999999999997,0.07050000000000001,0.04059999999999997
005.png,0.9594,1.0,1.0,0.8889,0.816,0.04059999999999997,0.04059999999999997,0.07050000000000001,0.14340000000000008
005.png,0.9594,1.0,1.0,0.8889,1.0,0.04059999999999997,0.04059999999999997,0.07050000000000001,0.04059999999999997
005.png,0.9594,1.0,1.0,0.8889,1.0,0.04059999999999997,0.04059999999999997,0.07050000000000001,0.04059999999999997
005.png,0.9594,1.0,1.0,0.8889,1.0,0.04059999999999997,0.04059999999999997,0.07050000000000001,0.04059999999999997
005.png,0.9594,1.0,1.0,0.8889,0.816,0.04059999999999997,0.04059999999999997,0.07050000000000001,0.14340000000000008
005.png,0.9594,1.0,1.0,0.8889,1.0,0.04059999999999997,0.04059999999999997,0.07050000000000001,0.04059999999999997
005.png,0.9594,1.0,1.0,0.8889,1.0,0.04059999999999997,0.04059999999999997,0.07050000000000001,0.04059999999999997
005.png,0.9594,1.0,1.0,0.8889,1.0,0.04059999999999997,0.04059999999999997,0.07050000000000001,0.04059999999999997
005.png,0.9594,1.0,1.0,0.8889,0.816,0.04059999999999997,0.04059999999999997,0.07050000000000001,0.14340000000000008
005.png,0.9594,1.0,1.0,0.8889,1.0,0.04059999999999997,0.04059999999999997,0.07050000000000001,0.04059999999999997
005.png,0.9594,1.0,1.0,0.8889,1.0,0.04059999999999997,0.04059999999999997,0.07050000000000001,0.04059999999999997
005.png,0.9594,1.0,1.0,0.8889,1.0,0.04059999999999997,0.04059999999999997,0.07050000000000001,0.04059999999999997
005.png,0.9594,1.0,1.0,0.8889,0.816,0.04059999999999997,0.04059999999999997,0.07050000000000001,0.14340000000000008
005.png,0.9594,1.0,1.0,0.8889,1.0,0.04059999999999997,0.04059999999999997,0.07050000000000001,0.04059999999999997
005.png,0.9594,1.0,1.0,0.8889,1.0,0.04059999999999997,0.04059999999999997,0.07050000000000001,0.04059999999999997
005.png,0.9594,1.0,1.0,0.8889,1.0,0.04059999999999997,0.04059999999999997,0.07050000000000001,0.04059999999999997
005.png,0.9594,1.0,1.0,0.8889,0.816,0.04059999999999997,0.04059999999999997,0.07050000000000001,0.14340000000000008
005.png,0.9594,1.0,1.0,0.8889,1.0,0.04059999999999997,0.04059999999999997,0.07050000000000001,0.04059999999999997
005.png,0.9594,1.0,1.0,0.8889,1.0,0.04059999999999997,0.04059999999999997,0.07050000000000001,0.04059999999999997
005.png,0.9594,1.0,1.0,0.8889,1.0,0.04059999999999997,0.04059999999999997,0.07050000000000001,0.04059999999999997
005.png,0.9594,1.0,1.0,0.8889,0.816,0.04059999999999997,0.04059999999999997,0.07050000000000001,0.14340000000000008
005.png,0.9594,1.0,1.0,0.8889,1.0,0.04059999999999997,0.04059999999999997,0.07050000000000001,0.04059999999999997
017.png,1.0153,1.0,1.0,0.9701,1.0,0.015300000000000091,0.015300000000000091,0.04520000000000013,0.015300000000000091
017.png,1.0153,1.0,1.0,0.9701,1.0,0.015300000000000091,0.015300000000000091,0.04520000000000013,0.015300000000000091
017.png,1.0153,1.0,1.0,0.9701,0.8673,0.015300000000000091,0.015300000000000091,0.04520000000000013,0.14800000000000013
017.png,1.0153,1.0,1.0,0.9701,1.0,0.015300000000000091,0.015300000000000091,0.04520000000000013,0.015300000000000091
017.png,1.0153,1.0,1.0,0.9701,1.0,0.015300000000000091,0.015300000000000091,0.04520000000000013,0.015300000000000091
017.png,1.0153,1.0,1.0,0.9701,1.0,0.015300000000000091,0.015300000000000091,0.04520000000000013,0.015300000000000091
017.png,1.0153,1.0,1.0,0.9701,0.8673,0.015300000000000091,0.015300000000000091,0.04520000000000013,0.14800000000000013
017.png,1.0153,1.0,1.0,0.9701,1.0,0.015300000000000091,0.015300000000000091,0.04520000000000013,0.015300000000000091
017.png,1.0153,1.0,0.7946,0.9701,1.0,0.015300000000000091,0.22070000000000012,0.04520000000000013,0.015300000000000091
017.png,1.0153,1.0,0.7946,0.9701,1.0,0.015300000000000091,0.22070000000000012,0.04520000000000013,0.015300000000000091
017.png,1.0153,1.0,0.7946,0.9701,0.8673,0.015300000000000091,0.22070000000000012,0.04520000000000013,0.14800000000000013
017.png,1.0153,1.0,0.7946,0.9701,1.0,0.015300000000000091,0.22070000000000012,0.04520000000000013,0.015300000000000091
017.png,1.0153,1.0,1.0,0.9701,1.0,0.015300000000000091,0.015300000000000091,0.04520000000000013,0.015300000000000091
017.png,1.0153,1.0,1.0,0.9701,1.0,0.015300000000000091,0.015300000000000091,0.04520000000000013,0.015300000000000091
017.png,1.0153,1.0,1.0,0.9701,0.8673,0.015300000000000091,0.015300000000000091,0.04520000000000013,0.14800000000000013
017.png,1.0153,1.0,1.0,0.9701,1.0,0.015300000000000091,0.015300000000000091,0.04520000000000013,0.015300000000000091
017.png,1.0153,1.0,1.0,0.9701,1.0,0.015300000000000091,0.015300000000000091,0.04520000000000013,0.015300000000000091
017.png,1.0153,1.0,1.0,0.9701,1.0,0.015300000000000091,0.015300000000000091,0.04520000000000013,0.015300000000000091
017.png,1.0153,1.0,1.0,0.9701,0.8673,0.015300000000000091,0.015300000000000091,0.04520000000000013,0.14800000000000013
017.png,1.0153,1.0,1.0,0.9701,1.0,0.015300000000000091,0.015300000000000091,0.04520000000000013,0.015300000000000091
017.png,1.0153,1.0,1.0,0.9701,1.0,0.015300000000000091,0.015300000000000091,0.04520000000000013,0.015300000000000091
017.png,1.0153,1.0,1.0,0.9701,1.0,0.015300000000000091,0.015300000000000091,0.04520000000000013,0.015300000000000091
017.png,1.0153,1.0,1.0,0.9701,0.8673,0.015300000000000091,0.015300000000000091,0.04520000000000013,0.14800000000000013
017.png,1.0153,1.0,1.0,0.9701,1.0,0.015300000000000091,0.015300000000000091,0.04520000000000013,0.015300000000000091
017.png,1.0153,1.0,0.7946,0.9701,1.0,0.015300000000000091,0.22070000000000012,0.04520000000000013,0.015300000000000091
017.png,1.0153,1.0,0.7946,0.9701,1.0,0.015300000000000091,0.22070000000000012,0.04520000000000013,0.015300000000000091
017.png,1.0153,1.0,0.7946,0.9701,0.8673,0.015300000000000091,0.22070000000000012,0.04520000000000013,0.14800000000000013
017.png,1.0153,1.0,0.7946,0.9701,1.0,0.015300000000000091,0.22070000000000012,0.04520000000000013,0.015300000000000091
017.png,1.0153,1.0,1.0,0.9701,1.0,0.015300000000000091,0.015300000000000091,0.04520000000000013,0.015300000000000091
017.png,1.0153,1.0,1.0,0.9701,1.0,0.015300000000000091,0.015300000000000091,0.04520000000000013,0.015300000000000091
017.png,1.0153,1.0,1.0,0.9701,0.8673,0.015300000000000091,0.015300000000000091,0.04520000000000013,0.14800000000000013
017.png,1.0153,1.0,1.0,0.9701,1.0,0.015300000000000091,0.015300000000000091,0.04520000000000013,0.015300000000000091
017.png,1.0153,0.8887,1.0,0.9701,1.0,0.12660000000000005,0.015300000000000091,0.04520000000000013,0.015300000000000091
017.png,1.0153,0.8887,1.0,0.9701,1.0,0.12660000000000005,0.015300000000000091,0.04520000000000013,0.015300000000000091
017.png,1.0153,0.8887,1.0,0.9701,0.8673,0.12660000000000005,0.015300000000000091,0.04520000000000013,0.14800000000000013
017.png,1.0153,0.8887,1.0,0.9701,1.0,0.12660000000000005,0.015300000000000091,0.04520000000000013,0.015300000000000091
017.png,1.0153,0.8887,1.0,0.9701,1.0,0.12660000000000005,0.015300000000000091,0.04520000000000013,0.015300000000000091
017.png,1.0153,0.8887,1.0,0.9701,1.0,0.12660000000000005,0.015300000000000091,0.04520000000000013,0.015300000000000091
017.png,1.0153,0.8887,1.0,0.9701,0.8673,0.12660000000000005,0.015300000000000091,0.04520000000000013,0.14800000000000013
017.png,1.0153,0.8887,1.0,0.9701,1.0,0.12660000000000005,0.015300000000000091,0.04520000000000013,0.015300000000000091
017.png,1.0153,0.8887,0.7946,0.9701,1.0,0.12660000000000005,0.22070000000000012,0.04520000000000013,0.015300000000000091
017.png,1.0153,0.8887,0.7946,0.9701,1.0,0.12660000000000005,0.22070000000000012,0.04520000000000013,0.015300000000000091
017.png,1.0153,0.8887,0.7946,0.9701,0.8673,0.12660000000000005,0.22070000000000012,0.04520000000000013,0.14800000000000013
017.png,1.0153,0.8887,0.7946,0.9701,1.0,0.12660000000000005,0.22070000000000012,0.04520000000000013,0.015300000000000091
017.png,1.0153,0.8887,1.0,0.9701,1.0,0.12660000000000005,0.015300000000000091,0.04520000000000013,0.015300000000000091
017.png,1.0153,0.8887,1.0,0.9701,1.0,0.12660000000000005,0.015300000000000091,0.04520000000000013,0.015300000000000091
017.png,1.0153,0.8887,1.0,0.9701,0.8673,0.12660000000000005,0.015300000000000091,0.04520000000000013,0.14800000000000013
017.png,1.0153,0.8887,1.0,0.9701,1.0,0.12660000000000005,0.015300000000000091,0.04520000000000013,0.015300000000000091
017.png,1.0153,1.0,1.0,0.9701,1.0,0.015300000000000091,0.015300000000000091,0.04520000000000013,0.015300000000000091
017.png,1.0153,1.0,1.0,0.9701,1.0,0.015300000000000091,0.015300000000000091,0.04520000000000013,0.015300000000000091
017.png,1.0153,1.0,1.0,0.9701,0.8673,0.015300000000000091,0.015300000000000091,0.04520000000000013,0.14800000000000013
017.png,1.0153,1.0,1.0,0.9701,1.0,0.015300000000000091,0.015300000000000091,0.04520000000000013,0.015300000000000091
017.png,1.0153,1.0,1.0,0.9701,1.0,0.015300000000000091,0.015300000000000091,0.04520000000000013,0.015300000000000091
017.png,1.0153,1.0,1.0,0.9701,1.0,0.015300000000000091,0.015300000000000091,0.04520000000000013,0.015300000000000091
017.png,1.0153,1.0,1.0,0.9701,0.8673,0.015300000000000091,0.015300000000000091,0.04520000000000013,0.14800000000000013
017.png,1.0153,1.0,1.0,0.9701,1.0,0.015300000000000091,0.015300000000000091,0.04520000000000013,0.015300000000000091
017.png,1.0153,1.0,0.7946,0.9701,1.0,0.015300000000000091,0.22070000000000012,0.04520000000000013,0.015300000000000091
017.png,1.0153,1.0,0.7946,0.9701,1.0,0.015300000000000091,0.22070000000000012,0.04520000000000013,0.015300000000000091
017.png,1.0153,1.0,0.7946,0.9701,0.8673,0.015300000000000091,0.22070000000000012,0.04520000000000013,0.14800000000000013
017.png,1.0153,1.0,0.7946,0.9701,1.0,0.015300000000000091,0.22070000000000012,0.04520000000000013,0.015300000000000091
017.png,1.0153,1.0,1.0,0.9701,1.0,0.015300000000000091,0.015300000000000091,0.04520000000000013,0.015300000000000091
017.png,1.0153,1.0,1.0,0.9701,1.0,0.015300000000000091,0.015300000000000091,0.04520000000000013,0.015300000000000091
017.png,1.0153,1.0,1.0,0.9701,0.8673,0.015300000000000091,0.015300000000000091,0.04520000000000013,0.14800000000000013
017.png,1.0153,1.0,1.0,0.9701,1.0,0.015300000000000091,0.015300000000000091,0.04520000000000013,0.015300000000000091
001.png,0.8307,1.0,1.0,0.9172,1.0,0.1693,0.1693,0.08650000000000002,0.1693
001.png,0.8307,1.0,1.0,0.9172,1.0,0.1693,0.1693,0.08650000000000002,0.1693
001.png,0.8307,1.0,1.0,0.9172,0.8559,0.1693,0.1693,0.08650000000000002,0.0252
001.png,0.8307,1.0,1.0,0.9172,1.0,0.1693,0.1693,0.08650000000000002,0.1693
001.png,0.8307,1.0,1.0,0.9172,1.0,0.1693,0.1693,0.08650000000000002,0.1693
001.png,0.8307,1.0,1.0,0.9172,1.0,0.1693,0.1693,0.08650000000000002,0.1693
001.png,0.8307,1.0,1.0,0.9172,0.8559,0.1693,0.1693,0.08650000000000002,0.0252
001.png,0.8307,1.0,1.0,0.9172,1.0,0.1693,0.1693,0.08650000000000002,0.1693
001.png,0.8307,1.0,1.0,0.9172,1.0,0.1693,0.1693,0.08650000000000002,0.1693
001.png,0.8307,1.0,1.0,0.9172,1.0,0.1693,0.1693,0.08650000000000002,0.1693
001.png,0.8307,1.0,1.0,0.9172,0.8559,0.1693,0.1693,0.08650000000000002,0.0252
001.png,0.8307,1.0,1.0,0.9172,1.0,0.1693,0.1693,0.08650000000000002,0.1693
001.png,0.8307,1.0,1.0,0.9172,1.0,0.1693,0.1693,0.08650000000000002,0.1693
001.png,0.8307,1.0,1.0,0.9172,1.0,0.1693,0.1693,0.08650000000000002,0.1693
001.png,0.8307,1.0,1.0,0.9172,0.8559,0.1693,0.1693,0.08650000000000002,0.0252
001.png,0.8307,1.0,1.0,0.9172,1.0,0.1693,0.1693,0.08650000000000002,0.1693
001.png,0.8307,1.0,1.0,0.9172,1.0,0.1693,0.1693,0.08650000000000002,0.1693
001.png,0.8307,1.0,1.0,0.9172,1.0,0.1693,0.1693,0.08650000000000002,0.1693
001.png,0.8307,1.0,1.0,0.9172,0.8559,0.1693,0.1693,0.08650000000000002,0.0252
001.png,0.8307,1.0,1.0,0.9172,1.0,0.1693,0.1693,0.08650000000000002,0.1693
001.png,0.8307,1.0,1.0,0.9172,1.0,0.1693,0.1693,0.08650000000000002,0.1693
001.png,0.8307,1.0,1.0,0.9172,1.0,0.1693,0.1693,0.08650000000000002,0.1693
001.png,0.8307,1.0,1.0,0.9172,0.8559,0.1693,0.1693,0.08650000000000002,0.0252
001.png,0.8307,1.0,1.0,0.9172,1.0,0.1693,0.1693,0.08650000000000002,0.1693
001.png,0.8307,1.0,1.0,0.9172,1.0,0.1693,0.1693,0.08650000000000002,0.1693
001.png,0.8307,1.0,1.0,0.9172,1.0,0.1693,0.1693,0.08650000000000002,0.1693
001.png,0.8307,1.0,1.0,0.9172,0.8559,0.1693,0.1693,0.08650000000000002,0.0252
001.png,0.8307,1.0,1.0,0.9172,1.0,0.1693,0.1693,0.08650000000000002,0.1693
001.png,0.8307,1.0,1.0,0.9172,1.0,0.1693,0.1693,0.08650000000000002,0.1693
001.png,0.8307,1.0,1.0,0.9172,1.0,0.1693,0.1693,0.08650000000000002,0.1693
001.png,0.8307,1.0,1.0,0.9172,0.8559,0.1693,0.1693,0.08650000000000002,0.0252
001.png,0.8307,1.0,1.0,0.9172,1.0,0.1693,0.1693,0.08650000000000002,0.1693
001.png,0.8307,1.0,1.0,0.9172,1.0,0.1693,0.1693,0.08650000000000002,0.1693
001.png,0.8307,1.0,1.0,0.9172,1.0,0.1693,0.1693,0.08650000000000002,0.1693
001.png,0.8307,1.0,1.0,0.9172,0.8559,0.1693,0.1693,0.08650000000000002,0.0252
001.png,0.8307,1.0,1.0,0.9172,1.0,0.1693,0.1693,0.08650000000000002,0.1693
001.png,0.8307,1.0,1.0,0.9172,1.0,0.1693,0.1693,0.08650000000000002,0.1693
001.png,0.8307,1.0,1.0,0.9172,1.0,0.1693,0.1693,0.08650000000000002,0.1693
001.png,0.8307,1.0,1.0,0.9172,0.8559,0.1693,0.1693,0.08650000000000002,0.0252
001.png,0.8307,1.0,1.0,0.9172,1.0,0.1693,0.1693,0.08650000000000002,0.1693
001.png,0.8307,1.0,1.0,0.9172,1.0,0.1693,0.1693,0.08650000000000002,0.1693
001.png,0.8307,1.0,1.0,0.9172,1.0,0.1693,0.1693,0.08650000000000002,0.1693
001.png,0.8307,1.0,1.0,0.9172,0.8559,0.1693,0.1693,0.08650000000000002,0.0252
001.png,0.8307,1.0,1.0,0.9172,1.0,0.1693,0.1693,0.08650000000000002,0.1693
001.png,0.8307,1.0,1.0,0.9172,1.0,0.1693,0.1693,0.08650000000000002,0.1693
001.png,0.8307,1.0,1.0,0.9172,1.0,0.1693,0.1693,0.08650000000000002,0.1693
001.png,0.8307,1.0,1.0,0.9172,0.8559,0.1693,0.1693,0.08650000000000002,0.0252
001.png,0.8307,1.0,1.0,0.9172,1.0,0.1693,0.1693,0.08650000000000002,0.1693
001.png,0.8307,1.0,1.0,0.9172,1.0,0.1693,0.1693,0.08650000000000002,0.1693
001.png,0.8307,1.0,1.0,0.9172,1.0,0.1693,0.1693,0.08650000000000002,0.1693
001.png,0.8307,1.0,1.0,0.9172,0.8559,0.1693,0.1693,0.08650000000000002,0.0252
001.png,0.8307,1.0,1.0,0.9172,1.0,0.1693,0.1693,0.08650000000000002,0.1693
001.png,0.8307,1.0,1.0,0.9172,1.0,0.1693,0.1693,0.08650000000000002,0.1693
001.png,0.8307,1.0,1.0,0.9172,1.0,0.1693,0.1693,0.08650000000000002,0.1693
001.png,0.8307,1.0,1.0,0.9172,0.8559,0.1693,0.1693,0.08650000000000002,0.0252
001.png,0.8307,1.0,1.0,0.9172,1.0,0.1693,0.1693,0.08650000000000002,0.1693
001.png,0.8307,1.0,1.0,0.9172,1.0,0.1693,0.1693,0.08650000000000002,0.1693
001.png,0.8307,1.0,1.0,0.9172,1.0,0.1693,0.1693,0.08650000000000002,0.1693
001.png,0.8307,1.0,1.0,0.9172,0.8559,0.1693,0.1693,0.08650000000000002,0.0252
001.png,0.8307,1.0,1.0,0.9172,1.0,0.1693,0.1693,0.08650000000000002,0.1693
001.png,0.8307,1.0,1.0,0.9172,1.0,0.1693,0.1693,0.08650000000000002,0.1693
001.png,0.8307,1.0,1.0,0.9172,1.0,0.1693,0.1693,0.08650000000000002,0.1693
001.png,0.8307,1.0,1.0,0.9172,0.8559,0.1693,0.1693,0.08650000000000002,0.0252
001.png,0.8307,1.0,1.0,0.9172,1.0,0.1693,0.1693,0.08650000000000002,0.1693
011.png,0.8328,1.0,1.0,0.9204,1.0,0.16720000000000002,0.16720000000000002,0.08760000000000001,0.16720000000000002
011.png,0.8328,1.0,1.0,0.9204,1.0,0.16720000000000002,0.16720000000000002,0.08760000000000001,0.16720000000000002
011.png,0.8328,1.0,1.0,0.9204,0.7127,0.16720000000000002,0.16720000000000002,0.08760000000000001,0.12009999999999998
011.png,0.8328,1.0,1.0,0.9204,1.0,0.16720000000000002,0.16720000000000002,0.08760000000000001,0.16720000000000002
011.png,0.8328,1.0,1.0,0.9204,1.0,0.16720000000000002,0.16720000000000002,0.08760000000000001,0.16720000000000002
011.png,0.8328,1.0,1.0,0.9204,1.0,0.16720000000000002,0.16720000000000002,0.08760000000000001,0.16720000000000002
011.png,0.8328,1.0,1.0,0.9204,0.7127,0.16720000000000002,0.16720000000000002,0.08760000000000001,0.12009999999999998
011.png,0.8328,1.0,1.0,0.9204,1.0,0.16720000000000002,0.16720000000000002,0.08760000000000001,0.16720000000000002
011.png,0.8328,1.0,0.6371,0.9204,1.0,0.16720000000000002,0.19569999999999999,0.08760000000000001,0.16720000000000002
011.png,0.8328,1.0,0.6371,0.9204,1.0,0.16720000000000002,0.19569999999999999,0.08760000000000001,0.16720000000000002
011.png,0.8328,1.0,0.6371,0.9204,0.7127,0.16720000000000002,0.19569999999999999,0.08760000000000001,0.12009999999999998
011.png,0.8328,1.0,0.6371,0.9204,1.0,0.16720000000000002,0.19569999999999999,0.08760000000000001,0.16720000000000002
011.png,0.8328,1.0,1.0,0.9204,1.0,0.16720000000000002,0.16720000000000002,0.08760000000000001,0.16720000000000002
011.png,0.8328,1.0,1.0,0.9204,1.0,0.16720000000000002,0.16720000000000002,0.08760000000000001,0.16720000000000002
011.png,0.8328,1.0,1.0,0.9204,0.7127,0.16720000000000002,0.16720000000000002,0.08760000000000001,0.12009999999999998
011.png,0.8328,1.0,1.0,0.9204,1.0,0.16720000000000002,0.16720000000000002,0.08760000000000001,0.16720000000000002
011.png,0.8328,1.0,1.0,0.9204,1.0,0.16720000000000002,0.16720000000000002,0.08760000000000001,0.16720000000000002
011.png,0.8328,1.0,1.0,0.9204,1.0,0.16720000000000002,0.16720000000000002,0.08760000000000001,0.16720000000000002
011.png,0.8328,1.0,1.0,0.9204,0.7127,0.16720000000000002,0.16720000000000002,0.08760000000000001,0.12009999999999998
011.png,0.8328,1.0,1.0,0.9204,1.0,0.16720000000000002,0.16720000000000002,0.08760000000000001,0.16720000000000002
011.png,0.8328,1.0,1.0,0.9204,1.0,0.16720000000000002,0.16720000000000002,0.08760000000000001,0.16720000000000002
011.png,0.8328,1.0,1.0,0.9204,1.0,0.16720000000000002,0.16720000000000002,0.08760000000000001,0.16720000000000002
011.png,0.8328,1.0,1.0,0.9204,0.7127,0.16720000000000002,0.16720000000000002,0.08760000000000001,0.12009999999999998
011.png,0.8328,1.0,1.0,0.9204,1.0,0.16720000000000002,0.16720000000000002,0.08760000000000001,0.16720000000000002
011.png,0.8328,1.0,0.6371,0.9204,1.0,0.16720000000000002,0.19569999999999999,0.08760000000000001,0.16720000000000002
011.png,0.8328,1.0,0.6371,0.9204,1.0,0.16720000000000002,0.19569999999999999,0.08760000000000001,0.16720000000000002
011.png,0.8328,1.0,0.6371,0.9204,0.7127,0.16720000000000002,0.19569999999999999,0.08760000000000001,0.12009999999999998
011.png,0.8328,1.0,0.6371,0.9204,1.0,0.16720000000000002,0.19569999999999999,0.08760000000000001,0.16720000000000002
011.png,0.8328,1.0,1.0,0.9204,1.0,0.16720000000000002,0.16720000000000002,0.08760000000000001,0.16720000000000002
011.png,0.8328,1.0,1.0,0.9204,1.0,0.16720000000000002,0.16720000000000002,0.08760000000000001,0.16720000000000002
011.png,0.8328,1.0,1.0,0.9204,0.7127,0.16720000000000002,0.16720000000000002,0.08760000000000001,0.12009999999999998
011.png,0.8328,1.0,1.0,0.9204,1.0,0.16720000000000002,0.16720000000000002,0.08760000000000001,0.16720000000000002
011.png,0.8328,0.6655,1.0,0.9204,1.0,0.1673,0.16720000000000002,0.08760000000000001,0.16720000000000002
011.png,0.8328,0.6655,1.0,0.9204,1.0,0.1673,0.16720000000000002,0.08760000000000001,0.16720000000000002
011.png,0.8328,0.6655,1.0,0.9204,0.7127,0.1673,0.16720000000000002,0.08760000000000001,0.12009999999999998
011.png,0.8328,0.6655,1.0,0.9204,1.0,0.1673,0.16720000000000002,0.08760000000000001,0.16720000000000002
011.png,0.8328,0.6655,1.0,0.9204,1.0,0.1673,0.16720000000000002,0.08760000000000001,0.16720000000000002
011.png,0.8328,0.6655,1.0,0.9204,1.0,0.1673,0.16720000000000002,0.08760000000000001,0.16720000000000002
011.png,0.8328,0.6655,1.0,0.9204,0.7127,0.1673,0.16720000000000002,0.08760000000000001,0.12009999999999998
011.png,0.8328,0.6655,1.0,0.9204,1.0,0.1673,0.16720000000000002,0.08760000000000001,0.16720000000000002
011.png,0.8328,0.6655,0.6371,0.9204,1.0,0.1673,0.19569999999999999,0.08760000000000001,0.16720000000000002
011.png,0.8328,0.6655,0.6371,0.9204,1.0,0.1673,0.19569999999999999,0.08760000000000001,0.16720000000000002
011.png,0.8328,0.6655,0.6371,0.9204,0.7127,0.1673,0.19569999999999999,0.08760000000000001,0.12009999999999998
011.png,0.8328,0.6655,0.6371,0.9204,1.0,0.1673,0.19569999999999999,0.08760000000000001,0.16720000000000002
011.png,0.8328,0.6655,1.0,0.9204,1.0,0.1673,0.16720000000000002,0.08760000000000001,0.16720000000000002
011.png,0.8328,0.6655,1.0,0.9204,1.0,0.1673,0.16720000000000002,0.08760000000000001,0.16720000000000002
011.png,0.8328,0.6655,1.0,0.9204,0.7127,0.1673,0.16720000000000002,0.08760000000000001,0.12009999999999998
011.png,0.8328,0.6655,1.0,0.9204,1.0,0.1673,0.16720000000000002,0.08760000000000001,0.16720000000000002
011.png,0.8328,1.0,1.0,0.9204,1.0,0.16720000000000002,0.16720000000000002,0.08760000000000001,0.16720000000000002
011.png,0.8328,1.0,1.0,0.9204,1.0,0.16720000000000002,0.16720000000000002,0.08760000000000001,0.16720000000000002
011.png,0.8328,1.0,1.0,0.9204,0.7127,0.16720000000000002,0.16720000000000002,0.08760000000000001,0.12009999999999998
011.png,0.8328,1.0,1.0,0.9204,1.0,0.16720000000000002,0.16720000000000002,0.08760000000000001,0.16720000000000002
011.png,0.8328,1.0,1.0,0.9204,1.0,0.16720000000000002,0.16720000000000002,0.08760000000000001,0.16720000000000002
011.png,0.8328,1.0,1.0,0.9204,1.0,0.16720000000000002,0.16720000000000002,0.08760000000000001,0.16720000000000002
011.png,0.8328,1.0,1.0,0.9204,0.7127,0.16720000000000002,0.16720000000000002,0.08760000000000001,0.12009999999999998
011.png,0.8328,1.0,1.0,0.9204,1.0,0.16720000000000002,0.16720000000000002,0.08760000000000001,0.16720000000000002
011.png,0.8328,1.0,0.6371,0.9204,1.0,0.16720000000000002,0.19569999999999999,0.08760000000000001,0.16720000000000002
011.png,0.8328,1.0,0.6371,0.9204,1.0,0.16720000000000002,0.19569999999999999,0.08760000000000001,0.16720000000000002
011.png,0.8328,1.0,0.6371,0.9204,0.7127,0.16720000000000002,0.19569999999999999,0.08760000000000001,0.12009999999999998
011.png,0.8328,1.0,0.6371,0.9204,1.0,0.16720000000000002,0.19569999999999999,0.08760000000000001,0.16720000000000002
011.png,0.8328,1.0,1.0,0.9204,1.0,0.16720000000000002,0.16720000000000002,0.08760000000000001,0.16720000000000002
011.png,0.8328,1.0,1.0,0.9204,1.0,0.16720000000000002,0.16720000000000002,0.08760000000000001,0.16720000000000002
011.png,0.8328,1.0,1.0,0.9204,0.7127,0.16720000000000002,0.16720000000000002,0.08760000000000001,0.12009999999999998
011.png,0.8328,1.0,1.0,0.9204,1.0,0.16720000000000002,0.16720000000000002,0.08760000000000001,0.16720000000000002
000.png,0.9306,1.0,1.0,0.8829,1.0,0.06940000000000002,0.06940000000000002,0.047699999999999965,0.06940000000000002
000.png,0.9306,1.0,1.0,0.8829,1.0,0.06940000000000002,0.06940000000000002,0.047699999999999965,0.06940000000000002
000.png,0.9306,1.0,1.0,0.8829,0.7484,0.06940000000000002,0.06940000000000002,0.047699999999999965,0.18220000000000003
000.png,0.9306,1.0,1.0,0.8829,1.0,0.06940000000000002,0.06940000000000002,0.047699999999999965,0.06940000000000002
000.png,0.9306,1.0,1.0,0.8829,1.0,0.06940000000000002,0.06940000000000002,0.047699999999999965,0.06940000000000002
000.png,0.9306,1.0,1.0,0.8829,1.0,0.06940000000000002,0.06940000000000002,0.047699999999999965,0.06940000000000002
000.png,0.9306,1.0,1.0,0.8829,0.7484,0.06940000000000002,0.06940000000000002,0.047699999999999965,0.18220000000000003
000.png,0.9306,1.0,1.0,0.8829,1.0,0.06940000000000002,0.06940000000000002,0.047699999999999965,0.06940000000000002
000.png,0.9306,1.0,0.9267,0.8829,1.0,0.06940000000000002,0.0039000000000000146,0.047699999999999965,0.06940000000000002
000.png,0.9306,1.0,0.9267,0.8829,1.0,0.06940000000000002,0.0039000000000000146,0.047699999999999965,0.06940000000000002
000.png,0.9306,1.0,0.9267,0.8829,0.7484,0.06940000000000002,0.0039000000000000146,0.047699999999999965,0.18220000000000003
000.png,0.9306,1.0,0.9267,0.8829,1.0,0.06940000000000002,0.0039000000000000146,0.047699999999999965,0.06940000000000002
000.png,0.9306,1.0,1.0,0.8829,1.0,0.06940000000000002,0.06940000000000002,0.047699999999999965,0.06940000000000002
000.png,0.9306,1.0,1.0,0.8829,1.0,0.06940000000000002,0.06940000000000002,0.047699999999999965,0.06940000000000002
000.png,0.9306,1.0,1.0,0.8829,0.7484,0.06940000000000002,0.06940000000000002,0.047699999999999965,0.18220000000000003
000.png,0.9306,1.0,1.0,0.8829,1.0,0.06940000000000002,0.06940000000000002,0.047699999999999965,0.06940000000000002
000.png,0.9306,1.0,1.0,0.8829,1.0,0.06940000000000002,0.06940000000000002,0.047699999999999965,0.06940000000000002
000.png,0.9306,1.0,1.0,0.8829,1.0,0.06940000000000002,0.06940000000000002,0.047699999999999965,0.06940000000000002
000.png,0.9306,1.0,1.0,0.8829,0.7484,0.06940000000000002,0.06940000000000002,0.047699999999999965,0.18220000000000003
000.png,0.9306,1.0,1.0,0.8829,1.0,0.06940000000000002,0.06940000000000002,0.047699999999999965,0.06940000000000002
000.png,0.9306,1.0,1.0,0.8829,1.0,0.06940000000000002,0.06940000000000002,0.047699999999999965,0.06940000000000002
000.png,0.9306,1.0,1.0,0.8829,1.0,0.06940000000000002,0.06940000000000002,0.047699999999999965,0.06940000000000002
000.png,0.9306,1.0,1.0,0.8829,0.7484,0.06940000000000002,0.06940000000000002,0.047699999999999965,0.18220000000000003
000.png,0.9306,1.0,1.0,0.8829,1.0,0.06940000000000002,0.06940000000000002,0.047699999999999965,0.06940000000000002
000.png,0.9306,1.0,0.9267,0.8829,1.0,0.06940000000000002,0.0039000000000000146,0.047699999999999965,0.06940000000000002
000.png,0.9306,1.0,0.9267,0.8829,1.0,0.06940000000000002,0.0039000000000000146,0.047699999999999965,0.06940000000000002
000.png,0.9306,1.0,0.9267,0.8829,0.7484,0.06940000000000002,0.0039000000000000146,0.047699999999999965,0.18220000000000003
000.png,0.9306,1.0,0.9267,0.8829,1.0,0.06940000000000002,0.0039000000000000146,0.047699999999999965,0.06940000000000002
000.png,0.9306,1.0,1.0,0.8829,1.0,0.06940000000000002,0.06940000000000002,0.047699999999999965,0.06940000000000002
000.png,0.9306,1.0,1.0,0.8829,1.0,0.06940000000000002,0.06940000000000002,0.047699999999999965,0.06940000000000002
000.png,0.9306,1.0,1.0,0.8829,0.7484,0.06940000000000002,0.06940000000000002,0.047699999999999965,0.18220000000000003
000.png,0.9306,1.0,1.0,0.8829,1.0,0.06940000000000002,0.06940000000000002,0.047699999999999965,0.06940000000000002
000.png,0.9306,0.9492,1.0,0.8829,1.0,0.01860000000000006,0.06940000000000002,0.047699999999999965,0.06940000000000002
000.png,0.9306,0.9492,1.0,0.8829,1.0,0.01860000000000006,0.06940000000000002,0.047699999999999965,0.06940000000000002
000.png,0.9306,0.9492,1.0,0.8829,0.7484,0.01860000000000006,0.06940000000000002,0.047699999999999965,0.18220000000000003
000.png,0.9306,0.9492,1.0,0.8829,1.0,0.01860000000000006,0.06940000000000002,0.047699999999999965,0.06940000000000002
000.png,0.9306,0.9492,1.0,0.8829,1.0,0.01860000000000006,0.06940000000000002,0.047699999999999965,0.06940000000000002
000.png,0.9306,0.9492,1.0,0.8829,1.0,0.01860000000000006,0.06940000000000002,0.047699999999999965,0.06940000000000002
000.png,0.9306,0.9492,1.0,0.8829,0.7484,0.01860000000000006,0.06940000000000002,0.047699999999999965,0.18220000000000003
000.png,0.9306,0.9492,1.0,0.8829,1.0,0.01860000000000006,0.06940000000000002,0.047699999999999965,0.06940000000000002
000.png,0.9306,0.9492,0.9267,0.8829,1.0,0.01860000000000006,0.0039000000000000146,0.047699999999999965,0.06940000000000002
000.png,0.9306,0.9492,0.9267,0.8829,1.0,0.01860000000000006,0.0039000000000000146,0.047699999999999965,0.06940000000000002
000.png,0.9306,0.9492,0.9267,0.8829,0.7484,0.01860000000000006,0.0039000000000000146,0.047699999999999965,0.18220000000000003
000.png,0.9306,0.9492,0.9267,0.8829,1.0,0.01860000000000006,0.0039000000000000146,0.047699999999999965,0.06940000000000002
000.png,0.9306,0.9492,1.0,0.8829,1.0,0.01860000000000006,0.06940000000000002,0.047699999999999965,0.06940000000000002
000.png,0.9306,0.9492,1.0,0.8829,1.0,0.01860000000000006,0.06940000000000002,0.047699999999999965,0.06940000000000002
000.png,0.9306,0.9492,1.0,0.8829,0.7484,0.01860000000000006,0.06940000000000002,0.047699999999999965,0.18220000000000003
000.png,0.9306,0.9492,1.0,0.8829,1.0,0.01860000000000006,0.06940000000000002,0.047699999999999965,0.06940000000000002
000.png,0.9306,1.0,1.0,0.8829,1.0,0.06940000000000002,0.06940000000000002,0.047699999999999965,0.06940000000000002
000.png,0.9306,1.0,1.0,0.8829,1.0,0.06940000000000002,0.06940000000000002,0.047699999999999965,0.06940000000000002
000.png,0.9306,1.0,1.0,0.8829,0.7484,0.06940000000000002,0.06940000000000002,0.047699999999999965,0.18220000000000003
000.png,0.9306,1.0,1.0,0.8829,1.0,0.06940000000000002,0.06940000000000002,0.047699999999999965,0.06940000000000002
000.png,0.9306,1.0,1.0,0.8829,1.0,0.06940000000000002,0.06940000000000002,0.047699999999999965,0.06940000000000002
000.png,0.9306,1.0,1.0,0.8829,1.0,0.06940000000000002,0.06940000000000002,0.047699999999999965,0.06940000000000002
000.png,0.9306,1.0,1.0,0.8829,0.7484,0.06940000000000002,0.06940000000000002,0.047699999999999965,0.18220000000000003
000.png,0.9306,1.0,1.0,0.8829,1.0,0.06940000000000002,0.06940000000000002,0.047699999999999965,0.06940000000000002
000.png,0.9306,1.0,0.9267,0.8829,1.0,0.06940000000000002,0.0039000000000000146,0.047699999999999965,0.06940000000000002
000.png,0.9306,1.0,0.9267,0.8829,1.0,0.06940000000000002,0.0039000000000000146,0.047699999999999965,0.06940000000000002
000.png,0.9306,1.0,0.9267,0.8829,0.7484,0.06940000000000002,0.0039000000000000146,0.047699999999999965,0.18220000000000003
000.png,0.9306,1.0,0.9267,0.8829,1.0,0.06940000000000002,0.0039000000000000146,0.047699999999999965,0.06940000000000002
000.png,0.9306,1.0,1.0,0.8829,1.0,0.06940000000000002,0.06940000000000002,0.047699999999999965,0.06940000000000002
000.png,0.9306,1.0,1.0,0.8829,1.0,0.06940000000000002,0.06940000000000002,0.047699999999999965,0.06940000000000002
000.png,0.9306,1.0,1.0,0.8829,0.7484,0.06940000000000002,0.06940000000000002,0.047699999999999965,0.18220000000000003
000.png,0.9306,1.0,1.0,0.8829,1.0,0.06940000000000002,0.06940000000000002,0.047699999999999965,0.06940000000000002
010.png,0.9177,1.0,1.0,0.9186,1.0,0.08230000000000004,0.08230000000000004,0.0009000000000000119,0.08230000000000004
010.png,0.9177,1.0,1.0,0.9186,1.0,0.08230000000000004,0.08230000000000004,0.0009000000000000119,0.08230000000000004
010.png,0.9177,1.0,1.0,0.9186,1.0,0.08230000000000004,0.08230000000000004,0.0009000000000000119,0.08230000000000004
010.png,0.9177,1.0,1.0,0.9186,1.0,0.08230000000000004,0.08230000000000004,0.0009000000000000119,0.08230000000000004
010.png,0.9177,1.0,1.0,0.9186,1.0,0.08230000000000004,0.08230000000000004,0.0009000000000000119,0.08230000000000004
010.png,0.9177,1.0,1.0,0.9186,1.0,0.08230000000000004,0.08230000000000004,0.0009000000000000119,0.08230000000000004
010.png,0.9177,1.0,1.0,0.9186,1.0,0.08230000000000004,0.08230000000000004,0.0009000000000000119,0.08230000000000004
010.png,0.9177,1.0,1.0,0.9186,1.0,0.08230000000000004,0.08230000000000004,0.0009000000000000119,0.08230000000000004
010.png,0.9177,1.0,1.0,0.9186,1.0,0.08230000000000004,0.08230000000000004,0.0009000000000000119,0.08230000000000004
010.png,0.9177,1.0,1.0,0.9186,1.0,0.08230000000000004,0.08230000000000004,0.0009000000000000119,0.08230000000000004
010.png,0.9177,1.0,1.0,0.9186,1.0,0.08230000000000004,0.08230000000000004,0.0009000000000000119,0.08230000000000004
010.png,0.9177,1.0,1.0,0.9186,1.0,0.08230000000000004,0.08230000000000004,0.0009000000000000119,0.08230000000000004
010.png,0.9177,1.0,1.0,0.9186,1.0,0.08230000000000004,0.08230000000000004,0.0009000000000000119,0.08230000000000004
010.png,0.9177,1.0,1.0,0.9186,1.0,0.08230000000000004,0.08230000000000004,0.0009000000000000119,0.08230000000000004
010.png,0.9177,1.0,1.0,0.9186,1.0,0.08230000000000004,0.08230000000000004,0.0009000000000000119,0.08230000000000004
010.png,0.9177,1.0,1.0,0.9186,1.0,0.08230000000000004,0.08230000000000004,0.0009000000000000119,0.08230000000000004
010.png,0.9177,1.0,1.0,0.9186,1.0,0.08230000000000004,0.08230000000000004,0.0009000000000000119,0.08230000000000004
010.png,0.9177,1.0,1.0,0.9186,1.0,0.08230000000000004,0.08230000000000004,0.0009000000000000119,0.08230000000000004
010.png,0.9177,1.0,1.0,0.9186,1.0,0.08230000000000004,0.08230000000000004,0.0009000000000000119,0.08230000000000004
010.png,0.9177,1.0,1.0,0.9186,1.0,0.08230000000000004,0.08230000000000004,0.0009000000000000119,0.08230000000000004
010.png,0.9177,1.0,1.0,0.9186,1.0,0.08230000000000004,0.08230000000000004,0.0009000000000000119,0.08230000000000004
010.png,0.9177,1.0,1.0,0.9186,1.0,0.08230000000000004,0.08230000000000004,0.0009000000000000119,0.08230000000000004
010.png,0.9177,1.0,1.0,0.9186,1.0,0.08230000000000004,0.08230000000000004,0.0009000000000000119,0.08230000000000004
010.png,0.9177,1.0,1.0,0.9186,1.0,0.08230000000000004,0.08230000000000004,0.0009000000000000119,0.08230000000000004
010.png,0.9177,1.0,1.0,0.9186,1.0,0.08230000000000004,0.08230000000000004,0.0009000000000000119,0.08230000000000004
010.png,0.9177,1.0,1.0,0.9186,1.0,0.08230000000000004,0.08230000000000004,0.0009000000000000119,0.08230000000000004
010.png,0.9177,1.0,1.0,0.9186,1.0,0.08230000000000004,0.08230000000000004,0.0009000000000000119,0.08230000000000004
010.png,0.9177,1.0,1.0,0.9186,1.0,0.08230000000000004,0.08230000000000004,0.0009000000000000119,0.08230000000000004
010.png,0.9177,1.0,1.0,0.9186,1.0,0.08230000000000004,0.08230000000000004,0.0009000000000000119,0.08230000000000004
010.png,0.9177,1.0,1.0,0.9186,1.0,0.08230000000000004,0.08230000000000004,0.0009000000000000119,0.08230000000000004
010.png,0.9177,1.0,1.0,0.9186,1.0,0.08230000000000004,0.08230000000000004,0.0009000000000000119,0.08230000000000004
010.png,0.9177,1.0,1.0,0.9186,1.0,0.08230000000000004,0.08230000000000004,0.0009000000000000119,0.08230000000000004
010.png,0.9177,1.0,1.0,0.9186,1.0,0.08230000000000004,0.08230000000000004,0.0009000000000000119,0.08230000000000004
010.png,0.9177,1.0,1.0,0.9186,1.0,0.08230000000000004,0.08230000000000004,0.0009000000000000119,0.08230000000000004
010.png,0.9177,1.0,1.0,0.9186,1.0,0.08230000000000004,0.08230000000000004,0.0009000000000000119,0.08230000000000004
010.png,0.9177,1.0,1.0,0.9186,1.0,0.08230000000000004,0.08230000000000004,0.0009000000000000119,0.08230000000000004
010.png,0.9177,1.0,1.0,0.9186,1.0,0.08230000000000004,0.08230000000000004,0.0009000000000000119,0.08230000000000004
010.png,0.9177,1.0,1.0,0.9186,1.0,0.08230000000000004,0.08230000000000004,0.0009000000000000119,0.08230000000000004
010.png,0.9177,1.0,1.0,0.9186,1.0,0.08230000000000004,0.08230000000000004,0.0009000000000000119,0.08230000000000004
010.png,0.9177,1.0,1.0,0.9186,1.0,0.08230000000000004,0.08230000000000004,0.0009000000000000119,0.08230000000000004
010.png,0.9177,1.0,1.0,0.9186,1.0,0.08230000000000004,0.08230000000000004,0.0009000000000000119,0.08230000000000004
010.png,0.9177,1.0,1.0,0.9186,1.0,0.08230000000000004,0.08230000000000004,0.0009000000000000119,0.08230000000000004
010.png,0.9177,1.0,1.0,0.9186,1.0,0.08230000000000004,0.08230000000000004,0.0009000000000000119,0.08230000000000004
010.png,0.9177,1.0,1.0,0.9186,1.0,0.08230000000000004,0.08230000000000004,0.0009000000000000119,0.08230000000000004
010.png,0.9177,1.0,1.0,0.9186,1.0,0.08230000000000004,0.08230000000000004,0.0009000000000000119,0.08230000000000004
010.png,0.9177,1.0,1.0,0.9186,1.0,0.08230000000000004,0.08230000000000004,0.0009000000000000119,0.08230000000000004
010.png,0.9177,1.0,1.0,0.9186,1.0,0.08230000000000004,0.08230000000000004,0.0009000000000000119,0.08230000000000004
010.png,0.9177,1.0,1.0,0.9186,1.0,0.08230000000000004,0.08230000000000004,0.0009000000000000119,0.08230000000000004
010.png,0.9177,1.0,1.0,0.9186,1.0,0.08230000000000004,0.08230000000000004,0.0009000000000000119,0.08230000000000004
010.png,0.9177,1.0,1.0,0.9186,1.0,0.08230000000000004,0.08230000000000004,0.0009000000000000119,0.08230000000000004
010.png,0.9177,1.0,1.0,0.9186,1.0,0.08230000000000004,0.08230000000000004,0.0009000000000000119,0.08230000000000004
010.png,0.9177,1.0,1.0,0.9186,1.0,0.08230000000000004,0.08230000000000004,0.0009000000000000119,0.08230000000000004
010.png,0.9177,1.0,1.0,0.9186,1.0,0.08230000000000004,0.08230000000000004,0.0009000000000000119,0.08230000000000004
010.png,0.9177,1.0,1.0,0.9186,1.0,0.08230000000000004,0.08230000000000004,0.0009000000000000119,0.08230000000000004
010.png,0.9177,1.0,1.0,0.9186,1.0,0.08230000000000004,0.08230000000000004,0.0009000000000000119,0.08230000000000004
010.png,0.9177,1.0,1.0,0.9186,1.0,0.08230000000000004,0.08230000000000004,0.0009000000000000119,0.08230000000000004
010.png,0.9177,1.0,1.0,0.9186,1.0,0.08230000000000004,0.08230000000000004,0.0009000000000000119,0.08230000000000004
010.png,0.9177,1.0,1.0,0.9186,1.0,0.08230000000000004,0.08230000000000004,0.0009000000000000119,0.08230000000000004
010.png,0.9177,1.0,1.0,0.9186,1.0,0.08230000000000004,0.08230000000000004,0.0009000000000000119,0.08230000000000004
010.png,0.9177,1.0,1.0,0.9186,1.0,0.08230000000000004,0.08230000000000004,0.0009000000000000119,0.08230000000000004
010.png,0.9177,1.0,1.0,0.9186,1.0,0.08230000000000004,0.08230000000000004,0.0009000000000000119,0.08230000000000004
010.png,0.9177,1.0,1.0,0.9186,1.0,0.08230000000000004,0.08230000000000004,0.0009000000000000119,0.08230000000000004
010.png,0.9177,1.0,1.0,0.9186,1.0,0.08230000000000004,0.08230000000000004,0.0009000000000000119,0.08230000000000004
010.png,0.9177,1.0,1.0,0.9186,1.0,0.08230000000000004,0.08230000000000004,0.0009000000000000119,0.08230000000000004
012.png,0.8372,1.0,1.0,0.9179,1.0,0.16279999999999994,0.16279999999999994,0.0807,0.16279999999999994
012.png,0.8372,1.0,1.0,0.9179,0.99,0.16279999999999994,0.16279999999999994,0.0807,0.15279999999999994
012.png,0.8372,1.0,1.0,0.9179,0.761,0.16279999999999994,0.16279999999999994,0.0807,0.07620000000000005
012.png,0.8372,1.0,1.0,0.9179,1.0,0.16279999999999994,0.16279999999999994,0.0807,0.16279999999999994
012.png,0.8372,1.0,1.0,0.9179,1.0,0.16279999999999994,0.16279999999999994,0.0807,0.16279999999999994
012.png,0.8372,1.0,1.0,0.9179,0.99,0.16279999999999994,0.16279999999999994,0.0807,0.15279999999999994
012.png,0.8372,1.0,1.0,0.9179,0.761,0.16279999999999994,0.16279999999999994,0.0807,0.07620000000000005
012.png,0.8372,1.0,1.0,0.9179,1.0,0.16279999999999994,0.16279999999999994,0.0807,0.16279999999999994
012.png,0.8372,1.0,0.9078,0.9179,1.0,0.16279999999999994,0.0706,0.0807,0.16279999999999994
012.png,0.8372,1.0,0.9078,0.9179,0.99,0.16279999999999994,0.0706,0.0807,0.15279999999999994
012.png,0.8372,1.0,0.9078,0.9179,0.761,0.16279999999999994,0.0706,0.0807,0.07620000000000005
012.png,0.8372,1.0,0.9078,0.9179,1.0,0.16279999999999994,0.0706,0.0807,0.16279999999999994
012.png,0.8372,1.0,1.0,0.9179,1.0,0.16279999999999994,0.16279999999999994,0.0807,0.16279999999999994
012.png,0.8372,1.0,1.0,0.9179,0.99,0.16279999999999994,0.16279999999999994,0.0807,0.15279999999999994
012.png,0.8372,1.0,1.0,0.9179,0.761,0.16279999999999994,0.16279999999999994,0.0807,0.07620000000000005
012.png,0.8372,1.0,1.0,0.9179,1.0,0.16279999999999994,0.16279999999999994,0.0807,0.16279999999999994
012.png,0.8372,1.0,1.0,0.9179,1.0,0.16279999999999994,0.16279999999999994,0.0807,0.16279999999999994
012.png,0.8372,1.0,1.0,0.9179,0.99,0.16279999999999994,0.16279999999999994,0.0807,0.15279999999999994
012.png,0.8372,1.0,1.0,0.9179,0.761,0.16279999999999994,0.16279999999999994,0.0807,0.07620000000000005
012.png,0.8372,1.0,1.0,0.9179,1.0,0.16279999999999994,0.16279999999999994,0.0807,0.16279999999999994
012.png,0.8372,1.0,1.0,0.9179,1.0,0.16279999999999994,0.16279999999999994,0.0807,0.16279999999999994
012.png,0.8372,1.0,1.0,0.9179,0.99,0.16279999999999994,0.16279999999999994,0.0807,0.15279999999999994
012.png,0.8372,1.0,1.0,0.9179,0.761,0.16279999999999994,0.16279999999999994,0.0807,0.07620000000000005
012.png,0.8372,1.0,1.0,0.9179,1.0,0.16279999999999994,0.16279999999999994,0.0807,0.16279999999999994
012.png,0.8372,1.0,0.9078,0.9179,1.0,0.16279999999999994,0.0706,0.0807,0.16279999999999994
012.png,0.8372,1.0,0.9078,0.9179,0.99,0.16279999999999994,0.0706,0.0807,0.15279999999999994
012.png,0.8372,1.0,0.9078,0.9179,0.761,0.16279999999999994,0.0706,0.0807,0.07620000000000005
012.png,0.8372,1.0,0.9078,0.9179,1.0,0.16279999999999994,0.0706,0.0807,0.16279999999999994
012.png,0.8372,1.0,1.0,0.9179,1.0,0.16279999999999994,0.16279999999999994,0.0807,0.16279999999999994
012.png,0.8372,1.0,1.0,0.9179,0.99,0.16279999999999994,0.16279999999999994,0.0807,0.15279999999999994
012.png,0.8372,1.0,1.0,0.9179,0.761,0.16279999999999994,0.16279999999999994,0.0807,0.07620000000000005
012.png,0.8372,1.0,1.0,0.9179,1.0,0.16279999999999994,0.16279999999999994,0.0807,0.16279999999999994
012.png,0.8372,1.0,1.0,0.9179,1.0,0.16279999999999994,0.16279999999999994,0.0807,0.16279999999999994
012.png,0.8372,1.0,1.0,0.9179,0.99,0.16279999999999994,0.16279999999999994,0.0807,0.15279999999999994
012.png,0.8372,1.0,1.0,0.9179,0.761,0.16279999999999994,0.16279999999999994,0.0807,0.07620000000000005
012.png,0.8372,1.0,1.0,0.9179,1.0,0.16279999999999994,0.16279999999999994,0.0807,0.16279999999999994
012.png,0.8372,1.0,1.0,0.9179,1.0,0.16279999999999994,0.16279999999999994,0.0807,0.16279999999999994
012.png,0.8372,1.0,1.0,0.9179,0.99,0.16279999999999994,0.16279999999999994,0.0807,0.15279999999999994
012.png,0.8372,1.0,1.0,0.9179,0.761,0.16279999999999994,0.16279999999999994,0.0807,0.07620000000000005
012.png,0.8372,1.0,1.0,0.9179,1.0,0.16279999999999994,0.16279999999999994,0.0807,0.16279999999999994
012.png,0.8372,1.0,0.9078,0.9179,1.0,0.16279999999999994,0.0706,0.0807,0.16279999999999994
012.png,0.8372,1.0,0.9078,0.9179,0.99,0.16279999999999994,0.0706,0.0807,0.15279999999999994
012.png,0.8372,1.0,0.9078,0.9179,0.761,0.16279999999999994,0.0706,0.0807,0.07620000000000005
012.png,0.8372,1.0,0.9078,0.9179,1.0,0.16279999999999994,0.0706,0.0807,0.16279999999999994
012.png,0.8372,1.0,1.0,0.9179,1.0,0.16279999999999994,0.16279999999999994,0.0807,0.16279999999999994
012.png,0.8372,1.0,1.0,0.9179,0.99,0.16279999999999994,0.16279999999999994,0.0807,0.15279999999999994
012.png,0.8372,1.0,1.0,0.9179,0.761,0.16279999999999994,0.16279999999999994,0.0807,0.07620000000000005
012.png,0.8372,1.0,1.0,0.9179,1.0,0.16279999999999994,0.16279999999999994,0.0807,0.16279999999999994
012.png,0.8372,1.0,1.0,0.9179,1.0,0.16279999999999994,0.16279999999999994,0.0807,0.16279999999999994
012.png,0.8372,1.0,1.0,0.9179,0.99,0.16279999999999994,0.16279999999999994,0.0807,0.15279999999999994
012.png,0.8372,1.0,1.0,0.9179,0.761,0.16279999999999994,0.16279999999999994,0.0807,0.07620000000000005
012.png,0.8372,1.0,1.0,0.9179,1.0,0.16279999999999994,0.16279999999999994,0.0807,0.16279999999999994
012.png,0.8372,1.0,1.0,0.9179,1.0,0.16279999999999994,0.16279999999999994,0.0807,0.16279999999999994
012.png,0.8372,1.0,1.0,0.9179,0.99,0.16279999999999994,0.16279999999999994,0.0807,0.15279999999999994
012.png,0.8372,1.0,1.0,0.9179,0.761,0.16279999999999994,0.16279999999999994,0.0807,0.07620000000000005
012.png,0.8372,1.0,1.0,0.9179,1.0,0.16279999999999994,0.16279999999999994,0.0807,0.16279999999999994
012.png,0.8372,1.0,0.9078,0.9179,1.0,0.16279999999999994,0.0706,0.0807,0.16279999999999994
012.png,0.8372,1.0,0.9078,0.9179,0.99,0.16279999999999994,0.0706,0.0807,0.15279999999999994
012.png,0.8372,1.0,0.9078,0.9179,0.761,0.16279999999999994,0.0706,0.0807,0.07620000000000005
012.png,0.8372,1.0,0.9078,0.9179,1.0,0.16279999999999994,0.0706,0.0807,0.16279999999999994
012.png,0.8372,1.0,1.0,0.9179,1.0,0.16279999999999994,0.16279999999999994,0.0807,0.16279999999999994
012.png,0.8372,1.0,1.0,0.9179,0.99,0.16279999999999994,0.16279999999999994,0.0807,0.15279999999999994
012.png,0.8372,1.0,1.0,0.9179,0.761,0.16279999999999994,0.16279999999999994,0.0807,0.07620000000000005
012.png,0.8372,1.0,1.0,0.9179,1.0,0.16279999999999994,0.16279999999999994,0.0807,0.16279999999999994
003.png,0.8387,1.0,1.0,0.9492,1.0,0.1613,0.1613,0.11050000000000004,0.1613
003.png,0.8387,1.0,1.0,0.9492,0.9869,0.1613,0.1613,0.11050000000000004,0.1482
003.png,0.8387,1.0,1.0,0.9492,0.769,0.1613,0.1613,0.11050000000000004,0.06969999999999998
003.png,0.8387,1.0,1.0,0.9492,1.0,0.1613,0.1613,0.11050000000000004,0.1613
003.png,0.8387,1.0,1.0,0.9492,1.0,0.1613,0.1613,0.11050000000000004,0.1613
003.png,0.8387,1.0,1.0,0.9492,0.9869,0.1613,0.1613,0.11050000000000004,0.1482
003.png,0.8387,1.0,1.0,0.9492,0.769,0.1613,0.1613,0.11050000000000004,0.06969999999999998
003.png,0.8387,1.0,1.0,0.9492,1.0,0.1613,0.1613,0.11050000000000004,0.1613
003.png,0.8387,1.0,1.0,0.9492,1.0,0.1613,0.1613,0.11050000000000004,0.1613
003.png,0.8387,1.0,1.0,0.9492,0.9869,0.1613,0.1613,0.11050000000000004,0.1482
003.png,0.8387,1.0,1.0,0.9492,0.769,0.1613,0.1613,0.11050000000000004,0.06969999999999998
003.png,0.8387,1.0,1.0,0.9492,1.0,0.1613,0.1613,0.11050000000000004,0.1613
003.png,0.8387,1.0,1.0,0.9492,1.0,0.1613,0.1613,0.11050000000000004,0.1613
003.png,0.8387,1.0,1.0,0.9492,0.9869,0.1613,0.1613,0.11050000000000004,0.1482
003.png,0.8387,1.0,1.0,0.9492,0.769,0.1613,0.1613,0.11050000000000004,0.06969999999999998
003.png,0.8387,1.0,1.0,0.9492,1.0,0.1613,0.1613,0.11050000000000004,0.1613
003.png,0.8387,1.0,1.0,0.9492,1.0,0.1613,0.1613,0.11050000000000004,0.1613
003.png,0.8387,1.0,1.0,0.9492,0.9869,0.1613,0.1613,0.11050000000000004,0.1482
003.png,0.8387,1.0,1.0,0.9492,0.769,0.1613,0.1613,0.11050000000000004,0.06969999999999998
003.png,0.8387,1.0,1.0,0.9492,1.0,0.1613,0.1613,0.11050000000000004,0.1613
003.png,0.8387,1.0,1.0,0.9492,1.0,0.1613,0.1613,0.11050000000000004,0.1613
003.png,0.8387,1.0,1.0,0.9492,0.9869,0.1613,0.1613,0.11050000000000004,0.1482
003.png,0.8387,1.0,1.0,0.9492,0.769,0.1613,0.1613,0.11050000000000004,0.06969999999999998
003.png,0.8387,1.0,1.0,0.9492,1.0,0.1613,0.1613,0.11050000000000004,0.1613
003.png,0.8387,1.0,1.0,0.9492,1.0,0.1613,0.1613,0.11050000000000004,0.1613
003.png,0.8387,1.0,1.0,0.9492,0.9869,0.1613,0.1613,0.11050000000000004,0.1482
003.png,0.8387,1.0,1.0,0.9492,0.769,0.1613,0.1613,0.11050000000000004,0.06969999999999998
003.png,0.8387,1.0,1.0,0.9492,1.0,0.1613,0.1613,0.11050000000000004,0.1613
003.png,0.8387,1.0,1.0,0.9492,1.0,0.1613,0.1613,0.11050000000000004,0.1613
003.png,0.8387,1.0,1.0,0.9492,0.9869,0.1613,0.1613,0.11050000000000004,0.1482
003.png,0.8387,1.0,1.0,0.9492,0.769,0.1613,0.1613,0.11050000000000004,0.06969999999999998
003.png,0.8387,1.0,1.0,0.9492,1.0,0.1613,0.1613,0.11050000000000004,0.1613
003.png,0.8387,1.0,1.0,0.9492,1.0,0.1613,0.1613,0.11050000000000004,0.1613
003.png,0.8387,1.0,1.0,0.9492,0.9869,0.1613,0.1613,0.11050000000000004,0.1482
003.png,0.8387,1.0,1.0,0.9492,0.769,0.1613,0.1613,0.11050000000000004,0.06969999999999998
003.png,0.8387,1.0,1.0,0.9492,1.0,0.1613,0.1613,0.11050000000000004,0.1613
003.png,0.8387,1.0,1.0,0.9492,1.0,0.1613,0.1613,0.11050000000000004,0.1613
003.png,0.8387,1.0,1.0,0.9492,0.9869,0.1613,0.1613,0.11050000000000004,0.1482
003.png,0.8387,1.0,1.0,0.9492,0.769,0.1613,0.1613,0.11050000000000004,0.06969999999999998
003.png,0.8387,1.0,1.0,0.9492,1.0,0.1613,0.1613,0.11050000000000004,0.1613
003.png,0.8387,1.0,1.0,0.9492,1.0,0.1613,0.1613,0.11050000000000004,0.1613
003.png,0.8387,1.0,1.0,0.9492,0.9869,0.1613,0.1613,0.11050000000000004,0.1482
003.png,0.8387,1.0,1.0,0.9492,0.769,0.1613,0.1613,0.11050000000000004,0.06969999999999998
003.png,0.8387,1.0,1.0,0.9492,1.0,0.1613,0.1613,0.11050000000000004,0.1613
003.png,0.8387,1.0,1.0,0.9492,1.0,0.1613,0.1613,0.11050000000000004,0.1613
003.png,0.8387,1.0,1.0,0.9492,0.9869,0.1613,0.1613,0.11050000000000004,0.1482
003.png,0.8387,1.0,1.0,0.9492,0.769,0.1613,0.1613,0.11050000000000004,0.06969999999999998
003.png,0.8387,1.0,1.0,0.9492,1.0,0.1613,0.1613,0.11050000000000004,0.1613
003.png,0.8387,1.0,1.0,0.9492,1.0,0.1613,0.1613,0.11050000000000004,0.1613
003.png,0.8387,1.0,1.0,0.9492,0.9869,0.1613,0.1613,0.11050000000000004,0.1482
003.png,0.8387,1.0,1.0,0.9492,0.769,0.1613,0.1613,0.11050000000000004,0.06969999999999998
003.png,0.8387,1.0,1.0,0.9492,1.0,0.1613,0.1613,0.11050000000000004,0.1613
003.png,0.8387,1.0,1.0,0.9492,1.0,0.1613,0.1613,0.11050000000000004,0.1613
003.png,0.8387,1.0,1.0,0.9492,0.9869,0.1613,0.1613,0.11050000000000004,0.1482
003.png,0.8387,1.0,1.0,0.9492,0.769,0.1613,0.1613,0.11050000000000004,0.06969999999999998
003.png,0.8387,1.0,1.0,0.9492,1.0,0.1613,0.1613,0.11050000000000004,0.1613
003.png,0.8387,1.0,1.0,0.9492,1.0,0.1613,0.1613,0.11050000000000004,0.1613
003.png,0.8387,1.0,1.0,0.9492,0.9869,0.1613,0.1613,0.11050000000000004,0.1482
003.png,0.8387,1.0,1.0,0.9492,0.769,0.1613,0.1613,0.11050000000000004,0.06969999999999998
003.png,0.8387,1.0,1.0,0.9492,1.0,0.1613,0.1613,0.11050000000000004,0.1613
003.png,0.8387,1.0,1.0,0.9492,1.0,0.1613,0.1613,0.11050000000000004,0.1613
003.png,0.8387,1.0,1.0,0.9492,0.9869,0.1613,0.1613,0.11050000000000004,0.1482
003.png,0.8387,1.0,1.0,0.9492,0.769,0.1613,0.1613,0.11050000000000004,0.06969999999999998
003.png,0.8387,1.0,1.0,0.9492,1.0,0.1613,0.1613,0.11050000000000004,0.1613
002.png,0.8336,1.0,1.0,0.9177,1.0,0.1664,0.1664,0.08409999999999995,0.1664
002.png,0.8336,1.0,1.0,0.9177,1.0,0.1664,0.1664,0.08409999999999995,0.1664
002.png,0.8336,1.0,1.0,0.9177,0.8298,0.1664,0.1664,0.08409999999999995,0.0038000000000000256
002.png,0.8336,1.0,1.0,0.9177,1.0,0.1664,0.1664,0.08409999999999995,0.1664
002.png,0.8336,1.0,1.0,0.9177,1.0,0.1664,0.1664,0.08409999999999995,0.1664
002.png,0.8336,1.0,1.0,0.9177,1.0,0.1664,0.1664,0.08409999999999995,0.1664
002.png,0.8336,1.0,1.0,0.9177,0.8298,0.1664,0.1664,0.08409999999999995,0.0038000000000000256
002.png,0.8336,1.0,1.0,0.9177,1.0,0.1664,0.1664,0.08409999999999995,0.1664
002.png,0.8336,1.0,1.0,0.9177,1.0,0.1664,0.1664,0.08409999999999995,0.1664
002.png,0.8336,1.0,1.0,0.9177,1.0,0.1664,0.1664,0.08409999999999995,0.1664
002.png,0.8336,1.0,1.0,0.9177,0.8298,0.1664,0.1664,0.08409999999999995,0.0038000000000000256
002.png,0.8336,1.0,1.0,0.9177,1.0,0.1664,0.1664,0.08409999999999995,0.1664
002.png,0.8336,1.0,1.0,0.9177,1.0,0.1664,0.1664,0.08409999999999995,0.1664
002.png,0.8336,1.0,1.0,0.9177,1.0,0.1664,0.1664,0.08409999999999995,0.1664
002.png,0.8336,1.0,1.0,0.9177,0.8298,0.1664,0.1664,0.08409999999999995,0.0038000000000000256
002.png,0.8336,1.0,1.0,0.9177,1.0,0.1664,0.1664,0.08409999999999995,0.1664
002.png,0.8336,1.0,1.0,0.9177,1.0,0.1664,0.1664,0.08409999999999995,0.1664
002.png,0.8336,1.0,1.0,0.9177,1.0,0.1664,0.1664,0.08409999999999995,0.1664
002.png,0.8336,1.0,1.0,0.9177,0.8298,0.1664,0.1664,0.08409999999999995,0.0038000000000000256
002.png,0.8336,1.0,1.0,0.9177,1.0,0.1664,0.1664,0.08409999999999995,0.1664
002.png,0.8336,1.0,1.0,0.9177,1.0,0.1664,0.1664,0.08409999999999995,0.1664
002.png,0.8336,1.0,1.0,0.9177,1.0,0.1664,0.1664,0.08409999999999995,0.1664
002.png,0.8336,1.0,1.0,0.9177,0.8298,0.1664,0.1664,0.08409999999999995,0.0038000000000000256
002.png,0.8336,1.0,1.0,0.9177,1.0,0.1664,0.1664,0.08409999999999995,0.1664
002.png,0.8336,1.0,1.0,0.9177,1.0,0.1664,0.1664,0.08409999999999995,0.1664
002.png,0.8336,1.0,1.0,0.9177,1.0,0.1664,0.1664,0.08409999999999995,0.1664
002.png,0.8336,1.0,1.0,0.9177,0.8298,0.1664,0.1664,0.08409999999999995,0.0038000000000000256
002.png,0.8336,1.0,1.0,0.9177,1.0,0.1664,0.1664,0.08409999999999995,0.1664
002.png,0.8336,1.0,1.0,0.9177,1.0,0.1664,0.1664,0.08409999999999995,0.1664
002.png,0.8336,1.0,1.0,0.9177,1.0,0.1664,0.1664,0.08409999999999995,0.1664
002.png,0.8336,1.0,1.0,0.9177,0.8298,0.1664,0.1664,0.08409999999999995,0.0038000000000000256
002.png,0.8336,1.0,1.0,0.9177,1.0,0.1664,0.1664,0.08409999999999995,0.1664
002.png,0.8336,1.0,1.0,0.9177,1.0,0.1664,0.1664,0.08409999999999995,0.1664
002.png,0.8336,1.0,1.0,0.9177,1.0,0.1664,0.1664,0.08409999999999995,0.1664
002.png,0.8336,1.0,1.0,0.9177,0.8298,0.1664,0.1664,0.08409999999999995,0.0038000000000000256
002.png,0.8336,1.0,1.0,0.9177,1.0,0.1664,0.1664,0.08409999999999995,0.1664
002.png,0.8336,1.0,1.0,0.9177,1.0,0.1664,0.1664,0.08409999999999995,0.1664
002.png,0.8336,1.0,1.0,0.9177,1.0,0.1664,0.1664,0.08409999999999995,0.1664
002.png,0.8336,1.0,1.0,0.9177,0.8298,0.1664,0.1664,0.08409999999999995,0.0038000000000000256
002.png,0.8336,1.0,1.0,0.9177,1.0,0.1664,0.1664,0.08409999999999995,0.1664
002.png,0.8336,1.0,1.0,0.9177,1.0,0.1664,0.1664,0.08409999999999995,0.1664
002.png,0.8336,1.0,1.0,0.9177,1.0,0.1664,0.1664,0.08409999999999995,0.1664
002.png,0.8336,1.0,1.0,0.9177,0.8298,0.1664,0.1664,0.08409999999999995,0.0038000000000000256
002.png,0.8336,1.0,1.0,0.9177,1.0,0.1664,0.1664,0.08409999999999995,0.1664
002.png,0.8336,1.0,1.0,0.9177,1.0,0.1664,0.1664,0.08409999999999995,0.1664
002.png,0.8336,1.0,1.0,0.9177,1.0,0.1664,0.1664,0.08409999999999995,0.1664
002.png,0.8336,1.0,1.0,0.9177,0.8298,0.1664,0.1664,0.08409999999999995,0.0038000000000000256
002.png,0.8336,1.0,1.0,0.9177,1.0,0.1664,0.1664,0.08409999999999995,0.1664
002.png,0.8336,1.0,1.0,0.9177,1.0,0.1664,0.1664,0.08409999999999995,0.1664
002.png,0.8336,1.0,1.0,0.9177,1.0,0.1664,0.1664,0.08409999999999995,0.1664
002.png,0.8336,1.0,1.0,0.9177,0.8298,0.1664,0.1664,0.08409999999999995,0.0038000000000000256
002.png,0.8336,1.0,1.0,0.9177,1.0,0.1664,0.1664,0.08409999999999995,0.1664
002.png,0.8336,1.0,1.0,0.9177,1.0,0.1664,0.1664,0.08409999999999995,0.1664
002.png,0.8336,1.0,1.0,0.9177,1.0,0.1664,0.1664,0.08409999999999995,0.1664
002.png,0.8336,1.0,1.0,0.9177,0.8298,0.1664,0.1664,0.08409999999999995,0.0038000000000000256
002.png,0.8336,1.0,1.0,0.9177,1.0,0.1664,0.1664,0.08409999999999995,0.1664
002.png,0.8336,1.0,1.0,0.9177,1.0,0.1664,0.1664,0.08409999999999995,0.1664
002.png,0.8336,1.0,1.0,0.9177,1.0,0.1664,0.1664,0.08409999999999995,0.1664
002.png,0.8336,1.0,1.0,0.9177,0.8298,0.1664,0.1664,0.08409999999999995,0.0038000000000000256
002.png,0.8336,1.0,1.0,0.9177,1.0,0.1664,0.1664,0.08409999999999995,0.1664
002.png,0.8336,1.0,1.0,0.9177,1.0,0.1664,0.1664,0.08409999999999995,0.1664
002.png,0.8336,1.0,1.0,0.9177,1.0,0.1664,0.1664,0.08409999999999995,0.1664
002.png,0.8336,1.0,1.0,0.9177,0.8298,0.1664,0.1664,0.08409999999999995,0.0038000000000000256
002.png,0.8336,1.0,1.0,0.9177,1.0,0.1664,0.1664,0.08409999999999995,0.1664
015.png,0.8314,1.0,1.0,0.9089,1.0,0.16859999999999997,0.16859999999999997,0.07750000000000001,0.16859999999999997
015.png,0.8314,1.0,1.0,0.9089,1.0,0.16859999999999997,0.16859999999999997,0.07750000000000001,0.16859999999999997
015.png,0.8314,1.0,1.0,0.9089,0.8991,0.16859999999999997,0.16859999999999997,0.07750000000000001,0.06769999999999998
015.png,0.8314,1.0,1.0,0.9089,1.0,0.16859999999999997,0.16859999999999997,0.07750000000000001,0.16859999999999997
015.png,0.8314,1.0,1.0,0.9089,1.0,0.16859999999999997,0.16859999999999997,0.07750000000000001,0.16859999999999997
015.png,0.8314,1.0,1.0,0.9089,1.0,0.16859999999999997,0.16859999999999997,0.07750000000000001,0.16859999999999997
015.png,0.8314,1.0,1.0,0.9089,0.8991,0.16859999999999997,0.16859999999999997,0.07750000000000001,0.06769999999999998
015.png,0.8314,1.0,1.0,0.9089,1.0,0.16859999999999997,0.16859999999999997,0.07750000000000001,0.16859999999999997
015.png,0.8314,1.0,1.0,0.9089,1.0,0.16859999999999997,0.16859999999999997,0.07750000000000001,0.16859999999999997
015.png,0.8314,1.0,1.0,0.9089,1.0,0.16859999999999997,0.16859999999999997,0.07750000000000001,0.16859999999999997
015.png,0.8314,1.0,1.0,0.9089,0.8991,0.16859999999999997,0.16859999999999997,0.07750000000000001,0.06769999999999998
015.png,0.8314,1.0,1.0,0.9089,1.0,0.16859999999999997,0.16859999999999997,0.07750000000000001,0.16859999999999997
015.png,0.8314,1.0,1.0,0.9089,1.0,0.16859999999999997,0.16859999999999997,0.07750000000000001,0.16859999999999997
015.png,0.8314,1.0,1.0,0.9089,1.0,0.16859999999999997,0.16859999999999997,0.07750000000000001,0.16859999999999997
015.png,0.8314,1.0,1.0,0.9089,0.8991,0.16859999999999997,0.16859999999999997,0.07750000000000001,0.06769999999999998
015.png,0.8314,1.0,1.0,0.9089,1.0,0.16859999999999997,0.16859999999999997,0.07750000000000001,0.16859999999999997
015.png,0.8314,1.0,1.0,0.9089,1.0,0.16859999999999997,0.16859999999999997,0.07750000000000001,0.16859999999999997
015.png,0.8314,1.0,1.0,0.9089,1.0,0.16859999999999997,0.16859999999999997,0.07750000000000001,0.16859999999999997
015.png,0.8314,1.0,1.0,0.9089,0.8991,0.16859999999999997,0.16859999999999997,0.07750000000000001,0.06769999999999998
015.png,0.8314,1.0,1.0,0.9089,1.0,0.16859999999999997,0.16859999999999997,0.07750000000000001,0.16859999999999997
015.png,0.8314,1.0,1.0,0.9089,1.0,0.16859999999999997,0.16859999999999997,0.07750000000000001,0.16859999999999997
015.png,0.8314,1.0,1.0,0.9089,1.0,0.16859999999999997,0.16859999999999997,0.07750000000000001,0.16859999999999997
015.png,0.8314,1.0,1.0,0.9089,0.8991,0.16859999999999997,0.16859999999999997,0.07750000000000001,0.06769999999999998
015.png,0.8314,1.0,1.0,0.9089,1.0,0.16859999999999997,0.16859999999999997,0.07750000000000001,0.16859999999999997
015.png,0.8314,1.0,1.0,0.9089,1.0,0.16859999999999997,0.16859999999999997,0.07750000000000001,0.16859999999999997
015.png,0.8314,1.0,1.0,0.9089,1.0,0.16859999999999997,0.16859999999999997,0.07750000000000001,0.16859999999999997
015.png,0.8314,1.0,1.0,0.9089,0.8991,0.16859999999999997,0.16859999999999997,0.07750000000000001,0.06769999999999998
015.png,0.8314,1.0,1.0,0.9089,1.0,0.16859999999999997,0.16859999999999997,0.07750000000000001,0.16859999999999997
015.png,0.8314,1.0,1.0,0.9089,1.0,0.16859999999999997,0.16859999999999997,0.07750000000000001,0.16859999999999997
015.png,0.8314,1.0,1.0,0.9089,1.0,0.16859999999999997,0.16859999999999997,0.07750000000000001,0.16859999999999997
015.png,0.8314,1.0,1.0,0.9089,0.8991,0.16859999999999997,0.16859999999999997,0.07750000000000001,0.06769999999999998
015.png,0.8314,1.0,1.0,0.9089,1.0,0.16859999999999997,0.16859999999999997,0.07750000000000001,0.16859999999999997
015.png,0.8314,1.0,1.0,0.9089,1.0,0.16859999999999997,0.16859999999999997,0.07750000000000001,0.16859999999999997
015.png,0.8314,1.0,1.0,0.9089,1.0,0.16859999999999997,0.16859999999999997,0.07750000000000001,0.16859999999999997
015.png,0.8314,1.0,1.0,0.9089,0.8991,0.16859999999999997,0.16859999999999997,0.07750000000000001,0.06769999999999998
015.png,0.8314,1.0,1.0,0.9089,1.0,0.16859999999999997,0.16859999999999997,0.07750000000000001,0.16859999999999997
015.png,0.8314,1.0,1.0,0.9089,1.0,0.16859999999999997,0.16859999999999997,0.07750000000000001,0.16859999999999997
015.png,0.8314,1.0,1.0,0.9089,1.0,0.16859999999999997,0.16859999999999997,0.07750000000000001,0.16859999999999997
015.png,0.8314,1.0,1.0,0.9089,0.8991,0.16859999999999997,0.16859999999999997,0.07750000000000001,0.06769999999999998
015.png,0.8314,1.0,1.0,0.9089,1.0,0.16859999999999997,0.16859999999999997,0.07750000000000001,0.16859999999999997
015.png,0.8314,1.0,1.0,0.9089,1.0,0.16859999999999997,0.16859999999999997,0.07750000000000001,0.16859999999999997
015.png,0.8314,1.0,1.0,0.9089,1.0,0.16859999999999997,0.16859999999999997,0.07750000000000001,0.16859999999999997
015.png,0.8314,1.0,1.0,0.9089,0.8991,0.16859999999999997,0.16859999999999997,0.07750000000000001,0.06769999999999998
015.png,0.8314,1.0,1.0,0.9089,1.0,0.16859999999999997,0.16859999999999997,0.07750000000000001,0.16859999999999997
015.png,0.8314,1.0,1.0,0.9089,1.0,0.16859999999999997,0.16859999999999997,0.07750000000000001,0.16859999999999997
015.png,0.8314,1.0,1.0,0.9089,1.0,0.16859999999999997,0.16859999999999997,0.07750000000000001,0.16859999999999997
015.png,0.8314,1.0,1.0,0.9089,0.8991,0.16859999999999997,0.16859999999999997,0.07750000000000001,0.06769999999999998
015.png,0.8314,1.0,1.0,0.9089,1.0,0.16859999999999997,0.16859999999999997,0.07750000000000001,0.16859999999999997
015.png,0.8314,1.0,1.0,0.9089,1.0,0.16859999999999997,0.16859999999999997,0.07750000000000001,0.16859999999999997
015.png,0.8314,1.0,1.0,0.9089,1.0,0.16859999999999997,0.16859999999999997,0.07750000000000001,0.16859999999999997
015.png,0.8314,1.0,1.0,0.9089,0.8991,0.16859999999999997,0.16859999999999997,0.07750000000000001,0.06769999999999998
015.png,0.8314,1.0,1.0,0.9089,1.0,0.16859999999999997,0.16859999999999997,0.07750000000000001,0.16859999999999997
015.png,0.8314,1.0,1.0,0.9089,1.0,0.16859999999999997,0.16859999999999997,0.07750000000000001,0.16859999999999997
015.png,0.8314,1.0,1.0,0.9089,1.0,0.16859999999999997,0.16859999999999997,0.07750000000000001,0.16859999999999997
015.png,0.8314,1.0,1.0,0.9089,0.8991,0.16859999999999997,0.16859999999999997,0.07750000000000001,0.06769999999999998
015.png,0.8314,1.0,1.0,0.9089,1.0,0.16859999999999997,0.16859999999999997,0.07750000000000001,0.16859999999999997
015.png,0.8314,1.0,1.0,0.9089,1.0,0.16859999999999997,0.16859999999999997,0.07750000000000001,0.16859999999999997
015.png,0.8314,1.0,1.0,0.9089,1.0,0.16859999999999997,0.16859999999999997,0.07750000000000001,0.16859999999999997
015.png,0.8314,1.0,1.0,0.9089,0.8991,0.16859999999999997,0.16859999999999997,0.07750000000000001,0.06769999999999998
015.png,0.8314,1.0,1.0,0.9089,1.0,0.16859999999999997,0.16859999999999997,0.07750000000000001,0.16859999999999997
015.png,0.8314,1.0,1.0,0.9089,1.0,0.16859999999999997,0.16859999999999997,0.07750000000000001,0.16859999999999997
015.png,0.8314,1.0,1.0,0.9089,1.0,0.16859999999999997,0.16859999999999997,0.07750000000000001,0.16859999999999997
015.png,0.8314,1.0,1.0,0.9089,0.8991,0.16859999999999997,0.16859999999999997,0.07750000000000001,0.06769999999999998
015.png,0.8314,1.0,1.0,0.9089,1.0,0.16859999999999997,0.16859999999999997,0.07750000000000001,0.16859999999999997
019.png,0.8436,1.0,1.0,0.9553,1.0,0.15639999999999998,0.15639999999999998,0.11170000000000002,0.15639999999999998
019.png,0.8436,1.0,1.0,0.9553,1.0,0.15639999999999998,0.15639999999999998,0.11170000000000002,0.15639999999999998
019.png,0.8436,1.0,1.0,0.9553,0.7865,0.15639999999999998,0.15639999999999998,0.11170000000000002,0.05710000000000004
019.png,0.8436,1.0,1.0,0.9553,1.0,0.15639999999999998,0.15639999999999998,0.11170000000000002,0.15639999999999998
019.png,0.8436,1.0,1.0,0.9553,1.0,0.15639999999999998,0.15639999999999998,0.11170000000000002,0.15639999999999998
019.png,0.8436,1.0,1.0,0.9553,1.0,0.15639999999999998,0.15639999999999998,0.11170000000000002,0.15639999999999998
019.png,0.8436,1.0,1.0,0.9553,0.7865,0.15639999999999998,0.15639999999999998,0.11170000000000002,0.05710000000000004
019.png,0.8436,1.0,1.0,0.9553,1.0,0.15639999999999998,0.15639999999999998,0.11170000000000002,0.15639999999999998
019.png,0.8436,1.0,1.0,0.9553,1.0,0.15639999999999998,0.15639999999999998,0.11170000000000002,0.15639999999999998
019.png,0.8436,1.0,1.0,0.9553,1.0,0.15639999999999998,0.15639999999999998,0.11170000000000002,0.15639999999999998
019.png,0.8436,1.0,1.0,0.9553,0.7865,0.15639999999999998,0.15639999999999998,0.11170000000000002,0.05710000000000004
019.png,0.8436,1.0,1.0,0.9553,1.0,0.15639999999999998,0.15639999999999998,0.11170000000000002,0.15639999999999998
019.png,0.8436,1.0,1.0,0.9553,1.0,0.15639999999999998,0.15639999999999998,0.11170000000000002,0.15639999999999998
019.png,0.8436,1.0,1.0,0.9553,1.0,0.15639999999999998,0.15639999999999998,0.11170000000000002,0.15639999999999998
019.png,0.8436,1.0,1.0,0.9553,0.7865,0.15639999999999998,0.15639999999999998,0.11170000000000002,0.05710000000000004
019.png,0.8436,1.0,1.0,0.9553,1.0,0.15639999999999998,0.15639999999999998,0.11170000000000002,0.15639999999999998
019.png,0.8436,1.0,1.0,0.9553,1.0,0.15639999999999998,0.15639999999999998,0.11170000000000002,0.15639999999999998
019.png,0.8436,1.0,1.0,0.9553,1.0,0.15639999999999998,0.15639999999999998,0.11170000000000002,0.15639999999999998
019.png,0.8436,1.0,1.0,0.9553,0.7865,0.15639999999999998,0.15639999999999998,0.11170000000000002,0.05710000000000004
019.png,0.8436,1.0,1.0,0.9553,1.0,0.15639999999999998,0.15639999999999998,0.11170000000000002,0.15639999999999998
019.png,0.8436,1.0,1.0,0.9553,1.0,0.15639999999999998,0.15639999999999998,0.11170000000000002,0.15639999999999998
019.png,0.8436,1.0,1.0,0.9553,1.0,0.15639999999999998,0.15639999999999998,0.11170000000000002,0.15639999999999998
019.png,0.8436,1.0,1.0,0.9553,0.7865,0.15639999999999998,0.15639999999999998,0.11170000000000002,0.05710000000000004
019.png,0.8436,1.0,1.0,0.9553,1.0,0.15639999999999998,0.15639999999999998,0.11170000000000002,0.15639999999999998
019.png,0.8436,1.0,1.0,0.9553,1.0,0.15639999999999998,0.15639999999999998,0.11170000000000002,0.15639999999999998
019.png,0.8436,1.0,1.0,0.9553,1.0,0.15639999999999998,0.15639999999999998,0.11170000000000002,0.15639999999999998
019.png,0.8436,1.0,1.0,0.9553,0.7865,0.15639999999999998,0.15639999999999998,0.11170000000000002,0.05710000000000004
019.png,0.8436,1.0,1.0,0.9553,1.0,0.15639999999999998,0.15639999999999998,0.11170000000000002,0.15639999999999998
019.png,0.8436,1.0,1.0,0.9553,1.0,0.15639999999999998,0.15639999999999998,0.11170000000000002,0.15639999999999998
019.png,0.8436,1.0,1.0,0.9553,1.0,0.15639999999999998,0.15639999999999998,0.11170000000000002,0.15639999999999998
019.png,0.8436,1.0,1.0,0.9553,0.7865,0.15639999999999998,0.15639999999999998,0.11170000000000002,0.05710000000000004
019.png,0.8436,1.0,1.0,0.9553,1.0,0.15639999999999998,0.15639999999999998,0.11170000000000002,0.15639999999999998
019.png,0.8436,1.0,1.0,0.9553,1.0,0.15639999999999998,0.15639999999999998,0.11170000000000002,0.15639999999999998
019.png,0.8436,1.0,1.0,0.9553,1.0,0.15639999999999998,0.15639999999999998,0.11170000000000002,0.15639999999999998
019.png,0.8436,1.0,1.0,0.9553,0.7865,0.15639999999999998,0.15639999999999998,0.11170000000000002,0.05710000000000004
019.png,0.8436,1.0,1.0,0.9553,1.0,0.15639999999999998,0.15639999999999998,0.11170000000000002,0.15639999999999998
019.png,0.8436,1.0,1.0,0.9553,1.0,0.15639999999999998,0.15639999999999998,0.11170000000000002,0.15639999999999998
019.png,0.8436,1.0,1.0,0.9553,1.0,0.15639999999999998,0.15639999999999998,0.11170000000000002,0.15639999999999998
019.png,0.8436,1.0,1.0,0.9553,0.7865,0.15639999999999998,0.15639999999999998,0.11170000000000002,0.05710000000000004
019.png,0.8436,1.0,1.0,0.9553,1.0,0.15639999999999998,0.15639999999999998,0.11170000000000002,0.15639999999999998
019.png,0.8436,1.0,1.0,0.9553,1.0,0.15639999999999998,0.15639999999999998,0.11170000000000002,0.15639999999999998
019.png,0.8436,1.0,1.0,0.9553,1.0,0.15639999999999998,0.15639999999999998,0.11170000000000002,0.15639999999999998
019.png,0.8436,1.0,1.0,0.9553,0.7865,0.15639999999999998,0.15639999999999998,0.11170000000000002,0.05710000000000004
019.png,0.8436,1.0,1.0,0.9553,1.0,0.15639999999999998,0.15639999999999998,0.11170000000000002,0.15639999999999998
019.png,0.8436,1.0,1.0,0.9553,1.0,0.15639999999999998,0.15639999999999998,0.11170000000000002,0.15639999999999998
019.png,0.8436,1.0,1.0,0.9553,1.0,0.15639999999999998,0.15639999999999998,0.11170000000000002,0.15639999999999998
019.png,0.8436,1.0,1.0,0.9553,0.7865,0.15639999999999998,0.15639999999999998,0.11170000000000002,0.05710000000000004
019.png,0.8436,1.0,1.0,0.9553,1.0,0.15639999999999998,0.15639999999999998,0.11170000000000002,0.15639999999999998
019.png,0.8436,1.0,1.0,0.9553,1.0,0.15639999999999998,0.15639999999999998,0.11170000000000002,0.15639999999999998
019.png,0.8436,1.0,1.0,0.9553,1.0,0.15639999999999998,0.15639999999999998,0.11170000000000002,0.15639999999999998
019.png,0.8436,1.0,1.0,0.9553,0.7865,0.15639999999999998,0.15639999999999998,0.11170000000000002,0.05710000000000004
019.png,0.8436,1.0,1.0,0.9553,1.0,0.15639999999999998,0.15639999999999998,0.11170000000000002,0.15639999999999998
019.png,0.8436,1.0,1.0,0.9553,1.0,0.15639999999999998,0.15639999999999998,0.11170000000000002,0.15639999999999998
019.png,0.8436,1.0,1.0,0.9553,1.0,0.15639999999999998,0.15639999999999998,0.11170000000000002,0.15639999999999998
019.png,0.8436,1.0,1.0,0.9553,0.7865,0.15639999999999998,0.15639999999999998,0.11170000000000002,0.05710000000000004
019.png,0.8436,1.0,1.0,0.9553,1.0,0.15639999999999998,0.15639999999999998,0.11170000000000002,0.15639999999999998
019.png,0.8436,1.0,1.0,0.9553,1.0,0.15639999999999998,0.15639999999999998,0.11170000000000002,0.15639999999999998
019.png,0.8436,1.0,1.0,0.9553,1.0,0.15639999999999998,0.15639999999999998,0.11170000000000002,0.15639999999999998
019.png,0.8436,1.0,1.0,0.9553,0.7865,0.15639999999999998,0.15639999999999998,0.11170000000000002,0.05710000000000004
019.png,0.8436,1.0,1.0,0.9553,1.0,0.15639999999999998,0.15639999999999998,0.11170000000000002,0.15639999999999998
019.png,0.8436,1.0,1.0,0.9553,1.0,0.15639999999999998,0.15639999999999998,0.11170000000000002,0.15639999999999998
019.png,0.8436,1.0,1.0,0.9553,1.0,0.15639999999999998,0.15639999999999998,0.11170000000000002,0.15639999999999998
019.png,0.8436,1.0,1.0,0.9553,0.7865,0.15639999999999998,0.15639999999999998,0.11170000000000002,0.05710000000000004
019.png,0.8436,1.0,1.0,0.9553,1.0,0.15639999999999998,0.15639999999999998,0.11170000000000002,0.15639999999999998
004.png,0.8348,1.0,1.0,0.9764,1.0,0.1652,0.1652,0.14160000000000006,0.1652
004.png,0.8348,1.0,1.0,0.9764,1.0,0.1652,0.1652,0.14160000000000006,0.1652
004.png,0.8348,1.0,1.0,0.9764,0.6662,0.1652,0.1652,0.14160000000000006,0.16859999999999997
004.png,0.8348,1.0,1.0,0.9764,1.0,0.1652,0.1652,0.14160000000000006,0.1652
004.png,0.8348,1.0,1.0,0.9764,1.0,0.1652,0.1652,0.14160000000000006,0.1652
004.png,0.8348,1.0,1.0,0.9764,1.0,0.1652,0.1652,0.14160000000000006,0.1652
004.png,0.8348,1.0,1.0,0.9764,0.6662,0.1652,0.1652,0.14160000000000006,0.16859999999999997
004.png,0.8348,1.0,1.0,0.9764,1.0,0.1652,0.1652,0.14160000000000006,0.1652
004.png,0.8348,1.0,1.0,0.9764,1.0,0.1652,0.1652,0.14160000000000006,0.1652
004.png,0.8348,1.0,1.0,0.9764,1.0,0.1652,0.1652,0.14160000000000006,0.1652
004.png,0.8348,1.0,1.0,0.9764,0.6662,0.1652,0.1652,0.14160000000000006,0.16859999999999997
004.png,0.8348,1.0,1.0,0.9764,1.0,0.1652,0.1652,0.14160000000000006,0.1652
004.png,0.8348,1.0,1.0,0.9764,1.0,0.1652,0.1652,0.14160000000000006,0.1652
004.png,0.8348,1.0,1.0,0.9764,1.0,0.1652,0.1652,0.14160000000000006,0.1652
004.png,0.8348,1.0,1.0,0.9764,0.6662,0.1652,0.1652,0.14160000000000006,0.16859999999999997
004.png,0.8348,1.0,1.0,0.9764,1.0,0.1652,0.1652,0.14160000000000006,0.1652
004.png,0.8348,1.0,1.0,0.9764,1.0,0.1652,0.1652,0.14160000000000006,0.1652
004.png,0.8348,1.0,1.0,0.9764,1.0,0.1652,0.1652,0.14160000000000006,0.1652
004.png,0.8348,1.0,1.0,0.9764,0.6662,0.1652,0.1652,0.14160000000000006,0.16859999999999997
004.png,0.8348,1.0,1.0,0.9764,1.0,0.1652,0.1652,0.14160000000000006,0.1652
004.png,0.8348,1.0,1.0,0.9764,1.0,0.1652,0.1652,0.14160000000000006,0.1652
004.png,0.8348,1.0,1.0,0.9764,1.0,0.1652,0.1652,0.14160000000000006,0.1652
004.png,0.8348,1.0,1.0,0.9764,0.6662,0.1652,0.1652,0.14160000000000006,0.16859999999999997
004.png,0.8348,1.0,1.0,0.9764,1.0,0.1652,0.1652,0.14160000000000006,0.1652
004.png,0.8348,1.0,1.0,0.9764,1.0,0.1652,0.1652,0.14160000000000006,0.1652
004.png,0.8348,1.0,1.0,0.9764,1.0,0.1652,0.1652,0.14160000000000006,0.1652
004.png,0.8348,1.0,1.0,0.9764,0.6662,0.1652,0.1652,0.14160000000000006,0.16859999999999997
004.png,0.8348,1.0,1.0,0.9764,1.0,0.1652,0.1652,0.14160000000000006,0.1652
004.png,0.8348,1.0,1.0,0.9764,1.0,0.1652,0.1652,0.14160000000000006,0.1652
004.png,0.8348,1.0,1.0,0.9764,1.0,0.1652,0.1652,0.14160000000000006,0.1652
004.png,0.8348,1.0,1.0,0.9764,0.6662,0.1652,0.1652,0.14160000000000006,0.16859999999999997
004.png,0.8348,1.0,1.0,0.9764,1.0,0.1652,0.1652,0.14160000000000006,0.1652
004.png,0.8348,1.0,1.0,0.9764,1.0,0.1652,0.1652,0.14160000000000006,0.1652
004.png,0.8348,1.0,1.0,0.9764,1.0,0.1652,0.1652,0.14160000000000006,0.1652
004.png,0.8348,1.0,1.0,0.9764,0.6662,0.1652,0.1652,0.14160000000000006,0.16859999999999997
004.png,0.8348,1.0,1.0,0.9764,1.0,0.1652,0.1652,0.14160000000000006,0.1652
004.png,0.8348,1.0,1.0,0.9764,1.0,0.1652,0.1652,0.14160000000000006,0.1652
004.png,0.8348,1.0,1.0,0.9764,1.0,0.1652,0.1652,0.14160000000000006,0.1652
004.png,0.8348,1.0,1.0,0.9764,0.6662,0.1652,0.1652,0.14160000000000006,0.16859999999999997
004.png,0.8348,1.0,1.0,0.9764,1.0,0.1652,0.1652,0.14160000000000006,0.1652
004.png,0.8348,1.0,1.0,0.9764,1.0,0.1652,0.1652,0.14160000000000006,0.1652
004.png,0.8348,1.0,1.0,0.9764,1.0,0.1652,0.1652,0.14160000000000006,0.1652
004.png,0.8348,1.0,1.0,0.9764,0.6662,0.1652,0.1652,0.14160000000000006,0.16859999999999997
004.png,0.8348,1.0,1.0,0.9764,1.0,0.1652,0.1652,0.14160000000000006,0.1652
004.png,0.8348,1.0,1.0,0.9764,1.0,0.1652,0.1652,0.14160000000000006,0.1652
004.png,0.8348,1.0,1.0,0.9764,1.0,0.1652,0.1652,0.14160000000000006,0.1652
004.png,0.8348,1.0,1.0,0.9764,0.6662,0.1652,0.1652,0.14160000000000006,0.16859999999999997
004.png,0.8348,1.0,1.0,0.9764,1.0,0.1652,0.1652,0.14160000000000006,0.1652
004.png,0.8348,1.0,1.0,0.9764,1.0,0.1652,0.1652,0.14160000000000006,0.1652
004.png,0.8348,1.0,1.0,0.9764,1.0,0.1652,0.1652,0.14160000000000006,0.1652
004.png,0.8348,1.0,1.0,0.9764,0.6662,0.1652,0.1652,0.14160000000000006,0.16859999999999997
004.png,0.8348,1.0,1.0,0.9764,1.0,0.1652,0.1652,0.14160000000000006,0.1652
004.png,0.8348,1.0,1.0,0.9764,1.0,0.1652,0.1652,0.14160000000000006,0.1652
004.png,0.8348,1.0,1.0,0.9764,1.0,0.1652,0.1652,0.14160000000000006,0.1652
004.png,0.8348,1.0,1.0,0.9764,0.6662,0.1652,0.1652,0.14160000000000006,0.16859999999999997
004.png,0.8348,1.0,1.0,0.9764,1.0,0.1652,0.1652,0.14160000000000006,0.1652
004.png,0.8348,1.0,1.0,0.9764,1.0,0.1652,0.1652,0.14160000000000006,0.1652
004.png,0.8348,1.0,1.0,0.9764,1.0,0.1652,0.1652,0.14160000000000006,0.1652
004.png,0.8348,1.0,1.0,0.9764,0.6662,0.1652,0.1652,0.14160000000000006,0.16859999999999997
004.png,0.8348,1.0,1.0,0.9764,1.0,0.1652,0.1652,0.14160000000000006,0.1652
004.png,0.8348,1.0,1.0,0.9764,1.0,0.1652,0.1652,0.14160000000000006,0.1652
004.png,0.8348,1.0,1.0,0.9764,1.0,0.1652,0.1652,0.14160000000000006,0.1652
004.png,0.8348,1.0,1.0,0.9764,0.6662,0.1652,0.1652,0.14160000000000006,0.16859999999999997
004.png,0.8348,1.0,1.0,0.9764,1.0,0.1652,0.1652,0.14160000000000006,0.1652
007.png,0.8373,1.0,1.0,0.8703,1.0,0.16269999999999996,0.16269999999999996,0.03299999999999992,0.16269999999999996
007.png,0.8373,1.0,1.0,0.8703,1.0,0.16269999999999996,0.16269999999999996,0.03299999999999992,0.16269999999999996
007.png,0.8373,1.0,1.0,0.8703,0.8596,0.16269999999999996,0.16269999999999996,0.03299999999999992,0.022299999999999986
007.png,0.8373,1.0,1.0,0.8703,1.0,0.16269999999999996,0.16269999999999996,0.03299999999999992,0.16269999999999996
007.png,0.8373,1.0,1.0,0.8703,1.0,0.16269999999999996,0.16269999999999996,0.03299999999999992,0.16269999999999996
007.png,0.8373,1.0,1.0,0.8703,1.0,0.16269999999999996,0.16269999999999996,0.03299999999999992,0.16269999999999996
007.png,0.8373,1.0,1.0,0.8703,0.8596,0.16269999999999996,0.16269999999999996,0.03299999999999992,0.022299999999999986
007.png,0.8373,1.0,1.0,0.8703,1.0,0.16269999999999996,0.16269999999999996,0.03299999999999992,0.16269999999999996
007.png,0.8373,1.0,0.8681,0.8703,1.0,0.16269999999999996,0.03079999999999994,0.03299999999999992,0.16269999999999996
007.png,0.8373,1.0,0.8681,0.8703,1.0,0.16269999999999996,0.03079999999999994,0.03299999999999992,0.16269999999999996
007.png,0.8373,1.0,0.8681,0.8703,0.8596,0.16269999999999996,0.03079999999999994,0.03299999999999992,0.022299999999999986
007.png,0.8373,1.0,0.8681,0.8703,1.0,0.16269999999999996,0.03079999999999994,0.03299999999999992,0.16269999999999996
007.png,0.8373,1.0,1.0,0.8703,1.0,0.16269999999999996,0.16269999999999996,0.03299999999999992,0.16269999999999996
007.png,0.8373,1.0,1.0,0.8703,1.0,0.16269999999999996,0.16269999999999996,0.03299999999999992,0.16269999999999996
007.png,0.8373,1.0,1.0,0.8703,0.8596,0.16269999999999996,0.16269999999999996,0.03299999999999992,0.022299999999999986
007.png,0.8373,1.0,1.0,0.8703,1.0,0.16269999999999996,0.16269999999999996,0.03299999999999992,0.16269999999999996
007.png,0.8373,1.0,1.0,0.8703,1.0,0.16269999999999996,0.16269999999999996,0.03299999999999992,0.16269999999999996
007.png,0.8373,1.0,1.0,0.8703,1.0,0.16269999999999996,0.16269999999999996,0.03299999999999992,0.16269999999999996
007.png,0.8373,1.0,1.0,0.8703,0.8596,0.16269999999999996,0.16269999999999996,0.03299999999999992,0.022299999999999986
007.png,0.8373,1.0,1.0,0.8703,1.0,0.16269999999999996,0.16269999999999996,0.03299999999999992,0.16269999999999996
007.png,0.8373,1.0,1.0,0.8703,1.0,0.16269999999999996,0.16269999999999996,0.03299999999999992,0.16269999999999996
007.png,0.8373,1.0,1.0,0.8703,1.0,0.16269999999999996,0.16269999999999996,0.03299999999999992,0.16269999999999996
007.png,0.8373,1.0,1.0,0.8703,0.8596,0.16269999999999996,0.16269999999999996,0.03299999999999992,0.022299999999999986
007.png,0.8373,1.0,1.0,0.8703,1.0,0.16269999999999996,0.16269999999999996,0.03299999999999992,0.16269999999999996
007.png,0.8373,1.0,0.8681,0.8703,1.0,0.16269999999999996,0.03079999999999994,0.03299999999999992,0.16269999999999996
007.png,0.8373,1.0,0.8681,0.8703,1.0,0.16269999999999996,0.03079999999999994,0.03299999999999992,0.16269999999999996
007.png,0.8373,1.0,0.8681,0.8703,0.8596,0.16269999999999996,0.03079999999999994,0.03299999999999992,0.022299999999999986
007.png,0.8373,1.0,0.8681,0.8703,1.0,0.16269999999999996,0.03079999999999994,0.03299999999999992,0.16269999999999996
007.png,0.8373,1.0,1.0,0.8703,1.0,0.16269999999999996,0.16269999999999996,0.03299999999999992,0.16269999999999996
007.png,0.8373,1.0,1.0,0.8703,1.0,0.16269999999999996,0.16269999999999996,0.03299999999999992,0.16269999999999996
007.png,0.8373,1.0,1.0,0.8703,0.8596,0.16269999999999996,0.16269999999999996,0.03299999999999992,0.022299999999999986
007.png,0.8373,1.0,1.0,0.8703,1.0,0.16269999999999996,0.16269999999999996,0.03299999999999992,0.16269999999999996
007.png,0.8373,0.9326,1.0,0.8703,1.0,0.09529999999999994,0.16269999999999996,0.03299999999999992,0.16269999999999996
007.png,0.8373,0.9326,1.0,0.8703,1.0,0.09529999999999994,0.16269999999999996,0.03299999999999992,0.16269999999999996
007.png,0.8373,0.9326,1.0,0.8703,0.8596,0.09529999999999994,0.16269999999999996,0.03299999999999992,0.022299999999999986
007.png,0.8373,0.9326,1.0,0.8703,1.0,0.09529999999999994,0.16269999999999996,0.03299999999999992,0.16269999999999996
007.png,0.8373,0.9326,1.0,0.8703,1.0,0.09529999999999994,0.16269999999999996,0.03299999999999992,0.16269999999999996
007.png,0.8373,0.9326,1.0,0.8703,1.0,0.09529999999999994,0.16269999999999996,0.03299999999999992,0.16269999999999996
007.png,0.8373,0.9326,1.0,0.8703,0.8596,0.09529999999999994,0.16269999999999996,0.03299999999999992,0.022299999999999986
007.png,0.8373,0.9326,1.0,0.8703,1.0,0.09529999999999994,0.16269999999999996,0.03299999999999992,0.16269999999999996
007.png,0.8373,0.9326,0.8681,0.8703,1.0,0.09529999999999994,0.03079999999999994,0.03299999999999992,0.16269999999999996
007.png,0.8373,0.9326,0.8681,0.8703,1.0,0.09529999999999994,0.03079999999999994,0.03299999999999992,0.16269999999999996
007.png,0.8373,0.9326,0.8681,0.8703,0.8596,0.09529999999999994,0.03079999999999994,0.03299999999999992,0.022299999999999986
007.png,0.8373,0.9326,0.8681,0.8703,1.0,0.09529999999999994,0.03079999999999994,0.03299999999999992,0.16269999999999996
007.png,0.8373,0.9326,1.0,0.8703,1.0,0.09529999999999994,0.16269999999999996,0.03299999999999992,0.16269999999999996
007.png,0.8373,0.9326,1.0,0.8703,1.0,0.09529999999999994,0.16269999999999996,0.03299999999999992,0.16269999999999996
007.png,0.8373,0.9326,1.0,0.8703,0.8596,0.09529999999999994,0.16269999999999996,0.03299999999999992,0.022299999999999986
007.png,0.8373,0.9326,1.0,0.8703,1.0,0.09529999999999994,0.16269999999999996,0.03299999999999992,0.16269999999999996
007.png,0.8373,1.0,1.0,0.8703,1.0,0.16269999999999996,0.16269999999999996,0.03299999999999992,0.16269999999999996
007.png,0.8373,1.0,1.0,0.8703,1.0,0.16269999999999996,0.16269999999999996,0.03299999999999992,0.16269999999999996
007.png,0.8373,1.0,1.0,0.8703,0.8596,0.16269999999999996,0.16269999999999996,0.03299999999999992,0.022299999999999986
007.png,0.8373,1.0,1.0,0.8703,1.0,0.16269999999999996,0.16269999999999996,0.03299999999999992,0.16269999999999996
007.png,0.8373,1.0,1.0,0.8703,1.0,0.16269999999999996,0.16269999999999996,0.03299999999999992,0.16269999999999996
007.png,0.8373,1.0,1.0,0.8703,1.0,0.16269999999999996,0.16269999999999996,0.03299999999999992,0.16269999999999996
007.png,0.8373,1.0,1.0,0.8703,0.8596,0.16269999999999996,0.16269999999999996,0.03299999999999992,0.022299999999999986
007.png,0.8373,1.0,1.0,0.8703,1.0,0.16269999999999996,0.16269999999999996,0.03299999999999992,0.16269999999999996
007.png,0.8373,1.0,0.8681,0.8703,1.0,0.16269999999999996,0.03079999999999994,0.03299999999999992,0.16269999999999996
007.png,0.8373,1.0,0.8681,0.8703,1.0,0.16269999999999996,0.03079999999999994,0.03299999999999992,0.16269999999999996
007.png,0.8373,1.0,0.8681,0.8703,0.8596,0.16269999999999996,0.03079999999999994,0.03299999999999992,0.022299999999999986
007.png,0.8373,1.0,0.8681,0.8703,1.0,0.16269999999999996,0.03079999999999994,0.03299999999999992,0.16269999999999996
007.png,0.8373,1.0,1.0,0.8703,1.0,0.16269999999999996,0.16269999999999996,0.03299999999999992,0.16269999999999996
007.png,0.8373,1.0,1.0,0.8703,1.0,0.16269999999999996,0.16269999999999996,0.03299999999999992,0.16269999999999996
007.png,0.8373,1.0,1.0,0.8703,0.8596,0.16269999999999996,0.16269999999999996,0.03299999999999992,0.022299999999999986
007.png,0.8373,1.0,1.0,0.8703,1.0,0.16269999999999996,0.16269999999999996,0.03299999999999992,0.16269999999999996
018.png,0.8331,1.0,1.0,0.9894,1.0,0.16690000000000005,0.16690000000000005,0.1563,0.16690000000000005
018.png,0.8331,1.0,1.0,0.9894,1.0,0.16690000000000005,0.16690000000000005,0.1563,0.16690000000000005
018.png,0.8331,1.0,1.0,0.9894,0.7529,0.16690000000000005,0.16690000000000005,0.1563,0.08019999999999994
018.png,0.8331,1.0,1.0,0.9894,1.0,0.16690000000000005,0.16690000000000005,0.1563,0.16690000000000005
018.png,0.8331,1.0,1.0,0.9894,1.0,0.16690000000000005,0.16690000000000005,0.1563,0.16690000000000005
018.png,0.8331,1.0,1.0,0.9894,1.0,0.16690000000000005,0.16690000000000005,0.1563,0.16690000000000005
018.png,0.8331,1.0,1.0,0.9894,0.7529,0.16690000000000005,0.16690000000000005,0.1563,0.08019999999999994
018.png,0.8331,1.0,1.0,0.9894,1.0,0.16690000000000005,0.16690000000000005,0.1563,0.16690000000000005
018.png,0.8331,1.0,1.0,0.9894,1.0,0.16690000000000005,0.16690000000000005,0.1563,0.16690000000000005
018.png,0.8331,1.0,1.0,0.9894,1.0,0.16690000000000005,0.16690000000000005,0.1563,0.16690000000000005
018.png,0.8331,1.0,1.0,0.9894,0.7529,0.16690000000000005,0.16690000000000005,0.1563,0.08019999999999994
018.png,0.8331,1.0,1.0,0.9894,1.0,0.16690000000000005,0.16690000000000005,0.1563,0.16690000000000005
018.png,0.8331,1.0,1.0,0.9894,1.0,0.16690000000000005,0.16690000000000005,0.1563,0.16690000000000005
018.png,0.8331,1.0,1.0,0.9894,1.0,0.16690000000000005,0.16690000000000005,0.1563,0.16690000000000005
018.png,0.8331,1.0,1.0,0.9894,0.7529,0.16690000000000005,0.16690000000000005,0.1563,0.08019999999999994
018.png,0.8331,1.0,1.0,0.9894,1.0,0.16690000000000005,0.16690000000000005,0.1563,0.16690000000000005
018.png,0.8331,1.0,1.0,0.9894,1.0,0.16690000000000005,0.16690000000000005,0.1563,0.16690000000000005
018.png,0.8331,1.0,1.0,0.9894,1.0,0.16690000000000005,0.16690000000000005,0.1563,0.16690000000000005
018.png,0.8331,1.0,1.0,0.9894,0.7529,0.16690000000000005,0.16690000000000005,0.1563,0.08019999999999994
018.png,0.8331,1.0,1.0,0.9894,1.0,0.16690000000000005,0.16690000000000005,0.1563,0.16690000000000005
018.png,0.8331,1.0,1.0,0.9894,1.0,0.16690000000000005,0.16690000000000005,0.1563,0.16690000000000005
018.png,0.8331,1.0,1.0,0.9894,1.0,0.16690000000000005,0.16690000000000005,0.1563,0.16690000000000005
018.png,0.8331,1.0,1.0,0.9894,0.7529,0.16690000000000005,0.16690000000000005,0.1563,0.08019999999999994
018.png,0.8331,1.0,1.0,0.9894,1.0,0.16690000000000005,0.16690000000000005,0.1563,0.16690000000000005
018.png,0.8331,1.0,1.0,0.9894,1.0,0.16690000000000005,0.16690000000000005,0.1563,0.16690000000000005
018.png,0.8331,1.0,1.0,0.9894,1.0,0.16690000000000005,0.16690000000000005,0.1563,0.16690000000000005
018.png,0.8331,1.0,1.0,0.9894,0.7529,0.16690000000000005,0.16690000000000005,0.1563,0.08019999999999994
018.png,0.8331,1.0,1.0,0.9894,1.0,0.16690000000000005,0.16690000000000005,0.1563,0.16690000000000005
018.png,0.8331,1.0,1.0,0.9894,1.0,0.16690000000000005,0.16690000000000005,0.1563,0.16690000000000005
018.png,0.8331,1.0,1.0,0.9894,1.0,0.16690000000000005,0.16690000000000005,0.1563,0.16690000000000005
018.png,0.8331,1.0,1.0,0.9894,0.7529,0.16690000000000005,0.16690000000000005,0.1563,0.08019999999999994
018.png,0.8331,1.0,1.0,0.9894,1.0,0.16690000000000005,0.16690000000000005,0.1563,0.16690000000000005
018.png,0.8331,1.0,1.0,0.9894,1.0,0.16690000000000005,0.16690000000000005,0.1563,0.16690000000000005
018.png,0.8331,1.0,1.0,0.9894,1.0,0.16690000000000005,0.16690000000000005,0.1563,0.16690000000000005
018.png,0.8331,1.0,1.0,0.9894,0.7529,0.16690000000000005,0.16690000000000005,0.1563,0.08019999999999994
018.png,0.8331,1.0,1.0,0.9894,1.0,0.16690000000000005,0.16690000000000005,0.1563,0.16690000000000005
018.png,0.8331,1.0,1.0,0.9894,1.0,0.16690000000000005,0.16690000000000005,0.1563,0.16690000000000005
018.png,0.8331,1.0,1.0,0.9894,1.0,0.16690000000000005,0.16690000000000005,0.1563,0.16690000000000005
018.png,0.8331,1.0,1.0,0.9894,0.7529,0.16690000000000005,0.16690000000000005,0.1563,0.08019999999999994
018.png,0.8331,1.0,1.0,0.9894,1.0,0.16690000000000005,0.16690000000000005,0.1563,0.16690000000000005
018.png,0.8331,1.0,1.0,0.9894,1.0,0.16690000000000005,0.16690000000000005,0.1563,0.16690000000000005
018.png,0.8331,1.0,1.0,0.9894,1.0,0.16690000000000005,0.16690000000000005,0.1563,0.16690000000000005
018.png,0.8331,1.0,1.0,0.9894,0.7529,0.16690000000000005,0.16690000000000005,0.1563,0.08019999999999994
018.png,0.8331,1.0,1.0,0.9894,1.0,0.16690000000000005,0.16690000000000005,0.1563,0.16690000000000005
018.png,0.8331,1.0,1.0,0.9894,1.0,0.16690000000000005,0.16690000000000005,0.1563,0.16690000000000005
018.png,0.8331,1.0,1.0,0.9894,1.0,0.16690000000000005,0.16690000000000005,0.1563,0.16690000000000005
018.png,0.8331,1.0,1.0,0.9894,0.7529,0.16690000000000005,0.16690000000000005,0.1563,0.08019999999999994
018.png,0.8331,1.0,1.0,0.9894,1.0,0.16690000000000005,0.16690000000000005,0.1563,0.16690000000000005
018.png,0.8331,1.0,1.0,0.9894,1.0,0.16690000000000005,0.16690000000000005,0.1563,0.16690000000000005
018.png,0.8331,1.0,1.0,0.9894,1.0,0.16690000000000005,0.16690000000000005,0.1563,0.16690000000000005
018.png,0.8331,1.0,1.0,0.9894,0.7529,0.16690000000000005,0.16690000000000005,0.1563,0.08019999999999994
018.png,0.8331,1.0,1.0,0.9894,1.0,0.16690000000000005,0.16690000000000005,0.1563,0.16690000000000005
018.png,0.8331,1.0,1.0,0.9894,1.0,0.16690000000000005,0.16690000000000005,0.1563,0.16690000000000005
018.png,0.8331,1.0,1.0,0.9894,1.0,0.16690000000000005,0.16690000000000005,0.1563,0.16690000000000005
018.png,0.8331,1.0,1.0,0.9894,0.7529,0.16690000000000005,0.16690000000000005,0.1563,0.08019999999999994
018.png,0.8331,1.0,1.0,0.9894,1.0,0.16690000000000005,0.16690000000000005,0.1563,0.16690000000000005
018.png,0.8331,1.0,1.0,0.9894,1.0,0.16690000000000005,0.16690000000000005,0.1563,0.16690000000000005
018.png,0.8331,1.0,1.0,0.9894,1.0,0.16690000000000005,0.16690000000000005,0.1563,0.16690000000000005
018.png,0.8331,1.0,1.0,0.9894,0.7529,0.16690000000000005,0.16690000000000005,0.1563,0.08019999999999994
018.png,0.8331,1.0,1.0,0.9894,1.0,0.16690000000000005,0.16690000000000005,0.1563,0.16690000000000005
018.png,0.8331,1.0,1.0,0.9894,1.0,0.16690000000000005,0.16690000000000005,0.1563,0.16690000000000005
018.png,0.8331,1.0,1.0,0.9894,1.0,0.16690000000000005,0.16690000000000005,0.1563,0.16690000000000005
018.png,0.8331,1.0,1.0,0.9894,0.7529,0.16690000000000005,0.16690000000000005,0.1563,0.08019999999999994
018.png,0.8331,1.0,1.0,0.9894,1.0,0.16690000000000005,0.16690000000000005,0.1563,0.16690000000000005
006.png,0.8327,1.0,1.0,0.9258,1.0,0.1673,0.1673,0.09309999999999996,0.1673
006.png,0.8327,1.0,1.0,0.9258,1.0,0.1673,0.1673,0.09309999999999996,0.1673
006.png,0.8327,1.0,1.0,0.9258,0.7994,0.1673,0.1673,0.09309999999999996,0.033299999999999996
006.png,0.8327,1.0,1.0,0.9258,1.0,0.1673,0.1673,0.09309999999999996,0.1673
006.png,0.8327,1.0,1.0,0.9258,1.0,0.1673,0.1673,0.09309999999999996,0.1673
006.png,0.8327,1.0,1.0,0.9258,1.0,0.1673,0.1673,0.09309999999999996,0.1673
006.png,0.8327,1.0,1.0,0.9258,0.7994,0.1673,0.1673,0.09309999999999996,0.033299999999999996
006.png,0.8327,1.0,1.0,0.9258,1.0,0.1673,0.1673,0.09309999999999996,0.1673
006.png,0.8327,1.0,1.0,0.9258,1.0,0.1673,0.1673,0.09309999999999996,0.1673
006.png,0.8327,1.0,1.0,0.9258,1.0,0.1673,0.1673,0.09309999999999996,0.1673
006.png,0.8327,1.0,1.0,0.9258,0.7994,0.1673,0.1673,0.09309999999999996,0.033299999999999996
006.png,0.8327,1.0,1.0,0.9258,1.0,0.1673,0.1673,0.09309999999999996,0.1673
006.png,0.8327,1.0,1.0,0.9258,1.0,0.1673,0.1673,0.09309999999999996,0.1673
006.png,0.8327,1.0,1.0,0.9258,1.0,0.1673,0.1673,0.09309999999999996,0.1673
006.png,0.8327,1.0,1.0,0.9258,0.7994,0.1673,0.1673,0.09309999999999996,0.033299999999999996
006.png,0.8327,1.0,1.0,0.9258,1.0,0.1673,0.1673,0.09309999999999996,0.1673
006.png,0.8327,1.0,1.0,0.9258,1.0,0.1673,0.1673,0.09309999999999996,0.1673
006.png,0.8327,1.0,1.0,0.9258,1.0,0.1673,0.1673,0.09309999999999996,0.1673
006.png,0.8327,1.0,1.0,0.9258,0.7994,0.1673,0.1673,0.09309999999999996,0.033299999999999996
006.png,0.8327,1.0,1.0,0.9258,1.0,0.1673,0.1673,0.09309999999999996,0.1673
006.png,0.8327,1.0,1.0,0.9258,1.0,0.1673,0.1673,0.09309999999999996,0.1673
006.png,0.8327,1.0,1.0,0.9258,1.0,0.1673,0.1673,0.09309999999999996,0.1673
006.png,0.8327,1.0,1.0,0.9258,0.7994,0.1673,0.1673,0.09309999999999996,0.033299999999999996
006.png,0.8327,1.0,1.0,0.9258,1.0,0.1673,0.1673,0.09309999999999996,0.1673
006.png,0.8327,1.0,1.0,0.9258,1.0,0.1673,0.1673,0.09309999999999996,0.1673
006.png,0.8327,1.0,1.0,0.9258,1.0,0.1673,0.1673,0.09309999999999996,0.1673
006.png,0.8327,1.0,1.0,0.9258,0.7994,0.1673,0.1673,0.09309999999999996,0.033299999999999996
006.png,0.8327,1.0,1.0,0.9258,1.0,0.1673,0.1673,0.09309999999999996,0.1673
006.png,0.8327,1.0,1.0,0.9258,1.0,0.1673,0.1673,0.09309999999999996,0.1673
006.png,0.8327,1.0,1.0,0.9258,1.0,0.1673,0.1673,0.09309999999999996,0.1673
006.png,0.8327,1.0,1.0,0.9258,0.7994,0.1673,0.1673,0.09309999999999996,0.033299999999999996
006.png,0.8327,1.0,1.0,0.9258,1.0,0.1673,0.1673,0.09309999999999996,0.1673
006.png,0.8327,1.0,1.0,0.9258,1.0,0.1673,0.1673,0.09309999999999996,0.1673
006.png,0.8327,1.0,1.0,0.9258,1.0,0.1673,0.1673,0.09309999999999996,0.1673
006.png,0.8327,1.0,1.0,0.9258,0.7994,0.1673,0.1673,0.09309999999999996,0.033299999999999996
006.png,0.8327,1.0,1.0,0.9258,1.0,0.1673,0.1673,0.09309999999999996,0.1673
006.png,0.8327,1.0,1.0,0.9258,1.0,0.1673,0.1673,0.09309999999999996,0.1673
006.png,0.8327,1.0,1.0,0.9258,1.0,0.1673,0.1673,0.09309999999999996,0.1673
006.png,0.8327,1.0,1.0,0.9258,0.7994,0.1673,0.1673,0.09309999999999996,0.033299999999999996
006.png,0.8327,1.0,1.0,0.9258,1.0,0.1673,0.1673,0.09309999999999996,0.1673
006.png,0.8327,1.0,1.0,0.9258,1.0,0.1673,0.1673,0.09309999999999996,0.1673
006.png,0.8327,1.0,1.0,0.9258,1.0,0.1673,0.1673,0.09309999999999996,0.1673
006.png,0.8327,1.0,1.0,0.9258,0.7994,0.1673,0.1673,0.09309999999999996,0.033299999999999996
006.png,0.8327,1.0,1.0,0.9258,1.0,0.1673,0.1673,0.09309999999999996,0.1673
006.png,0.8327,1.0,1.0,0.9258,1.0,0.1673,0.1673,0.09309999999999996,0.1673
006.png,0.8327,1.0,1.0,0.9258,1.0,0.1673,0.1673,0.09309999999999996,0.1673
006.png,0.8327,1.0,1.0,0.9258,0.7994,0.1673,0.1673,0.09309999999999996,0.033299999999999996
006.png,0.8327,1.0,1.0,0.9258,1.0,0.1673,0.1673,0.09309999999999996,0.1673
006.png,0.8327,1.0,1.0,0.9258,1.0,0.1673,0.1673,0.09309999999999996,0.1673
006.png,0.8327,1.0,1.0,0.9258,1.0,0.1673,0.1673,0.09309999999999996,0.1673
006.png,0.8327,1.0,1.0,0.9258,0.7994,0.1673,0.1673,0.09309999999999996,0.033299999999999996
006.png,0.8327,1.0,1.0,0.9258,1.0,0.1673,0.1673,0.09309999999999996,0.1673
006.png,0.8327,1.0,1.0,0.9258,1.0,0.1673,0.1673,0.09309999999999996,0.1673
006.png,0.8327,1.0,1.0,0.9258,1.0,0.1673,0.1673,0.09309999999999996,0.1673
006.png,0.8327,1.0,1.0,0.9258,0.7994,0.1673,0.1673,0.09309999999999996,0.033299999999999996
006.png,0.8327,1.0,1.0,0.9258,1.0,0.1673,0.1673,0.09309999999999996,0.1673
006.png,0.8327,1.0,1.0,0.9258,1.0,0.1673,0.1673,0.09309999999999996,0.1673
006.png,0.8327,1.0,1.0,0.9258,1.0,0.1673,0.1673,0.09309999999999996,0.1673
006.png,0.8327,1.0,1.0,0.9258,0.7994,0.1673,0.1673,0.09309999999999996,0.033299999999999996
006.png,0.8327,1.0,1.0,0.9258,1.0,0.1673,0.1673,0.09309999999999996,0.1673
006.png,0.8327,1.0,1.0,0.9258,1.0,0.1673,0.1673,0.09309999999999996,0.1673
006.png,0.8327,1.0,1.0,0.9258,1.0,0.1673,0.1673,0.09309999999999996,0.1673
006.png,0.8327,1.0,1.0,0.9258,0.7994,0.1673,0.1673,0.09309999999999996,0.033299999999999996
006.png,0.8327,1.0,1.0,0.9258,1.0,0.1673,0.1673,0.09309999999999996,0.1673
016.png,0.8384,1.0,1.0,0.9169,1.0,0.16159999999999997,0.16159999999999997,0.07850000000000001,0.16159999999999997
016.png,0.8384,1.0,1.0,0.9169,1.0,0.16159999999999997,0.16159999999999997,0.07850000000000001,0.16159999999999997
016.png,0.8384,1.0,1.0,0.9169,0.7449,0.16159999999999997,0.16159999999999997,0.07850000000000001,0.09350000000000003
016.png,0.8384,1.0,1.0,0.9169,1.0,0.16159999999999997,0.16159999999999997,0.07850000000000001,0.16159999999999997
016.png,0.8384,1.0,1.0,0.9169,1.0,0.16159999999999997,0.16159999999999997,0.07850000000000001,0.16159999999999997
016.png,0.8384,1.0,1.0,0.9169,1.0,0.16159999999999997,0.16159999999999997,0.07850000000000001,0.16159999999999997
016.png,0.8384,1.0,1.0,0.9169,0.7449,0.16159999999999997,0.16159999999999997,0.07850000000000001,0.09350000000000003
016.png,0.8384,1.0,1.0,0.9169,1.0,0.16159999999999997,0.16159999999999997,0.07850000000000001,0.16159999999999997
016.png,0.8384,1.0,1.0,0.9169,1.0,0.16159999999999997,0.16159999999999997,0.07850000000000001,0.16159999999999997
016.png,0.8384,1.0,1.0,0.9169,1.0,0.16159999999999997,0.16159999999999997,0.07850000000000001,0.16159999999999997
016.png,0.8384,1.0,1.0,0.9169,0.7449,0.16159999999999997,0.16159999999999997,0.07850000000000001,0.09350000000000003
016.png,0.8384,1.0,1.0,0.9169,1.0,0.16159999999999997,0.16159999999999997,0.07850000000000001,0.16159999999999997
016.png,0.8384,1.0,1.0,0.9169,1.0,0.16159999999999997,0.16159999999999997,0.07850000000000001,0.16159999999999997
016.png,0.8384,1.0,1.0,0.9169,1.0,0.16159999999999997,0.16159999999999997,0.07850000000000001,0.16159999999999997
016.png,0.8384,1.0,1.0,0.9169,0.7449,0.16159999999999997,0.16159999999999997,0.07850000000000001,0.09350000000000003
016.png,0.8384,1.0,1.0,0.9169,1.0,0.16159999999999997,0.16159999999999997,0.07850000000000001,0.16159999999999997
016.png,0.8384,1.0,1.0,0.9169,1.0,0.16159999999999997,0.16159999999999997,0.07850000000000001,0.16159999999999997
016.png,0.8384,1.0,1.0,0.9169,1.0,0.16159999999999997,0.16159999999999997,0.07850000000000001,0.16159999999999997
016.png,0.8384,1.0,1.0,0.9169,0.7449,0.16159999999999997,0.16159999999999997,0.07850000000000001,0.09350000000000003
016.png,0.8384,1.0,1.0,0.9169,1.0,0.16159999999999997,0.16159999999999997,0.07850000000000001,0.16159999999999997
016.png,0.8384,1.0,1.0,0.9169,1.0,0.16159999999999997,0.16159999999999997,0.07850000000000001,0.16159999999999997
016.png,0.8384,1.0,1.0,0.9169,1.0,0.16159999999999997,0.16159999999999997,0.07850000000000001,0.16159999999999997
016.png,0.8384,1.0,1.0,0.9169,0.7449,0.16159999999999997,0.16159999999999997,0.07850000000000001,0.09350000000000003
016.png,0.8384,1.0,1.0,0.9169,1.0,0.16159999999999997,0.16159999999999997,0.07850000000000001,0.16159999999999997
016.png,0.8384,1.0,1.0,0.9169,1.0,0.16159999999999997,0.16159999999999997,0.07850000000000001,0.16159999999999997
016.png,0.8384,1.0,1.0,0.9169,1.0,0.16159999999999997,0.16159999999999997,0.07850000000000001,0.16159999999999997
016.png,0.8384,1.0,1.0,0.9169,0.7449,0.16159999999999997,0.16159999999999997,0.07850000000000001,0.09350000000000003
016.png,0.8384,1.0,1.0,0.9169,1.0,0.16159999999999997,0.16159999999999997,0.07850000000000001,0.16159999999999997
016.png,0.8384,1.0,1.0,0.9169,1.0,0.16159999999999997,0.16159999999999997,0.07850000000000001,0.16159999999999997
016.png,0.8384,1.0,1.0,0.9169,1.0,0.16159999999999997,0.16159999999999997,0.07850000000000001,0.16159999999999997
016.png,0.8384,1.0,1.0,0.9169,0.7449,0.16159999999999997,0.16159999999999997,0.07850000000000001,0.09350000000000003
016.png,0.8384,1.0,1.0,0.9169,1.0,0.16159999999999997,0.16159999999999997,0.07850000000000001,0.16159999999999997
016.png,0.8384,1.0,1.0,0.9169,1.0,0.16159999999999997,0.16159999999999997,0.07850000000000001,0.16159999999999997
016.png,0.8384,1.0,1.0,0.9169,1.0,0.16159999999999997,0.16159999999999997,0.07850000000000001,0.16159999999999997
016.png,0.8384,1.0,1.0,0.9169,0.7449,0.16159999999999997,0.16159999999999997,0.07850000000000001,0.09350000000000003
016.png,0.8384,1.0,1.0,0.9169,1.0,0.16159999999999997,0.16159999999999997,0.07850000000000001,0.16159999999999997
016.png,0.8384,1.0,1.0,0.9169,1.0,0.16159999999999997,0.16159999999999997,0.07850000000000001,0.16159999999999997
016.png,0.8384,1.0,1.0,0.9169,1.0,0.16159999999999997,0.16159999999999997,0.07850000000000001,0.16159999999999997
016.png,0.8384,1.0,1.0,0.9169,0.7449,0.16159999999999997,0.16159999999999997,0.07850000000000001,0.09350000000000003
016.png,0.8384,1.0,1.0,0.9169,1.0,0.16159999999999997,0.16159999999999997,0.07850000000000001,0.16159999999999997
016.png,0.8384,1.0,1.0,0.9169,1.0,0.16159999999999997,0.16159999999999997,0.07850000000000001,0.16159999999999997
016.png,0.8384,1.0,1.0,0.9169,1.0,0.16159999999999997,0.16159999999999997,0.07850000000000001,0.16159999999999997
016.png,0.8384,1.0,1.0,0.9169,0.7449,0.16159999999999997,0.16159999999999997,0.07850000000000001,0.09350000000000003
016.png,0.8384,1.0,1.0,0.9169,1.0,0.16159999999999997,0.16159999999999997,0.07850000000000001,0.16159999999999997
016.png,0.8384,1.0,1.0,0.9169,1.0,0.16159999999999997,0.16159999999999997,0.07850000000000001,0.16159999999999997
016.png,0.8384,1.0,1.0,0.9169,1.0,0.16159999999999997,0.16159999999999997,0.07850000000000001,0.16159999999999997
016.png,0.8384,1.0,1.0,0.9169,0.7449,0.16159999999999997,0.16159999999999997,0.07850000000000001,0.09350000000000003
016.png,0.8384,1.0,1.0,0.9169,1.0,0.16159999999999997,0.16159999999999997,0.07850000000000001,0.16159999999999997
016.png,0.8384,1.0,1.0,0.9169,1.0,0.16159999999999997,0.16159999999999997,0.07850000000000001,0.16159999999999997
016.png,0.8384,1.0,1.0,0.9169,1.0,0.16159999999999997,0.16159999999999997,0.07850000000000001,0.16159999999999997
016.png,0.8384,1.0,1.0,0.9169,0.7449,0.16159999999999997,0.16159999999999997,0.07850000000000001,0.09350000000000003
016.png,0.8384,1.0,1.0,0.9169,1.0,0.16159999999999997,0.16159999999999997,0.07850000000000001,0.16159999999999997
016.png,0.8384,1.0,1.0,0.9169,1.0,0.16159999999999997,0.16159999999999997,0.07850000000000001,0.16159999999999997
016.png,0.8384,1.0,1.0,0.9169,1.0,0.16159999999999997,0.16159999999999997,0.07850000000000001,0.16159999999999997
016.png,0.8384,1.0,1.0,0.9169,0.7449,0.16159999999999997,0.16159999999999997,0.07850000000000001,0.09350000000000003
016.png,0.8384,1.0,1.0,0.9169,1.0,0.16159999999999997,0.16159999999999997,0.07850000000000001,0.16159999999999997
016.png,0.8384,1.0,1.0,0.9169,1.0,0.16159999999999997,0.16159999999999997,0.07850000000000001,0.16159999999999997
016.png,0.8384,1.0,1.0,0.9169,1.0,0.16159999999999997,0.16159999999999997,0.07850000000000001,0.16159999999999997
016.png,0.8384,1.0,1.0,0.9169,0.7449,0.16159999999999997,0.16159999999999997,0.07850000000000001,0.09350000000000003
016.png,0.8384,1.0,1.0,0.9169,1.0,0.16159999999999997,0.16159999999999997,0.07850000000000001,0.16159999999999997
016.png,0.8384,1.0,1.0,0.9169,1.0,0.16159999999999997,0.16159999999999997,0.07850000000000001,0.16159999999999997
016.png,0.8384,1.0,1.0,0.9169,1.0,0.16159999999999997,0.16159999999999997,0.07850000000000001,0.16159999999999997
016.png,0.8384,1.0,1.0,0.9169,0.7449,0.16159999999999997,0.16159999999999997,0.07850000000000001,0.09350000000000003
016.png,0.8384,1.0,1.0,0.9169,1.0,0.16159999999999997,0.16159999999999997,0.07850000000000001,0.16159999999999997
014.png,0.8346,1.0,1.0,0.876,1.0,0.1654,0.1654,0.04139999999999999,0.1654
014.png,0.8346,1.0,1.0,0.876,1.0,0.1654,0.1654,0.04139999999999999,0.1654
014.png,0.8346,1.0,1.0,0.876,0.7149,0.1654,0.1654,0.04139999999999999,0.11970000000000003
014.png,0.8346,1.0,1.0,0.876,1.0,0.1654,0.1654,0.04139999999999999,0.1654
014.png,0.8346,1.0,1.0,0.876,1.0,0.1654,0.1654,0.04139999999999999,0.1654
014.png,0.8346,1.0,1.0,0.876,1.0,0.1654,0.1654,0.04139999999999999,0.1654
014.png,0.8346,1.0,1.0,0.876,0.7149,0.1654,0.1654,0.04139999999999999,0.11970000000000003
014.png,0.8346,1.0,1.0,0.876,1.0,0.1654,0.1654,0.04139999999999999,0.1654
014.png,0.8346,1.0,0.9813,0.876,1.0,0.1654,0.14669999999999994,0.04139999999999999,0.1654
014.png,0.8346,1.0,0.9813,0.876,1.0,0.1654,0.14669999999999994,0.04139999999999999,0.1654
014.png,0.8346,1.0,0.9813,0.876,0.7149,0.1654,0.14669999999999994,0.04139999999999999,0.11970000000000003
014.png,0.8346,1.0,0.9813,0.876,1.0,0.1654,0.14669999999999994,0.04139999999999999,0.1654
014.png,0.8346,1.0,1.0,0.876,1.0,0.1654,0.1654,0.04139999999999999,0.1654
014.png,0.8346,1.0,1.0,0.876,1.0,0.1654,0.1654,0.04139999999999999,0.1654
014.png,0.8346,1.0,1.0,0.876,0.7149,0.1654,0.1654,0.04139999999999999,0.11970000000000003
014.png,0.8346,1.0,1.0,0.876,1.0,0.1654,0.1654,0.04139999999999999,0.1654
014.png,0.8346,1.0,1.0,0.876,1.0,0.1654,0.1654,0.04139999999999999,0.1654
014.png,0.8346,1.0,1.0,0.876,1.0,0.1654,0.1654,0.04139999999999999,0.1654
014.png,0.8346,1.0,1.0,0.876,0.7149,0.1654,0.1654,0.04139999999999999,0.11970000000000003
014.png,0.8346,1.0,1.0,0.876,1.0,0.1654,0.1654,0.04139999999999999,0.1654
014.png,0.8346,1.0,1.0,0.876,1.0,0.1654,0.1654,0.04139999999999999,0.1654
014.png,0.8346,1.0,1.0,0.876,1.0,0.1654,0.1654,0.04139999999999999,0.1654
014.png,0.8346,1.0,1.0,0.876,0.7149,0.1654,0.1654,0.04139999999999999,0.11970000000000003
014.png,0.8346,1.0,1.0,0.876,1.0,0.1654,0.1654,0.04139999999999999,0.1654
014.png,0.8346,1.0,0.9813,0.876,1.0,0.1654,0.14669999999999994,0.04139999999999999,0.1654
014.png,0.8346,1.0,0.9813,0.876,1.0,0.1654,0.14669999999999994,0.04139999999999999,0.1654
014.png,0.8346,1.0,0.9813,0.876,0.7149,0.1654,0.14669999999999994,0.04139999999999999,0.11970000000000003
014.png,0.8346,1.0,0.9813,0.876,1.0,0.1654,0.14669999999999994,0.04139999999999999,0.1654
014.png,0.8346,1.0,1.0,0.876,1.0,0.1654,0.1654,0.04139999999999999,0.1654
014.png,0.8346,1.0,1.0,0.876,1.0,0.1654,0.1654,0.04139999999999999,0.1654
014.png,0.8346,1.0,1.0,0.876,0.7149,0.1654,0.1654,0.04139999999999999,0.11970000000000003
014.png,0.8346,1.0,1.0,0.876,1.0,0.1654,0.1654,0.04139999999999999,0.1654
014.png,0.8346,1.0,1.0,0.876,1.0,0.1654,0.1654,0.04139999999999999,0.1654
014.png,0.8346,1.0,1.0,0.876,1.0,0.1654,0.1654,0.04139999999999999,0.1654
014.png,0.8346,1.0,1.0,0.876,0.7149,0.1654,0.1654,0.04139999999999999,0.11970000000000003
014.png,0.8346,1.0,1.0,0.876,1.0,0.1654,0.1654,0.04139999999999999,0.1654
014.png,0.8346,1.0,1.0,0.876,1.0,0.1654,0.1654,0.04139999999999999,0.1654
014.png,0.8346,1.0,1.0,0.876,1.0,0.1654,0.1654,0.04139999999999999,0.1654
014.png,0.8346,1.0,1.0,0.876,0.7149,0.1654,0.1654,0.04139999999999999,0.11970000000000003
014.png,0.8346,1.0,1.0,0.876,1.0,0.1654,0.1654,0.04139999999999999,0.1654
014.png,0.8346,1.0,0.9813,0.876,1.0,0.1654,0.14669999999999994,0.04139999999999999,0.1654
014.png,0.8346,1.0,0.9813,0.876,1.0,0.1654,0.14669999999999994,0.04139999999999999,0.1654
014.png,0.8346,1.0,0.9813,0.876,0.7149,0.1654,0.14669999999999994,0.04139999999999999,0.11970000000000003
014.png,0.8346,1.0,0.9813,0.876,1.0,0.1654,0.14669999999999994,0.04139999999999999,0.1654
014.png,0.8346,1.0,1.0,0.876,1.0,0.1654,0.1654,0.04139999999999999,0.1654
014.png,0.8346,1.0,1.0,0.876,1.0,0.1654,0.1654,0.04139999999999999,0.1654
014.png,0.8346,1.0,1.0,0.876,0.7149,0.1654,0.1654,0.04139999999999999,0.11970000000000003
014.png,0.8346,1.0,1.0,0.876,1.0,0.1654,0.1654,0.04139999999999999,0.1654
014.png,0.8346,1.0,1.0,0.876,1.0,0.1654,0.1654,0.04139999999999999,0.1654
014.png,0.8346,1.0,1.0,0.876,1.0,0.1654,0.1654,0.04139999999999999,0.1654
014.png,0.8346,1.0,1.0,0.876,0.7149,0.1654,0.1654,0.04139999999999999,0.11970000000000003
014.png,0.8346,1.0,1.0,0.876,1.0,0.1654,0.1654,0.04139999999999999,0.1654
014.png,0.8346,1.0,1.0,0.876,1.0,0.1654,0.1654,0.04139999999999999,0.1654
014.png,0.8346,1.0,1.0,0.876,1.0,0.1654,0.1654,0.04139999999999999,0.1654
014.png,0.8346,1.0,1.0,0.876,0.7149,0.1654,0.1654,0.04139999999999999,0.11970000000000003
014.png,0.8346,1.0,1.0,0.876,1.0,0.1654,0.1654,0.04139999999999999,0.1654
014.png,0.8346,1.0,0.9813,0.876,1.0,0.1654,0.14669999999999994,0.04139999999999999,0.1654
014.png,0.8346,1.0,0.9813,0.876,1.0,0.1654,0.14669999999999994,0.04139999999999999,0.1654
014.png,0.8346,1.0,0.9813,0.876,0.7149,0.1654,0.14669999999999994,0.04139999999999999,0.11970000000000003
014.png,0.8346,1.0,0.9813,0.876,1.0,0.1654,0.14669999999999994,0.04139999999999999,0.1654
014.png,0.8346,1.0,1.0,0.876,1.0,0.1654,0.1654,0.04139999999999999,0.1654
014.png,0.8346,1.0,1.0,0.876,1.0,0.1654,0.1654,0.04139999999999999,0.1654
014.png,0.8346,1.0,1.0,0.876,0.7149,0.1654,0.1654,0.04139999999999999,0.11970000000000003
014.png,0.8346,1.0,1.0,0.876,1.0,0.1654,0.1654,0.04139999999999999,0.1654
008.png,0.8359,1.0,1.0,0.8782,1.0,0.16410000000000002,0.16410000000000002,0.042300000000000004,0.16410000000000002
008.png,0.8359,1.0,1.0,0.8782,1.0,0.16410000000000002,0.16410000000000002,0.042300000000000004,0.16410000000000002
008.png,0.8359,1.0,1.0,0.8782,0.7941,0.16410000000000002,0.16410000000000002,0.042300000000000004,0.04179999999999995
008.png,0.8359,1.0,1.0,0.8782,1.0,0.16410000000000002,0.16410000000000002,0.042300000000000004,0.16410000000000002
008.png,0.8359,1.0,1.0,0.8782,1.0,0.16410000000000002,0.16410000000000002,0.042300000000000004,0.16410000000000002
008.png,0.8359,1.0,1.0,0.8782,1.0,0.16410000000000002,0.16410000000000002,0.042300000000000004,0.16410000000000002
008.png,0.8359,1.0,1.0,0.8782,0.7941,0.16410000000000002,0.16410000000000002,0.042300000000000004,0.04179999999999995
008.png,0.8359,1.0,1.0,0.8782,1.0,0.16410000000000002,0.16410000000000002,0.042300000000000004,0.16410000000000002
008.png,0.8359,1.0,1.0,0.8782,1.0,0.16410000000000002,0.16410000000000002,0.042300000000000004,0.16410000000000002
008.png,0.8359,1.0,1.0,0.8782,1.0,0.16410000000000002,0.16410000000000002,0.042300000000000004,0.16410000000000002
008.png,0.8359,1.0,1.0,0.8782,0.7941,0.16410000000000002,0.16410000000000002,0.042300000000000004,0.04179999999999995
008.png,0.8359,1.0,1.0,0.8782,1.0,0.16410000000000002,0.16410000000000002,0.042300000000000004,0.16410000000000002
008.png,0.8359,1.0,1.0,0.8782,1.0,0.16410000000000002,0.16410000000000002,0.042300000000000004,0.16410000000000002
008.png,0.8359,1.0,1.0,0.8782,1.0,0.16410000000000002,0.16410000000000002,0.042300000000000004,0.16410000000000002
008.png,0.8359,1.0,1.0,0.8782,0.7941,0.16410000000000002,0.16410000000000002,0.042300000000000004,0.04179999999999995
008.png,0.8359,1.0,1.0,0.8782,1.0,0.16410000000000002,0.16410000000000002,0.042300000000000004,0.16410000000000002
008.png,0.8359,1.0,1.0,0.8782,1.0,0.16410000000000002,0.16410000000000002,0.042300000000000004,0.16410000000000002
008.png,0.8359,1.0,1.0,0.8782,1.0,0.16410000000000002,0.16410000000000002,0.042300000000000004,0.16410000000000002
008.png,0.8359,1.0,1.0,0.8782,0.7941,0.16410000000000002,0.16410000000000002,0.042300000000000004,0.04179999999999995
008.png,0.8359,1.0,1.0,0.8782,1.0,0.16410000000000002,0.16410000000000002,0.042300000000000004,0.16410000000000002
008.png,0.8359,1.0,1.0,0.8782,1.0,0.16410000000000002,0.16410000000000002,0.042300000000000004,0.16410000000000002
008.png,0.8359,1.0,1.0,0.8782,1.0,0.16410000000000002,0.16410000000000002,0.042300000000000004,0.16410000000000002
008.png,0.8359,1.0,1.0,0.8782,0.7941,0.16410000000000002,0.16410000000000002,0.042300000000000004,0.04179999999999995
008.png,0.8359,1.0,1.0,0.8782,1.0,0.16410000000000002,0.16410000000000002,0.042300000000000004,0.16410000000000002
008.png,0.8359,1.0,1.0,0.8782,1.0,0.16410000000000002,0.16410000000000002,0.042300000000000004,0.16410000000000002
008.png,0.8359,1.0,1.0,0.8782,1.0,0.16410000000000002,0.16410000000000002,0.042300000000000004,0.16410000000000002
008.png,0.8359,1.0,1.0,0.8782,0.7941,0.16410000000000002,0.16410000000000002,0.042300000000000004,0.04179999999999995
008.png,0.8359,1.0,1.0,0.8782,1.0,0.16410000000000002,0.16410000000000002,0.042300000000000004,0.16410000000000002
008.png,0.8359,1.0,1.0,0.8782,1.0,0.16410000000000002,0.16410000000000002,0.042300000000000004,0.16410000000000002
008.png,0.8359,1.0,1.0,0.8782,1.0,0.16410000000000002,0.16410000000000002,0.042300000000000004,0.16410000000000002
008.png,0.8359,1.0,1.0,0.8782,0.7941,0.16410000000000002,0.16410000000000002,0.042300000000000004,0.04179999999999995
008.png,0.8359,1.0,1.0,0.8782,1.0,0.16410000000000002,0.16410000000000002,0.042300000000000004,0.16410000000000002
008.png,0.8359,1.0,1.0,0.8782,1.0,0.16410000000000002,0.16410000000000002,0.042300000000000004,0.16410000000000002
008.png,0.8359,1.0,1.0,0.8782,1.0,0.16410000000000002,0.16410000000000002,0.042300000000000004,0.16410000000000002
008.png,0.8359,1.0,1.0,0.8782,0.7941,0.16410000000000002,0.16410000000000002,0.042300000000000004,0.04179999999999995
008.png,0.8359,1.0,1.0,0.8782,1.0,0.16410000000000002,0.16410000000000002,0.042300000000000004,0.16410000000000002
008.png,0.8359,1.0,1.0,0.8782,1.0,0.16410000000000002,0.16410000000000002,0.042300000000000004,0.16410000000000002
008.png,0.8359,1.0,1.0,0.8782,1.0,0.16410000000000002,0.16410000000000002,0.042300000000000004,0.16410000000000002
008.png,0.8359,1.0,1.0,0.8782,0.7941,0.16410000000000002,0.16410000000000002,0.042300000000000004,0.04179999999999995
008.png,0.8359,1.0,1.0,0.8782,1.0,0.16410000000000002,0.16410000000000002,0.042300000000000004,0.16410000000000002
008.png,0.8359,1.0,1.0,0.8782,1.0,0.16410000000000002,0.16410000000000002,0.042300000000000004,0.16410000000000002
008.png,0.8359,1.0,1.0,0.8782,1.0,0.16410000000000002,0.16410000000000002,0.042300000000000004,0.16410000000000002
008.png,0.8359,1.0,1.0,0.8782,0.7941,0.16410000000000002,0.16410000000000002,0.042300000000000004,0.04179999999999995
008.png,0.8359,1.0,1.0,0.8782,1.0,0.16410000000000002,0.16410000000000002,0.042300000000000004,0.16410000000000002
008.png,0.8359,1.0,1.0,0.8782,1.0,0.16410000000000002,0.16410000000000002,0.042300000000000004,0.16410000000000002
008.png,0.8359,1.0,1.0,0.8782,1.0,0.16410000000000002,0.16410000000000002,0.042300000000000004,0.16410000000000002
008.png,0.8359,1.0,1.0,0.8782,0.7941,0.16410000000000002,0.16410000000000002,0.042300000000000004,0.04179999999999995
008.png,0.8359,1.0,1.0,0.8782,1.0,0.16410000000000002,0.16410000000000002,0.042300000000000004,0.16410000000000002
008.png,0.8359,1.0,1.0,0.8782,1.0,0.16410000000000002,0.16410000000000002,0.042300000000000004,0.16410000000000002
008.png,0.8359,1.0,1.0,0.8782,1.0,0.16410000000000002,0.16410000000000002,0.042300000000000004,0.16410000000000002
008.png,0.8359,1.0,1.0,0.8782,0.7941,0.16410000000000002,0.16410000000000002,0.042300000000000004,0.04179999999999995
008.png,0.8359,1.0,1.0,0.8782,1.0,0.16410000000000002,0.16410000000000002,0.042300000000000004,0.16410000000000002
008.png,0.8359,1.0,1.0,0.8782,1.0,0.16410000000000002,0.16410000000000002,0.042300000000000004,0.16410000000000002
008.png,0.8359,1.0,1.0,0.8782,1.0,0.16410000000000002,0.16410000000000002,0.042300000000000004,0.16410000000000002
008.png,0.8359,1.0,1.0,0.8782,0.7941,0.16410000000000002,0.16410000000000002,0.042300000000000004,0.04179999999999995
008.png,0.8359,1.0,1.0,0.8782,1.0,0.16410000000000002,0.16410000000000002,0.042300000000000004,0.16410000000000002
008.png,0.8359,1.0,1.0,0.8782,1.0,0.16410000000000002,0.16410000000000002,0.042300000000000004,0.16410000000000002
008.png,0.8359,1.0,1.0,0.8782,1.0,0.16410000000000002,0.16410000000000002,0.042300000000000004,0.16410000000000002
008.png,0.8359,1.0,1.0,0.8782,0.7941,0.16410000000000002,0.16410000000000002,0.042300000000000004,0.04179999999999995
008.png,0.8359,1.0,1.0,0.8782,1.0,0.16410000000000002,0.16410000000000002,0.042300000000000004,0.16410000000000002
008.png,0.8359,1.0,1.0,0.8782,1.0,0.16410000000000002,0.16410000000000002,0.042300000000000004,0.16410000000000002
008.png,0.8359,1.0,1.0,0.8782,1.0,0.16410000000000002,0.16410000000000002,0.042300000000000004,0.16410000000000002
008.png,0.8359,1.0,1.0,0.8782,0.7941,0.16410000000000002,0.16410000000000002,0.042300000000000004,0.04179999999999995
008.png,0.8359,1.0,1.0,0.8782,1.0,0.16410000000000002,0.16410000000000002,0.042300000000000004,0.16410000000000002
005.png,0.8343,1.0,1.0,0.8889,1.0,0.16569999999999996,0.16569999999999996,0.05459999999999998,0.16569999999999996
005.png,0.8343,1.0,1.0,0.8889,1.0,0.16569999999999996,0.16569999999999996,0.05459999999999998,0.16569999999999996
005.png,0.8343,1.0,1.0,0.8889,0.816,0.16569999999999996,0.16569999999999996,0.05459999999999998,0.018300000000000094
005.png,0.8343,1.0,1.0,0.8889,1.0,0.16569999999999996,0.16569999999999996,0.05459999999999998,0.16569999999999996
005.png,0.8343,1.0,1.0,0.8889,1.0,0.16569999999999996,0.16569999999999996,0.05459999999999998,0.16569999999999996
005.png,0.8343,1.0,1.0,0.8889,1.0,0.16569999999999996,0.16569999999999996,0.05459999999999998,0.16569999999999996
005.png,0.8343,1.0,1.0,0.8889,0.816,0.16569999999999996,0.16569999999999996,0.05459999999999998,0.018300000000000094
005.png,0.8343,1.0,1.0,0.8889,1.0,0.16569999999999996,0.16569999999999996,0.05459999999999998,0.16569999999999996
005.png,0.8343,1.0,1.0,0.8889,1.0,0.16569999999999996,0.16569999999999996,0.05459999999999998,0.16569999999999996
005.png,0.8343,1.0,1.0,0.8889,1.0,0.16569999999999996,0.16569999999999996,0.05459999999999998,0.16569999999999996
005.png,0.8343,1.0,1.0,0.8889,0.816,0.16569999999999996,0.16569999999999996,0.05459999999999998,0.018300000000000094
005.png,0.8343,1.0,1.0,0.8889,1.0,0.16569999999999996,0.16569999999999996,0.05459999999999998,0.16569999999999996
005.png,0.8343,1.0,1.0,0.8889,1.0,0.16569999999999996,0.16569999999999996,0.05459999999999998,0.16569999999999996
005.png,0.8343,1.0,1.0,0.8889,1.0,0.16569999999999996,0.16569999999999996,0.05459999999999998,0.16569999999999996
005.png,0.8343,1.0,1.0,0.8889,0.816,0.16569999999999996,0.16569999999999996,0.05459999999999998,0.018300000000000094
005.png,0.8343,1.0,1.0,0.8889,1.0,0.16569999999999996,0.16569999999999996,0.05459999999999998,0.16569999999999996
005.png,0.8343,1.0,1.0,0.8889,1.0,0.16569999999999996,0.16569999999999996,0.05459999999999998,0.16569999999999996
005.png,0.8343,1.0,1.0,0.8889,1.0,0.16569999999999996,0.16569999999999996,0.05459999999999998,0.16569999999999996
005.png,0.8343,1.0,1.0,0.8889,0.816,0.16569999999999996,0.16569999999999996,0.05459999999999998,0.018300000000000094
005.png,0.8343,1.0,1.0,0.8889,1.0,0.16569999999999996,0.16569999999999996,0.05459999999999998,0.16569999999999996
005.png,0.8343,1.0,1.0,0.8889,1.0,0.16569999999999996,0.16569999999999996,0.05459999999999998,0.16569999999999996
005.png,0.8343,1.0,1.0,0.8889,1.0,0.16569999999999996,0.16569999999999996,0.05459999999999998,0.16569999999999996
005.png,0.8343,1.0,1.0,0.8889,0.816,0.16569999999999996,0.16569999999999996,0.05459999999999998,0.018300000000000094
005.png,0.8343,1.0,1.0,0.8889,1.0,0.16569999999999996,0.16569999999999996,0.05459999999999998,0.16569999999999996
005.png,0.8343,1.0,1.0,0.8889,1.0,0.16569999999999996,0.16569999999999996,0.05459999999999998,0.16569999999999996
005.png,0.8343,1.0,1.0,0.8889,1.0,0.16569999999999996,0.16569999999999996,0.05459999999999998,0.16569999999999996
005.png,0.8343,1.0,1.0,0.8889,0.816,0.16569999999999996,0.16569999999999996,0.05459999999999998,0.018300000000000094
005.png,0.8343,1.0,1.0,0.8889,1.0,0.16569999999999996,0.16569999999999996,0.05459999999999998,0.16569999999999996
005.png,0.8343,1.0,1.0,0.8889,1.0,0.16569999999999996,0.16569999999999996,0.05459999999999998,0.16569999999999996
005.png,0.8343,1.0,1.0,0.8889,1.0,0.16569999999999996,0.16569999999999996,0.05459999999999998,0.16569999999999996
005.png,0.8343,1.0,1.0,0.8889,0.816,0.16569999999999996,0.16569999999999996,0.05459999999999998,0.018300000000000094
005.png,0.8343,1.0,1.0,0.8889,1.0,0.16569999999999996,0.16569999999999996,0.05459999999999998,0.16569999999999996
005.png,0.8343,1.0,1.0,0.8889,1.0,0.16569999999999996,0.16569999999999996,0.05459999999999998,0.16569999999999996
005.png,0.8343,1.0,1.0,0.8889,1.0,0.16569999999999996,0.16569999999999996,0.05459999999999998,0.16569999999999996
005.png,0.8343,1.0,1.0,0.8889,0.816,0.16569999999999996,0.16569999999999996,0.05459999999999998,0.018300000000000094
005.png,0.8343,1.0,1.0,0.8889,1.0,0.16569999999999996,0.16569999999999996,0.05459999999999998,0.16569999999999996
005.png,0.8343,1.0,1.0,0.8889,1.0,0.16569999999999996,0.16569999999999996,0.05459999999999998,0.16569999999999996
005.png,0.8343,1.0,1.0,0.8889,1.0,0.16569999999999996,0.16569999999999996,0.05459999999999998,0.16569999999999996
005.png,0.8343,1.0,1.0,0.8889,0.816,0.16569999999999996,0.16569999999999996,0.05459999999999998,0.018300000000000094
005.png,0.8343,1.0,1.0,0.8889,1.0,0.16569999999999996,0.16569999999999996,0.05459999999999998,0.16569999999999996
005.png,0.8343,1.0,1.0,0.8889,1.0,0.16569999999999996,0.16569999999999996,0.05459999999999998,0.16569999999999996
005.png,0.8343,1.0,1.0,0.8889,1.0,0.16569999999999996,0.16569999999999996,0.05459999999999998,0.16569999999999996
005.png,0.8343,1.0,1.0,0.8889,0.816,0.16569999999999996,0.16569999999999996,0.05459999999999998,0.018300000000000094
005.png,0.8343,1.0,1.0,0.8889,1.0,0.16569999999999996,0.16569999999999996,0.05459999999999998,0.16569999999999996
005.png,0.8343,1.0,1.0,0.8889,1.0,0.16569999999999996,0.16569999999999996,0.05459999999999998,0.16569999999999996
005.png,0.8343,1.0,1.0,0.8889,1.0,0.16569999999999996,0.16569999999999996,0.05459999999999998,0.16569999999999996
005.png,0.8343,1.0,1.0,0.8889,0.816,0.16569999999999996,0.16569999999999996,0.05459999999999998,0.018300000000000094
005.png,0.8343,1.0,1.0,0.8889,1.0,0.16569999999999996,0.16569999999999996,0.05459999999999998,0.16569999999999996
005.png,0.8343,1.0,1.0,0.8889,1.0,0.16569999999999996,0.16569999999999996,0.05459999999999998,0.16569999999999996
005.png,0.8343,1.0,1.0,0.8889,1.0,0.16569999999999996,0.16569999999999996,0.05459999999999998,0.16569999999999996
005.png,0.8343,1.0,1.0,0.8889,0.816,0.16569999999999996,0.16569999999999996,0.05459999999999998,0.018300000000000094
005.png,0.8343,1.0,1.0,0.8889,1.0,0.16569999999999996,0.16569999999999996,0.05459999999999998,0.16569999999999996
005.png,0.8343,1.0,1.0,0.8889,1.0,0.16569999999999996,0.16569999999999996,0.05459999999999998,0.16569999999999996
005.png,0.8343,1.0,1.0,0.8889,1.0,0.16569999999999996,0.16569999999999996,0.05459999999999998,0.16569999999999996
005.png,0.8343,1.0,1.0,0.8889,0.816,0.16569999999999996,0.16569999999999996,0.05459999999999998,0.018300000000000094
005.png,0.8343,1.0,1.0,0.8889,1.0,0.16569999999999996,0.16569999999999996,0.05459999999999998,0.16569999999999996
005.png,0.8343,1.0,1.0,0.8889,1.0,0.16569999999999996,0.16569999999999996,0.05459999999999998,0.16569999999999996
005.png,0.8343,1.0,1.0,0.8889,1.0,0.16569999999999996,0.16569999999999996,0.05459999999999998,0.16569999999999996
005.png,0.8343,1.0,1.0,0.8889,0.816,0.16569999999999996,0.16569999999999996,0.05459999999999998,0.018300000000000094
005.png,0.8343,1.0,1.0,0.8889,1.0,0.16569999999999996,0.16569999999999996,0.05459999999999998,0.16569999999999996
005.png,0.8343,1.0,1.0,0.8889,1.0,0.16569999999999996,0.16569999999999996,0.05459999999999998,0.16569999999999996
005.png,0.8343,1.0,1.0,0.8889,1.0,0.16569999999999996,0.16569999999999996,0.05459999999999998,0.16569999999999996
005.png,0.8343,1.0,1.0,0.8889,0.816,0.16569999999999996,0.16569999999999996,0.05459999999999998,0.018300000000000094
005.png,0.8343,1.0,1.0,0.8889,1.0,0.16569999999999996,0.16569999999999996,0.05459999999999998,0.16569999999999996
017.png,0.8365,1.0,1.0,0.9701,1.0,0.16349999999999998,0.16349999999999998,0.13359999999999994,0.16349999999999998
017.png,0.8365,1.0,1.0,0.9701,1.0,0.16349999999999998,0.16349999999999998,0.13359999999999994,0.16349999999999998
017.png,0.8365,1.0,1.0,0.9701,0.8673,0.16349999999999998,0.16349999999999998,0.13359999999999994,0.03079999999999994
017.png,0.8365,1.0,1.0,0.9701,1.0,0.16349999999999998,0.16349999999999998,0.13359999999999994,0.16349999999999998
017.png,0.8365,1.0,1.0,0.9701,1.0,0.16349999999999998,0.16349999999999998,0.13359999999999994,0.16349999999999998
017.png,0.8365,1.0,1.0,0.9701,1.0,0.16349999999999998,0.16349999999999998,0.13359999999999994,0.16349999999999998
017.png,0.8365,1.0,1.0,0.9701,0.8673,0.16349999999999998,0.16349999999999998,0.13359999999999994,0.03079999999999994
017.png,0.8365,1.0,1.0,0.9701,1.0,0.16349999999999998,0.16349999999999998,0.13359999999999994,0.16349999999999998
017.png,0.8365,1.0,0.7946,0.9701,1.0,0.16349999999999998,0.04190000000000005,0.13359999999999994,0.16349999999999998
017.png,0.8365,1.0,0.7946,0.9701,1.0,0.16349999999999998,0.04190000000000005,0.13359999999999994,0.16349999999999998
017.png,0.8365,1.0,0.7946,0.9701,0.8673,0.16349999999999998,0.04190000000000005,0.13359999999999994,0.03079999999999994
017.png,0.8365,1.0,0.7946,0.9701,1.0,0.16349999999999998,0.04190000000000005,0.13359999999999994,0.16349999999999998
017.png,0.8365,1.0,1.0,0.9701,1.0,0.16349999999999998,0.16349999999999998,0.13359999999999994,0.16349999999999998
017.png,0.8365,1.0,1.0,0.9701,1.0,0.16349999999999998,0.16349999999999998,0.13359999999999994,0.16349999999999998
017.png,0.8365,1.0,1.0,0.9701,0.8673,0.16349999999999998,0.16349999999999998,0.13359999999999994,0.03079999999999994
017.png,0.8365,1.0,1.0,0.9701,1.0,0.16349999999999998,0.16349999999999998,0.13359999999999994,0.16349999999999998
017.png,0.8365,1.0,1.0,0.9701,1.0,0.16349999999999998,0.16349999999999998,0.13359999999999994,0.16349999999999998
017.png,0.8365,1.0,1.0,0.9701,1.0,0.16349999999999998,0.16349999999999998,0.13359999999999994,0.16349999999999998
017.png,0.8365,1.0,1.0,0.9701,0.8673,0.16349999999999998,0.16349999999999998,0.13359999999999994,0.03079999999999994
017.png,0.8365,1.0,1.0,0.9701,1.0,0.16349999999999998,0.16349999999999998,0.13359999999999994,0.16349999999999998
017.png,0.8365,1.0,1.0,0.9701,1.0,0.16349999999999998,0.16349999999999998,0.13359999999999994,0.16349999999999998
017.png,0.8365,1.0,1.0,0.9701,1.0,0.16349999999999998,0.16349999999999998,0.13359999999999994,0.16349999999999998
017.png,0.8365,1.0,1.0,0.9701,0.8673,0.16349999999999998,0.16349999999999998,0.13359999999999994,0.03079999999999994
017.png,0.8365,1.0,1.0,0.9701,1.0,0.16349999999999998,0.16349999999999998,0.13359999999999994,0.16349999999999998
017.png,0.8365,1.0,0.7946,0.9701,1.0,0.16349999999999998,0.04190000000000005,0.13359999999999994,0.16349999999999998
017.png,0.8365,1.0,0.7946,0.9701,1.0,0.16349999999999998,0.04190000000000005,0.13359999999999994,0.16349999999999998
017.png,0.8365,1.0,0.7946,0.9701,0.8673,0.16349999999999998,0.04190000000000005,0.13359999999999994,0.03079999999999994
017.png,0.8365,1.0,0.7946,0.9701,1.0,0.16349999999999998,0.04190000000000005,0.13359999999999994,0.16349999999999998
017.png,0.8365,1.0,1.0,0.9701,1.0,0.16349999999999998,0.16349999999999998,0.13359999999999994,0.16349999999999998
017.png,0.8365,1.0,1.0,0.9701,1.0,0.16349999999999998,0.16349999999999998,0.13359999999999994,0.16349999999999998
017.png,0.8365,1.0,1.0,0.9701,0.8673,0.16349999999999998,0.16349999999999998,0.13359999999999994,0.03079999999999994
017.png,0.8365,1.0,1.0,0.9701,1.0,0.16349999999999998,0.16349999999999998,0.13359999999999994,0.16349999999999998
017.png,0.8365,0.8887,1.0,0.9701,1.0,0.052200000000000024,0.16349999999999998,0.13359999999999994,0.16349999999999998
017.png,0.8365,0.8887,1.0,0.9701,1.0,0.052200000000000024,0.16349999999999998,0.13359999999999994,0.16349999999999998
017.png,0.8365,0.8887,1.0,0.9701,0.8673,0.052200000000000024,0.16349999999999998,0.13359999999999994,0.03079999999999994
017.png,0.8365,0.8887,1.0,0.9701,1.0,0.052200000000000024,0.16349999999999998,0.13359999999999994,0.16349999999999998
017.png,0.8365,0.8887,1.0,0.9701,1.0,0.052200000000000024,0.16349999999999998,0.13359999999999994,0.16349999999999998
017.png,0.8365,0.8887,1.0,0.9701,1.0,0.052200000000000024,0.16349999999999998,0.13359999999999994,0.16349999999999998
017.png,0.8365,0.8887,1.0,0.9701,0.8673,0.052200000000000024,0.16349999999999998,0.13359999999999994,0.03079999999999994
017.png,0.8365,0.8887,1.0,0.9701,1.0,0.052200000000000024,0.16349999999999998,0.13359999999999994,0.16349999999999998
017.png,0.8365,0.8887,0.7946,0.9701,1.0,0.052200000000000024,0.04190000000000005,0.13359999999999994,0.16349999999999998
017.png,0.8365,0.8887,0.7946,0.9701,1.0,0.052200000000000024,0.04190000000000005,0.13359999999999994,0.16349999999999998
017.png,0.8365,0.8887,0.7946,0.9701,0.8673,0.052200000000000024,0.04190000000000005,0.13359999999999994,0.03079999999999994
017.png,0.8365,0.8887,0.7946,0.9701,1.0,0.052200000000000024,0.04190000000000005,0.13359999999999994,0.16349999999999998
017.png,0.8365,0.8887,1.0,0.9701,1.0,0.052200000000000024,0.16349999999999998,0.13359999999999994,0.16349999999999998
017.png,0.8365,0.8887,1.0,0.9701,1.0,0.052200000000000024,0.16349999999999998,0.13359999999999994,0.16349999999999998
017.png,0.8365,0.8887,1.0,0.9701,0.8673,0.052200000000000024,0.16349999999999998,0.13359999999999994,0.03079999999999994
017.png,0.8365,0.8887,1.0,0.9701,1.0,0.052200000000000024,0.16349999999999998,0.13359999999999994,0.16349999999999998
017.png,0.8365,1.0,1.0,0.9701,1.0,0.16349999999999998,0.16349999999999998,0.13359999999999994,0.16349999999999998
017.png,0.8365,1.0,1.0,0.9701,1.0,0.16349999999999998,0.16349999999999998,0.13359999999999994,0.16349999999999998
017.png,0.8365,1.0,1.0,0.9701,0.8673,0.16349999999999998,0.16349999999999998,0.13359999999999994,0.03079999999999994
017.png,0.8365,1.0,1.0,0.9701,1.0,0.16349999999999998,0.16349999999999998,0.13359999999999994,0.16349999999999998
017.png,0.8365,1.0,1.0,0.9701,1.0,0.16349999999999998,0.16349999999999998,0.13359999999999994,0.16349999999999998
017.png,0.8365,1.0,1.0,0.9701,1.0,0.16349999999999998,0.16349999999999998,0.13359999999999994,0.16349999999999998
017.png,0.8365,1.0,1.0,0.9701,0.8673,0.16349999999999998,0.16349999999999998,0.13359999999999994,0.03079999999999994
017.png,0.8365,1.0,1.0,0.9701,1.0,0.16349999999999998,0.16349999999999998,0.13359999999999994,0.16349999999999998
017.png,0.8365,1.0,0.7946,0.9701,1.0,0.16349999999999998,0.04190000000000005,0.13359999999999994,0.16349999999999998
017.png,0.8365,1.0,0.7946,0.9701,1.0,0.16349999999999998,0.04190000000000005,0.13359999999999994,0.16349999999999998
017.png,0.8365,1.0,0.7946,0.9701,0.8673,0.16349999999999998,0.04190000000000005,0.13359999999999994,0.03079999999999994
017.png,0.8365,1.0,0.7946,0.9701,1.0,0.16349999999999998,0.04190000000000005,0.13359999999999994,0.16349999999999998
017.png,0.8365,1.0,1.0,0.9701,1.0,0.16349999999999998,0.16349999999999998,0.13359999999999994,0.16349999999999998
017.png,0.8365,1.0,1.0,0.9701,1.0,0.16349999999999998,0.16349999999999998,0.13359999999999994,0.16349999999999998
017.png,0.8365,1.0,1.0,0.9701,0.8673,0.16349999999999998,0.16349999999999998,0.13359999999999994,0.03079999999999994
017.png,0.8365,1.0,1.0,0.9701,1.0,0.16349999999999998,0.16349999999999998,0.13359999999999994,0.16349999999999998
001.png,0.8327,1.0,1.0,0.9172,1.0,0.1673,0.1673,0.08450000000000002,0.1673
001.png,0.8327,1.0,1.0,0.9172,1.0,0.1673,0.1673,0.08450000000000002,0.1673
001.png,0.8327,1.0,1.0,0.9172,0.8559,0.1673,0.1673,0.08450000000000002,0.0232
001.png,0.8327,1.0,1.0,0.9172,1.0,0.1673,0.1673,0.08450000000000002,0.1673
001.png,0.8327,1.0,1.0,0.9172,1.0,0.1673,0.1673,0.08450000000000002,0.1673
001.png,0.8327,1.0,1.0,0.9172,1.0,0.1673,0.1673,0.08450000000000002,0.1673
001.png,0.8327,1.0,1.0,0.9172,0.8559,0.1673,0.1673,0.08450000000000002,0.0232
001.png,0.8327,1.0,1.0,0.9172,1.0,0.1673,0.1673,0.08450000000000002,0.1673
001.png,0.8327,1.0,1.0,0.9172,1.0,0.1673,0.1673,0.08450000000000002,0.1673
001.png,0.8327,1.0,1.0,0.9172,1.0,0.1673,0.1673,0.08450000000000002,0.1673
001.png,0.8327,1.0,1.0,0.9172,0.8559,0.1673,0.1673,0.08450000000000002,0.0232
001.png,0.8327,1.0,1.0,0.9172,1.0,0.1673,0.1673,0.08450000000000002,0.1673
001.png,0.8327,1.0,1.0,0.9172,1.0,0.1673,0.1673,0.08450000000000002,0.1673
001.png,0.8327,1.0,1.0,0.9172,1.0,0.1673,0.1673,0.08450000000000002,0.1673
001.png,0.8327,1.0,1.0,0.9172,0.8559,0.1673,0.1673,0.08450000000000002,0.0232
001.png,0.8327,1.0,1.0,0.9172,1.0,0.1673,0.1673,0.08450000000000002,0.1673
001.png,0.8327,1.0,1.0,0.9172,1.0,0.1673,0.1673,0.08450000000000002,0.1673
001.png,0.8327,1.0,1.0,0.9172,1.0,0.1673,0.1673,0.08450000000000002,0.1673
001.png,0.8327,1.0,1.0,0.9172,0.8559,0.1673,0.1673,0.08450000000000002,0.0232
001.png,0.8327,1.0,1.0,0.9172,1.0,0.1673,0.1673,0.08450000000000002,0.1673
001.png,0.8327,1.0,1.0,0.9172,1.0,0.1673,0.1673,0.08450000000000002,0.1673
001.png,0.8327,1.0,1.0,0.9172,1.0,0.1673,0.1673,0.08450000000000002,0.1673
001.png,0.8327,1.0,1.0,0.9172,0.8559,0.1673,0.1673,0.08450000000000002,0.0232
001.png,0.8327,1.0,1.0,0.9172,1.0,0.1673,0.1673,0.08450000000000002,0.1673
001.png,0.8327,1.0,1.0,0.9172,1.0,0.1673,0.1673,0.08450000000000002,0.1673
001.png,0.8327,1.0,1.0,0.9172,1.0,0.1673,0.1673,0.08450000000000002,0.1673
001.png,0.8327,1.0,1.0,0.9172,0.8559,0.1673,0.1673,0.08450000000000002,0.0232
001.png,0.8327,1.0,1.0,0.9172,1.0,0.1673,0.1673,0.08450000000000002,0.1673
001.png,0.8327,1.0,1.0,0.9172,1.0,0.1673,0.1673,0.08450000000000002,0.1673
001.png,0.8327,1.0,1.0,0.9172,1.0,0.1673,0.1673,0.08450000000000002,0.1673
001.png,0.8327,1.0,1.0,0.9172,0.8559,0.1673,0.1673,0.08450000000000002,0.0232
001.png,0.8327,1.0,1.0,0.9172,1.0,0.1673,0.1673,0.08450000000000002,0.1673
001.png,0.8327,1.0,1.0,0.9172,1.0,0.1673,0.1673,0.08450000000000002,0.1673
001.png,0.8327,1.0,1.0,0.9172,1.0,0.1673,0.1673,0.08450000000000002,0.1673
001.png,0.8327,1.0,1.0,0.9172,0.8559,0.1673,0.1673,0.08450000000000002,0.0232
001.png,0.8327,1.0,1.0,0.9172,1.0,0.1673,0.1673,0.08450000000000002,0.1673
001.png,0.8327,1.0,1.0,0.9172,1.0,0.1673,0.1673,0.08450000000000002,0.1673
001.png,0.8327,1.0,1.0,0.9172,1.0,0.1673,0.1673,0.08450000000000002,0.1673
001.png,0.8327,1.0,1.0,0.9172,0.8559,0.1673,0.1673,0.08450000000000002,0.0232
001.png,0.8327,1.0,1.0,0.9172,1.0,0.1673,0.1673,0.08450000000000002,0.1673
001.png,0.8327,1.0,1.0,0.9172,1.0,0.1673,0.1673,0.08450000000000002,0.1673
001.png,0.8327,1.0,1.0,0.9172,1.0,0.1673,0.1673,0.08450000000000002,0.1673
001.png,0.8327,1.0,1.0,0.9172,0.8559,0.1673,0.1673,0.08450000000000002,0.0232
001.png,0.8327,1.0,1.0,0.9172,1.0,0.1673,0.1673,0.08450000000000002,0.1673
001.png,0.8327,1.0,1.0,0.9172,1.0,0.1673,0.1673,0.08450000000000002,0.1673
001.png,0.8327,1.0,1.0,0.9172,1.0,0.1673,0.1673,0.08450000000000002,0.1673
001.png,0.8327,1.0,1.0,0.9172,0.8559,0.1673,0.1673,0.08450000000000002,0.0232
001.png,0.8327,1.0,1.0,0.9172,1.0,0.1673,0.1673,0.08450000000000002,0.1673
001.png,0.8327,1.0,1.0,0.9172,1.0,0.1673,0.1673,0.08450000000000002,0.1673
001.png,0.8327,1.0,1.0,0.9172,1.0,0.1673,0.1673,0.08450000000000002,0.1673
001.png,0.8327,1.0,1.0,0.9172,0.8559,0.1673,0.1673,0.08450000000000002,0.0232
001.png,0.8327,1.0,1.0,0.9172,1.0,0.1673,0.1673,0.08450000000000002,0.1673
001.png,0.8327,1.0,1.0,0.9172,1.0,0.1673,0.1673,0.08450000000000002,0.1673
001.png,0.8327,1.0,1.0,0.9172,1.0,0.1673,0.1673,0.08450000000000002,0.1673
001.png,0.8327,1.0,1.0,0.9172,0.8559,0.1673,0.1673,0.08450000000000002,0.0232
001.png,0.8327,1.0,1.0,0.9172,1.0,0.1673,0.1673,0.08450000000000002,0.1673
001.png,0.8327,1.0,1.0,0.9172,1.0,0.1673,0.1673,0.08450000000000002,0.1673
001.png,0.8327,1.0,1.0,0.9172,1.0,0.1673,0.1673,0.08450000000000002,0.1673
001.png,0.8327,1.0,1.0,0.9172,0.8559,0.1673,0.1673,0.08450000000000002,0.0232
001.png,0.8327,1.0,1.0,0.9172,1.0,0.1673,0.1673,0.08450000000000002,0.1673
001.png,0.8327,1.0,1.0,0.9172,1.0,0.1673,0.1673,0.08450000000000002,0.1673
001.png,0.8327,1.0,1.0,0.9172,1.0,0.1673,0.1673,0.08450000000000002,0.1673
001.png,0.8327,1.0,1.0,0.9172,0.8559,0.1673,0.1673,0.08450000000000002,0.0232
001.png,0.8327,1.0,1.0,0.9172,1.0,0.1673,0.1673,0.08450000000000002,0.1673
011.png,0.8367,1.0,1.0,0.9204,1.0,0.1633,0.1633,0.0837,0.1633
011.png,0.8367,1.0,1.0,0.9204,1.0,0.1633,0.1633,0.0837,0.1633
011.png,0.8367,1.0,1.0,0.9204,0.7127,0.1633,0.1633,0.0837,0.124
011.png,0.8367,1.0,1.0,0.9204,1.0,0.1633,0.1633,0.0837,0.1633
011.png,0.8367,1.0,1.0,0.9204,1.0,0.1633,0.1633,0.0837,0.1633
011.png,0.8367,1.0,1.0,0.9204,1.0,0.1633,0.1633,0.0837,0.1633
011.png,0.8367,1.0,1.0,0.9204,0.7127,0.1633,0.1633,0.0837,0.124
011.png,0.8367,1.0,1.0,0.9204,1.0,0.1633,0.1633,0.0837,0.1633
011.png,0.8367,1.0,0.6371,0.9204,1.0,0.1633,0.1996,0.0837,0.1633
011.png,0.8367,1.0,0.6371,0.9204,1.0,0.1633,0.1996,0.0837,0.1633
011.png,0.8367,1.0,0.6371,0.9204,0.7127,0.1633,0.1996,0.0837,0.124
011.png,0.8367,1.0,0.6371,0.9204,1.0,0.1633,0.1996,0.0837,0.1633
011.png,0.8367,1.0,1.0,0.9204,1.0,0.1633,0.1633,0.0837,0.1633
011.png,0.8367,1.0,1.0,0.9204,1.0,0.1633,0.1633,0.0837,0.1633
011.png,0.8367,1.0,1.0,0.9204,0.7127,0.1633,0.1633,0.0837,0.124
011.png,0.8367,1.0,1.0,0.9204,1.0,0.1633,0.1633,0.0837,0.1633
011.png,0.8367,1.0,1.0,0.9204,1.0,0.1633,0.1633,0.0837,0.1633
011.png,0.8367,1.0,1.0,0.9204,1.0,0.1633,0.1633,0.0837,0.1633
011.png,0.8367,1.0,1.0,0.9204,0.7127,0.1633,0.1633,0.0837,0.124
011.png,0.8367,1.0,1.0,0.9204,1.0,0.1633,0.1633,0.0837,0.1633
011.png,0.8367,1.0,1.0,0.9204,1.0,0.1633,0.1633,0.0837,0.1633
011.png,0.8367,1.0,1.0,0.9204,1.0,0.1633,0.1633,0.0837,0.1633
011.png,0.8367,1.0,1.0,0.9204,0.7127,0.1633,0.1633,0.0837,0.124
011.png,0.8367,1.0,1.0,0.9204,1.0,0.1633,0.1633,0.0837,0.1633
011.png,0.8367,1.0,0.6371,0.9204,1.0,0.1633,0.1996,0.0837,0.1633
011.png,0.8367,1.0,0.6371,0.9204,1.0,0.1633,0.1996,0.0837,0.1633
011.png,0.8367,1.0,0.6371,0.9204,0.7127,0.1633,0.1996,0.0837,0.124
011.png,0.8367,1.0,0.6371,0.9204,1.0,0.1633,0.1996,0.0837,0.1633
011.png,0.8367,1.0,1.0,0.9204,1.0,0.1633,0.1633,0.0837,0.1633
011.png,0.8367,1.0,1.0,0.9204,1.0,0.1633,0.1633,0.0837,0.1633
011.png,0.8367,1.0,1.0,0.9204,0.7127,0.1633,0.1633,0.0837,0.124
011.png,0.8367,1.0,1.0,0.9204,1.0,0.1633,0.1633,0.0837,0.1633
011.png,0.8367,0.6655,1.0,0.9204,1.0,0.17120000000000002,0.1633,0.0837,0.1633
011.png,0.8367,0.6655,1.0,0.9204,1.0,0.17120000000000002,0.1633,0.0837,0.1633
011.png,0.8367,0.6655,1.0,0.9204,0.7127,0.17120000000000002,0.1633,0.0837,0.124
011.png,0.8367,0.6655,1.0,0.9204,1.0,0.17120000000000002,0.1633,0.0837,0.1633
011.png,0.8367,0.6655,1.0,0.9204,1.0,0.17120000000000002,0.1633,0.0837,0.1633
011.png,0.8367,0.6655,1.0,0.9204,1.0,0.17120000000000002,0.1633,0.0837,0.1633
011.png,0.8367,0.6655,1.0,0.9204,0.7127,0.17120000000000002,0.1633,0.0837,0.124
011.png,0.8367,0.6655,1.0,0.9204,1.0,0.17120000000000002,0.1633,0.0837,0.1633
011.png,0.8367,0.6655,0.6371,0.9204,1.0,0.17120000000000002,0.1996,0.0837,0.1633
011.png,0.8367,0.6655,0.6371,0.9204,1.0,0.17120000000000002,0.1996,0.0837,0.1633
011.png,0.8367,0.6655,0.6371,0.9204,0.7127,0.17120000000000002,0.1996,0.0837,0.124
011.png,0.8367,0.6655,0.6371,0.9204,1.0,0.17120000000000002,0.1996,0.0837,0.1633
011.png,0.8367,0.6655,1.0,0.9204,1.0,0.17120000000000002,0.1633,0.0837,0.1633
011.png,0.8367,0.6655,1.0,0.9204,1.0,0.17120000000000002,0.1633,0.0837,0.1633
011.png,0.8367,0.6655,1.0,0.9204,0.7127,0.17120000000000002,0.1633,0.0837,0.124
011.png,0.8367,0.6655,1.0,0.9204,1.0,0.17120000000000002,0.1633,0.0837,0.1633
011.png,0.8367,1.0,1.0,0.9204,1.0,0.1633,0.1633,0.0837,0.1633
011.png,0.8367,1.0,1.0,0.9204,1.0,0.1633,0.1633,0.0837,0.1633
011.png,0.8367,1.0,1.0,0.9204,0.7127,0.1633,0.1633,0.0837,0.124
011.png,0.8367,1.0,1.0,0.9204,1.0,0.1633,0.1633,0.0837,0.1633
011.png,0.8367,1.0,1.0,0.9204,1.0,0.1633,0.1633,0.0837,0.1633
011.png,0.8367,1.0,1.0,0.9204,1.0,0.1633,0.1633,0.0837,0.1633
011.png,0.8367,1.0,1.0,0.9204,0.7127,0.1633,0.1633,0.0837,0.124
011.png,0.8367,1.0,1.0,0.9204,1.0,0.1633,0.1633,0.0837,0.1633
011.png,0.8367,1.0,0.6371,0.9204,1.0,0.1633,0.1996,0.0837,0.1633
011.png,0.8367,1.0,0.6371,0.9204,1.0,0.1633,0.1996,0.0837,0.1633
011.png,0.8367,1.0,0.6371,0.9204,0.7127,0.1633,0.1996,0.0837,0.124
011.png,0.8367,1.0,0.6371,0.9204,1.0,0.1633,0.1996,0.0837,0.1633
011.png,0.8367,1.0,1.0,0.9204,1.0,0.1633,0.1633,0.0837,0.1633
011.png,0.8367,1.0,1.0,0.9204,1.0,0.1633,0.1633,0.0837,0.1633
011.png,0.8367,1.0,1.0,0.9204,0.7127,0.1633,0.1633,0.0837,0.124
011.png,0.8367,1.0,1.0,0.9204,1.0,0.1633,0.1633,0.0837,0.1633
000.png,0.8353,1.0,1.0,0.8829,1.0,0.16469999999999996,0.16469999999999996,0.047599999999999976,0.16469999999999996
000.png,0.8353,1.0,1.0,0.8829,1.0,0.16469999999999996,0.16469999999999996,0.047599999999999976,0.16469999999999996
000.png,0.8353,1.0,1.0,0.8829,0.7484,0.16469999999999996,0.16469999999999996,0.047599999999999976,0.08690000000000009
000.png,0.8353,1.0,1.0,0.8829,1.0,0.16469999999999996,0.16469999999999996,0.047599999999999976,0.16469999999999996
000.png,0.8353,1.0,1.0,0.8829,1.0,0.16469999999999996,0.16469999999999996,0.047599999999999976,0.16469999999999996
000.png,0.8353,1.0,1.0,0.8829,1.0,0.16469999999999996,0.16469999999999996,0.047599999999999976,0.16469999999999996
000.png,0.8353,1.0,1.0,0.8829,0.7484,0.16469999999999996,0.16469999999999996,0.047599999999999976,0.08690000000000009
000.png,0.8353,1.0,1.0,0.8829,1.0,0.16469999999999996,0.16469999999999996,0.047599999999999976,0.16469999999999996
000.png,0.8353,1.0,0.9267,0.8829,1.0,0.16469999999999996,0.09139999999999993,0.047599999999999976,0.16469999999999996
000.png,0.8353,1.0,0.9267,0.8829,1.0,0.16469999999999996,0.09139999999999993,0.047599999999999976,0.16469999999999996
000.png,0.8353,1.0,0.9267,0.8829,0.7484,0.16469999999999996,0.09139999999999993,0.047599999999999976,0.08690000000000009
000.png,0.8353,1.0,0.9267,0.8829,1.0,0.16469999999999996,0.09139999999999993,0.047599999999999976,0.16469999999999996
000.png,0.8353,1.0,1.0,0.8829,1.0,0.16469999999999996,0.16469999999999996,0.047599999999999976,0.16469999999999996
000.png,0.8353,1.0,1.0,0.8829,1.0,0.16469999999999996,0.16469999999999996,0.047599999999999976,0.16469999999999996
000.png,0.8353,1.0,1.0,0.8829,0.7484,0.16469999999999996,0.16469999999999996,0.047599999999999976,0.08690000000000009
000.png,0.8353,1.0,1.0,0.8829,1.0,0.16469999999999996,0.16469999999999996,0.047599999999999976,0.16469999999999996
000.png,0.8353,1.0,1.0,0.8829,1.0,0.16469999999999996,0.16469999999999996,0.047599999999999976,0.16469999999999996
000.png,0.8353,1.0,1.0,0.8829,1.0,0.16469999999999996,0.16469999999999996,0.047599999999999976,0.16469999999999996
000.png,0.8353,1.0,1.0,0.8829,0.7484,0.16469999999999996,0.16469999999999996,0.047599999999999976,0.08690000000000009
000.png,0.8353,1.0,1.0,0.8829,1.0,0.16469999999999996,0.16469999999999996,0.047599999999999976,0.16469999999999996
000.png,0.8353,1.0,1.0,0.8829,1.0,0.16469999999999996,0.16469999999999996,0.047599999999999976,0.16469999999999996
000.png,0.8353,1.0,1.0,0.8829,1.0,0.16469999999999996,0.16469999999999996,0.047599999999999976,0.16469999999999996
000.png,0.8353,1.0,1.0,0.8829,0.7484,0.16469999999999996,0.16469999999999996,0.047599999999999976,0.08690000000000009
000.png,0.8353,1.0,1.0,0.8829,1.0,0.16469999999999996,0.16469999999999996,0.047599999999999976,0.16469999999999996
000.png,0.8353,1.0,0.9267,0.8829,1.0,0.16469999999999996,0.09139999999999993,0.047599999999999976,0.16469999999999996
000.png,0.8353,1.0,0.9267,0.8829,1.0,0.16469999999999996,0.09139999999999993,0.047599999999999976,0.16469999999999996
000.png,0.8353,1.0,0.9267,0.8829,0.7484,0.16469999999999996,0.09139999999999993,0.047599999999999976,0.08690000000000009
000.png,0.8353,1.0,0.9267,0.8829,1.0,0.16469999999999996,0.09139999999999993,0.047599999999999976,0.16469999999999996
000.png,0.8353,1.0,1.0,0.8829,1.0,0.16469999999999996,0.16469999999999996,0.047599999999999976,0.16469999999999996
000.png,0.8353,1.0,1.0,0.8829,1.0,0.16469999999999996,0.16469999999999996,0.047599999999999976,0.16469999999999996
000.png,0.8353,1.0,1.0,0.8829,0.7484,0.16469999999999996,0.16469999999999996,0.047599999999999976,0.08690000000000009
000.png,0.8353,1.0,1.0,0.8829,1.0,0.16469999999999996,0.16469999999999996,0.047599999999999976,0.16469999999999996
000.png,0.8353,0.9492,1.0,0.8829,1.0,0.1139,0.16469999999999996,0.047599999999999976,0.16469999999999996
000.png,0.8353,0.9492,1.0,0.8829,1.0,0.1139,0.16469999999999996,0.047599999999999976,0.16469999999999996
000.png,0.8353,0.9492,1.0,0.8829,0.7484,0.1139,0.16469999999999996,0.047599999999999976,0.08690000000000009
000.png,0.8353,0.9492,1.0,0.8829,1.0,0.1139,0.16469999999999996,0.047599999999999976,0.16469999999999996
000.png,0.8353,0.9492,1.0,0.8829,1.0,0.1139,0.16469999999999996,0.047599999999999976,0.16469999999999996
000.png,0.8353,0.9492,1.0,0.8829,1.0,0.1139,0.16469999999999996,0.047599999999999976,0.16469999999999996
000.png,0.8353,0.9492,1.0,0.8829,0.7484,0.1139,0.16469999999999996,0.047599999999999976,0.08690000000000009
000.png,0.8353,0.9492,1.0,0.8829,1.0,0.1139,0.16469999999999996,0.047599999999999976,0.16469999999999996
000.png,0.8353,0.9492,0.9267,0.8829,1.0,0.1139,0.09139999999999993,0.047599999999999976,0.16469999999999996
000.png,0.8353,0.9492,0.9267,0.8829,1.0,0.1139,0.09139999999999993,0.047599999999999976,0.16469999999999996
000.png,0.8353,0.9492,0.9267,0.8829,0.7484,0.1139,0.09139999999999993,0.047599999999999976,0.08690000000000009
000.png,0.8353,0.9492,0.9267,0.8829,1.0,0.1139,0.09139999999999993,0.047599999999999976,0.16469999999999996
000.png,0.8353,0.9492,1.0,0.8829,1.0,0.1139,0.16469999999999996,0.047599999999999976,0.16469999999999996
000.png,0.8353,0.9492,1.0,0.8829,1.0,0.1139,0.16469999999999996,0.047599999999999976,0.16469999999999996
000.png,0.8353,0.9492,1.0,0.8829,0.7484,0.1139,0.16469999999999996,0.047599999999999976,0.08690000000000009
000.png,0.8353,0.9492,1.0,0.8829,1.0,0.1139,0.16469999999999996,0.047599999999999976,0.16469999999999996
000.png,0.8353,1.0,1.0,0.8829,1.0,0.16469999999999996,0.16469999999999996,0.047599999999999976,0.16469999999999996
000.png,0.8353,1.0,1.0,0.8829,1.0,0.16469999999999996,0.16469999999999996,0.047599999999999976,0.16469999999999996
000.png,0.8353,1.0,1.0,0.8829,0.7484,0.16469999999999996,0.16469999999999996,0.047599999999999976,0.08690000000000009
000.png,0.8353,1.0,1.0,0.8829,1.0,0.16469999999999996,0.16469999999999996,0.047599999999999976,0.16469999999999996
000.png,0.8353,1.0,1.0,0.8829,1.0,0.16469999999999996,0.16469999999999996,0.047599999999999976,0.16469999999999996
000.png,0.8353,1.0,1.0,0.8829,1.0,0.16469999999999996,0.16469999999999996,0.047599999999999976,0.16469999999999996
000.png,0.8353,1.0,1.0,0.8829,0.7484,0.16469999999999996,0.16469999999999996,0.047599999999999976,0.08690000000000009
000.png,0.8353,1.0,1.0,0.8829,1.0,0.16469999999999996,0.16469999999999996,0.047599999999999976,0.16469999999999996
000.png,0.8353,1.0,0.9267,0.8829,1.0,0.16469999999999996,0.09139999999999993,0.047599999999999976,0.16469999999999996
000.png,0.8353,1.0,0.9267,0.8829,1.0,0.16469999999999996,0.09139999999999993,0.047599999999999976,0.16469999999999996
000.png,0.8353,1.0,0.9267,0.8829,0.7484,0.16469999999999996,0.09139999999999993,0.047599999999999976,0.08690000000000009
000.png,0.8353,1.0,0.9267,0.8829,1.0,0.16469999999999996,0.09139999999999993,0.047599999999999976,0.16469999999999996
000.png,0.8353,1.0,1.0,0.8829,1.0,0.16469999999999996,0.16469999999999996,0.047599999999999976,0.16469999999999996
000.png,0.8353,1.0,1.0,0.8829,1.0,0.16469999999999996,0.16469999999999996,0.047599999999999976,0.16469999999999996
000.png,0.8353,1.0,1.0,0.8829,0.7484,0.16469999999999996,0.16469999999999996,0.047599999999999976,0.08690000000000009
000.png,0.8353,1.0,1.0,0.8829,1.0,0.16469999999999996,0.16469999999999996,0.047599999999999976,0.16469999999999996
010.png,0.8376,1.0,1.0,0.9186,1.0,0.1624,0.1624,0.08099999999999996,0.1624
010.png,0.8376,1.0,1.0,0.9186,1.0,0.1624,0.1624,0.08099999999999996,0.1624
010.png,0.8376,1.0,1.0,0.9186,1.0,0.1624,0.1624,0.08099999999999996,0.1624
010.png,0.8376,1.0,1.0,0.9186,1.0,0.1624,0.1624,0.08099999999999996,0.1624
010.png,0.8376,1.0,1.0,0.9186,1.0,0.1624,0.1624,0.08099999999999996,0.1624
010.png,0.8376,1.0,1.0,0.9186,1.0,0.1624,0.1624,0.08099999999999996,0.1624
010.png,0.8376,1.0,1.0,0.9186,1.0,0.1624,0.1624,0.08099999999999996,0.1624
010.png,0.8376,1.0,1.0,0.9186,1.0,0.1624,0.1624,0.08099999999999996,0.1624
010.png,0.8376,1.0,1.0,0.9186,1.0,0.1624,0.1624,0.08099999999999996,0.1624
010.png,0.8376,1.0,1.0,0.9186,1.0,0.1624,0.1624,0.08099999999999996,0.1624
010.png,0.8376,1.0,1.0,0.9186,1.0,0.1624,0.1624,0.08099999999999996,0.1624
010.png,0.8376,1.0,1.0,0.9186,1.0,0.1624,0.1624,0.08099999999999996,0.1624
010.png,0.8376,1.0,1.0,0.9186,1.0,0.1624,0.1624,0.08099999999999996,0.1624
010.png,0.8376,1.0,1.0,0.9186,1.0,0.1624,0.1624,0.08099999999999996,0.1624
010.png,0.8376,1.0,1.0,0.9186,1.0,0.1624,0.1624,0.08099999999999996,0.1624
010.png,0.8376,1.0,1.0,0.9186,1.0,0.1624,0.1624,0.08099999999999996,0.1624
010.png,0.8376,1.0,1.0,0.9186,1.0,0.1624,0.1624,0.08099999999999996,0.1624
010.png,0.8376,1.0,1.0,0.9186,1.0,0.1624,0.1624,0.08099999999999996,0.1624
010.png,0.8376,1.0,1.0,0.9186,1.0,0.1624,0.1624,0.08099999999999996,0.1624
010.png,0.8376,1.0,1.0,0.9186,1.0,0.1624,0.1624,0.08099999999999996,0.1624
010.png,0.8376,1.0,1.0,0.9186,1.0,0.1624,0.1624,0.08099999999999996,0.1624
010.png,0.8376,1.0,1.0,0.9186,1.0,0.1624,0.1624,0.08099999999999996,0.1624
010.png,0.8376,1.0,1.0,0.9186,1.0,0.1624,0.1624,0.08099999999999996,0.1624
010.png,0.8376,1.0,1.0,0.9186,1.0,0.1624,0.1624,0.08099999999999996,0.1624
010.png,0.8376,1.0,1.0,0.9186,1.0,0.1624,0.1624,0.08099999999999996,0.1624
010.png,0.8376,1.0,1.0,0.9186,1.0,0.1624,0.1624,0.08099999999999996,0.1624
010.png,0.8376,1.0,1.0,0.9186,1.0,0.1624,0.1624,0.08099999999999996,0.1624
010.png,0.8376,1.0,1.0,0.9186,1.0,0.1624,0.1624,0.08099999999999996,0.1624
010.png,0.8376,1.0,1.0,0.9186,1.0,0.1624,0.1624,0.08099999999999996,0.1624
010.png,0.8376,1.0,1.0,0.9186,1.0,0.1624,0.1624,0.08099999999999996,0.1624
010.png,0.8376,1.0,1.0,0.9186,1.0,0.1624,0.1624,0.08099999999999996,0.1624
010.png,0.8376,1.0,1.0,0.9186,1.0,0.1624,0.1624,0.08099999999999996,0.1624
010.png,0.8376,1.0,1.0,0.9186,1.0,0.1624,0.1624,0.08099999999999996,0.1624
010.png,0.8376,1.0,1.0,0.9186,1.0,0.1624,0.1624,0.08099999999999996,0.1624
010.png,0.8376,1.0,1.0,0.9186,1.0,0.1624,0.1624,0.08099999999999996,0.1624
010.png,0.8376,1.0,1.0,0.9186,1.0,0.1624,0.1624,0.08099999999999996,0.1624
010.png,0.8376,1.0,1.0,0.9186,1.0,0.1624,0.1624,0.08099999999999996,0.1624
010.png,0.8376,1.0,1.0,0.9186,1.0,0.1624,0.1624,0.08099999999999996,0.1624
010.png,0.8376,1.0,1.0,0.9186,1.0,0.1624,0.1624,0.08099999999999996,0.1624
010.png,0.8376,1.0,1.0,0.9186,1.0,0.1624,0.1624,0.08099999999999996,0.1624
010.png,0.8376,1.0,1.0,0.9186,1.0,0.1624,0.1624,0.08099999999999996,0.1624
010.png,0.8376,1.0,1.0,0.9186,1.0,0.1624,0.1624,0.08099999999999996,0.1624
010.png,0.8376,1.0,1.0,0.9186,1.0,0.1624,0.1624,0.08099999999999996,0.1624
010.png,0.8376,1.0,1.0,0.9186,1.0,0.1624,0.1624,0.08099999999999996,0.1624
010.png,0.8376,1.0,1.0,0.9186,1.0,0.1624,0.1624,0.08099999999999996,0.1624
010.png,0.8376,1.0,1.0,0.9186,1.0,0.1624,0.1624,0.08099999999999996,0.1624
010.png,0.8376,1.0,1.0,0.9186,1.0,0.1624,0.1624,0.08099999999999996,0.1624
010.png,0.8376,1.0,1.0,0.9186,1.0,0.1624,0.1624,0.08099999999999996,0.1624
010.png,0.8376,1.0,1.0,0.9186,1.0,0.1624,0.1624,0.08099999999999996,0.1624
010.png,0.8376,1.0,1.0,0.9186,1.0,0.1624,0.1624,0.08099999999999996,0.1624
010.png,0.8376,1.0,1.0,0.9186,1.0,0.1624,0.1624,0.08099999999999996,0.1624
010.png,0.8376,1.0,1.0,0.9186,1.0,0.1624,0.1624,0.08099999999999996,0.1624
010.png,0.8376,1.0,1.0,0.9186,1.0,0.1624,0.1624,0.08099999999999996,0.1624
010.png,0.8376,1.0,1.0,0.9186,1.0,0.1624,0.1624,0.08099999999999996,0.1624
010.png,0.8376,1.0,1.0,0.9186,1.0,0.1624,0.1624,0.08099999999999996,0.1624
010.png,0.8376,1.0,1.0,0.9186,1.0,0.1624,0.1624,0.08099999999999996,0.1624
010.png,0.8376,1.0,1.0,0.9186,1.0,0.1624,0.1624,0.08099999999999996,0.1624
010.png,0.8376,1.0,1.0,0.9186,1.0,0.1624,0.1624,0.08099999999999996,0.1624
010.png,0.8376,1.0,1.0,0.9186,1.0,0.1624,0.1624,0.08099999999999996,0.1624
010.png,0.8376,1.0,1.0,0.9186,1.0,0.1624,0.1624,0.08099999999999996,0.1624
010.png,0.8376,1.0,1.0,0.9186,1.0,0.1624,0.1624,0.08099999999999996,0.1624
010.png,0.8376,1.0,1.0,0.9186,1.0,0.1624,0.1624,0.08099999999999996,0.1624
010.png,0.8376,1.0,1.0,0.9186,1.0,0.1624,0.1624,0.08099999999999996,0.1624
010.png,0.8376,1.0,1.0,0.9186,1.0,0.1624,0.1624,0.08099999999999996,0.1624
012.png,0.8349,1.0,1.0,0.9179,1.0,0.16510000000000002,0.16510000000000002,0.08300000000000007,0.16510000000000002
012.png,0.8349,1.0,1.0,0.9179,0.99,0.16510000000000002,0.16510000000000002,0.08300000000000007,0.15510000000000002
012.png,0.8349,1.0,1.0,0.9179,0.761,0.16510000000000002,0.16510000000000002,0.08300000000000007,0.07389999999999997
012.png,0.8349,1.0,1.0,0.9179,1.0,0.16510000000000002,0.16510000000000002,0.08300000000000007,0.16510000000000002
012.png,0.8349,1.0,1.0,0.9179,1.0,0.16510000000000002,0.16510000000000002,0.08300000000000007,0.16510000000000002
012.png,0.8349,1.0,1.0,0.9179,0.99,0.16510000000000002,0.16510000000000002,0.08300000000000007,0.15510000000000002
012.png,0.8349,1.0,1.0,0.9179,0.761,0.16510000000000002,0.16510000000000002,0.08300000000000007,0.07389999999999997
012.png,0.8349,1.0,1.0,0.9179,1.0,0.16510000000000002,0.16510000000000002,0.08300000000000007,0.16510000000000002
012.png,0.8349,1.0,0.9078,0.9179,1.0,0.16510000000000002,0.07290000000000008,0.08300000000000007,0.16510000000000002
012.png,0.8349,1.0,0.9078,0.9179,0.99,0.16510000000000002,0.07290000000000008,0.08300000000000007,0.15510000000000002
012.png,0.8349,1.0,0.9078,0.9179,0.761,0.16510000000000002,0.07290000000000008,0.08300000000000007,0.07389999999999997
012.png,0.8349,1.0,0.9078,0.9179,1.0,0.16510000000000002,0.07290000000000008,0.08300000000000007,0.16510000000000002
012.png,0.8349,1.0,1.0,0.9179,1.0,0.16510000000000002,0.16510000000000002,0.08300000000000007,0.16510000000000002
012.png,0.8349,1.0,1.0,0.9179,0.99,0.16510000000000002,0.16510000000000002,0.08300000000000007,0.15510000000000002
012.png,0.8349,1.0,1.0,0.9179,0.761,0.16510000000000002,0.16510000000000002,0.08300000000000007,0.07389999999999997
012.png,0.8349,1.0,1.0,0.9179,1.0,0.16510000000000002,0.16510000000000002,0.08300000000000007,0.16510000000000002
012.png,0.8349,1.0,1.0,0.9179,1.0,0.16510000000000002,0.16510000000000002,0.08300000000000007,0.16510000000000002
012.png,0.8349,1.0,1.0,0.9179,0.99,0.16510000000000002,0.16510000000000002,0.08300000000000007,0.15510000000000002
012.png,0.8349,1.0,1.0,0.9179,0.761,0.16510000000000002,0.16510000000000002,0.08300000000000007,0.07389999999999997
012.png,0.8349,1.0,1.0,0.9179,1.0,0.16510000000000002,0.16510000000000002,0.08300000000000007,0.16510000000000002
012.png,0.8349,1.0,1.0,0.9179,1.0,0.16510000000000002,0.16510000000000002,0.08300000000000007,0.16510000000000002
012.png,0.8349,1.0,1.0,0.9179,0.99,0.16510000000000002,0.16510000000000002,0.08300000000000007,0.15510000000000002
012.png,0.8349,1.0,1.0,0.9179,0.761,0.16510000000000002,0.16510000000000002,0.08300000000000007,0.07389999999999997
012.png,0.8349,1.0,1.0,0.9179,1.0,0.16510000000000002,0.16510000000000002,0.08300000000000007,0.16510000000000002
012.png,0.8349,1.0,0.9078,0.9179,1.0,0.16510000000000002,0.07290000000000008,0.08300000000000007,0.16510000000000002
012.png,0.8349,1.0,0.9078,0.9179,0.99,0.16510000000000002,0.07290000000000008,0.08300000000000007,0.15510000000000002
012.png,0.8349,1.0,0.9078,0.9179,0.761,0.16510000000000002,0.07290000000000008,0.08300000000000007,0.07389999999999997
012.png,0.8349,1.0,0.9078,0.9179,1.0,0.16510000000000002,0.07290000000000008,0.08300000000000007,0.16510000000000002
012.png,0.8349,1.0,1.0,0.9179,1.0,0.16510000000000002,0.16510000000000002,0.08300000000000007,0.16510000000000002
012.png,0.8349,1.0,1.0,0.9179,0.99,0.16510000000000002,0.16510000000000002,0.08300000000000007,0.15510000000000002
012.png,0.8349,1.0,1.0,0.9179,0.761,0.16510000000000002,0.16510000000000002,0.08300000000000007,0.07389999999999997
012.png,0.8349,1.0,1.0,0.9179,1.0,0.16510000000000002,0.16510000000000002,0.08300000000000007,0.16510000000000002
012.png,0.8349,1.0,1.0,0.9179,1.0,0.16510000000000002,0.16510000000000002,0.08300000000000007,0.16510000000000002
012.png,0.8349,1.0,1.0,0.9179,0.99,0.16510000000000002,0.16510000000000002,0.08300000000000007,0.15510000000000002
012.png,0.8349,1.0,1.0,0.9179,0.761,0.16510000000000002,0.16510000000000002,0.08300000000000007,0.07389999999999997
012.png,0.8349,1.0,1.0,0.9179,1.0,0.16510000000000002,0.16510000000000002,0.08300000000000007,0.16510000000000002
012.png,0.8349,1.0,1.0,0.9179,1.0,0.16510000000000002,0.16510000000000002,0.08300000000000007,0.16510000000000002
012.png,0.8349,1.0,1.0,0.9179,0.99,0.16510000000000002,0.16510000000000002,0.08300000000000007,0.15510000000000002
012.png,0.8349,1.0,1.0,0.9179,0.761,0.16510000000000002,0.16510000000000002,0.08300000000000007,0.07389999999999997
012.png,0.8349,1.0,1.0,0.9179,1.0,0.16510000000000002,0.16510000000000002,0.08300000000000007,0.16510000000000002
012.png,0.8349,1.0,0.9078,0.9179,1.0,0.16510000000000002,0.07290000000000008,0.08300000000000007,0.16510000000000002
012.png,0.8349,1.0,0.9078,0.9179,0.99,0.16510000000000002,0.07290000000000008,0.08300000000000007,0.15510000000000002
012.png,0.8349,1.0,0.9078,0.9179,0.761,0.16510000000000002,0.07290000000000008,0.08300000000000007,0.07389999999999997
012.png,0.8349,1.0,0.9078,0.9179,1.0,0.16510000000000002,0.07290000000000008,0.08300000000000007,0.16510000000000002
012.png,0.8349,1.0,1.0,0.9179,1.0,0.16510000000000002,0.16510000000000002,0.08300000000000007,0.16510000000000002
012.png,0.8349,1.0,1.0,0.9179,0.99,0.16510000000000002,0.16510000000000002,0.08300000000000007,0.15510000000000002
012.png,0.8349,1.0,1.0,0.9179,0.761,0.16510000000000002,0.16510000000000002,0.08300000000000007,0.07389999999999997
012.png,0.8349,1.0,1.0,0.9179,1.0,0.16510000000000002,0.16510000000000002,0.08300000000000007,0.16510000000000002
012.png,0.8349,1.0,1.0,0.9179,1.0,0.16510000000000002,0.16510000000000002,0.08300000000000007,0.16510000000000002
012.png,0.8349,1.0,1.0,0.9179,0.99,0.16510000000000002,0.16510000000000002,0.08300000000000007,0.15510000000000002
012.png,0.8349,1.0,1.0,0.9179,0.761,0.16510000000000002,0.16510000000000002,0.08300000000000007,0.07389999999999997
012.png,0.8349,1.0,1.0,0.9179,1.0,0.16510000000000002,0.16510000000000002,0.08300000000000007,0.16510000000000002
012.png,0.8349,1.0,1.0,0.9179,1.0,0.16510000000000002,0.16510000000000002,0.08300000000000007,0.16510000000000002
012.png,0.8349,1.0,1.0,0.9179,0.99,0.16510000000000002,0.16510000000000002,0.08300000000000007,0.15510000000000002
012.png,0.8349,1.0,1.0,0.9179,0.761,0.16510000000000002,0.16510000000000002,0.08300000000000007,0.07389999999999997
012.png,0.8349,1.0,1.0,0.9179,1.0,0.16510000000000002,0.16510000000000002,0.08300000000000007,0.16510000000000002
012.png,0.8349,1.0,0.9078,0.9179,1.0,0.16510000000000002,0.07290000000000008,0.08300000000000007,0.16510000000000002
012.png,0.8349,1.0,0.9078,0.9179,0.99,0.16510000000000002,0.07290000000000008,0.08300000000000007,0.15510000000000002
012.png,0.8349,1.0,0.9078,0.9179,0.761,0.16510000000000002,0.07290000000000008,0.08300000000000007,0.07389999999999997
012.png,0.8349,1.0,0.9078,0.9179,1.0,0.16510000000000002,0.07290000000000008,0.08300000000000007,0.16510000000000002
012.png,0.8349,1.0,1.0,0.9179,1.0,0.16510000000000002,0.16510000000000002,0.08300000000000007,0.16510000000000002
012.png,0.8349,1.0,1.0,0.9179,0.99,0.16510000000000002,0.16510000000000002,0.08300000000000007,0.15510000000000002
012.png,0.8349,1.0,1.0,0.9179,0.761,0.16510000000000002,0.16510000000000002,0.08300000000000007,0.07389999999999997
012.png,0.8349,1.0,1.0,0.9179,1.0,0.16510000000000002,0.16510000000000002,0.08300000000000007,0.16510000000000002
003.png,0.9297,1.0,1.0,0.9492,1.0,0.07030000000000003,0.07030000000000003,0.019500000000000073,0.07030000000000003
003.png,0.9297,1.0,1.0,0.9492,0.9869,0.07030000000000003,0.07030000000000003,0.019500000000000073,0.05720000000000003
003.png,0.9297,1.0,1.0,0.9492,0.769,0.07030000000000003,0.07030000000000003,0.019500000000000073,0.16069999999999995
003.png,0.9297,1.0,1.0,0.9492,1.0,0.07030000000000003,0.07030000000000003,0.019500000000000073,0.07030000000000003
003.png,0.9297,1.0,1.0,0.9492,1.0,0.07030000000000003,0.07030000000000003,0.019500000000000073,0.07030000000000003
003.png,0.9297,1.0,1.0,0.9492,0.9869,0.07030000000000003,0.07030000000000003,0.019500000000000073,0.05720000000000003
003.png,0.9297,1.0,1.0,0.9492,0.769,0.07030000000000003,0.07030000000000003,0.019500000000000073,0.16069999999999995
003.png,0.9297,1.0,1.0,0.9492,1.0,0.07030000000000003,0.07030000000000003,0.019500000000000073,0.07030000000000003
003.png,0.9297,1.0,1.0,0.9492,1.0,0.07030000000000003,0.07030000000000003,0.019500000000000073,0.07030000000000003
003.png,0.9297,1.0,1.0,0.9492,0.9869,0.07030000000000003,0.07030000000000003,0.019500000000000073,0.05720000000000003
003.png,0.9297,1.0,1.0,0.9492,0.769,0.07030000000000003,0.07030000000000003,0.019500000000000073,0.16069999999999995
003.png,0.9297,1.0,1.0,0.9492,1.0,0.07030000000000003,0.07030000000000003,0.019500000000000073,0.07030000000000003
003.png,0.9297,1.0,1.0,0.9492,1.0,0.07030000000000003,0.07030000000000003,0.019500000000000073,0.07030000000000003
003.png,0.9297,1.0,1.0,0.9492,0.9869,0.07030000000000003,0.07030000000000003,0.019500000000000073,0.05720000000000003
003.png,0.9297,1.0,1.0,0.9492,0.769,0.07030000000000003,0.07030000000000003,0.019500000000000073,0.16069999999999995
003.png,0.9297,1.0,1.0,0.9492,1.0,0.07030000000000003,0.07030000000000003,0.019500000000000073,0.07030000000000003
003.png,0.9297,1.0,1.0,0.9492,1.0,0.07030000000000003,0.07030000000000003,0.019500000000000073,0.07030000000000003
003.png,0.9297,1.0,1.0,0.9492,0.9869,0.07030000000000003,0.07030000000000003,0.019500000000000073,0.05720000000000003
003.png,0.9297,1.0,1.0,0.9492,0.769,0.07030000000000003,0.07030000000000003,0.019500000000000073,0.16069999999999995
003.png,0.9297,1.0,1.0,0.9492,1.0,0.07030000000000003,0.07030000000000003,0.019500000000000073,0.07030000000000003
003.png,0.9297,1.0,1.0,0.9492,1.0,0.07030000000000003,0.07030000000000003,0.019500000000000073,0.07030000000000003
003.png,0.9297,1.0,1.0,0.9492,0.9869,0.07030000000000003,0.07030000000000003,0.019500000000000073,0.05720000000000003
003.png,0.9297,1.0,1.0,0.9492,0.769,0.07030000000000003,0.07030000000000003,0.019500000000000073,0.16069999999999995
003.png,0.9297,1.0,1.0,0.9492,1.0,0.07030000000000003,0.07030000000000003,0.019500000000000073,0.07030000000000003
003.png,0.9297,1.0,1.0,0.9492,1.0,0.07030000000000003,0.07030000000000003,0.019500000000000073,0.07030000000000003
003.png,0.9297,1.0,1.0,0.9492,0.9869,0.07030000000000003,0.07030000000000003,0.019500000000000073,0.05720000000000003
003.png,0.9297,1.0,1.0,0.9492,0.769,0.07030000000000003,0.07030000000000003,0.019500000000000073,0.16069999999999995
003.png,0.9297,1.0,1.0,0.9492,1.0,0.07030000000000003,0.07030000000000003,0.019500000000000073,0.07030000000000003
003.png,0.9297,1.0,1.0,0.9492,1.0,0.07030000000000003,0.07030000000000003,0.019500000000000073,0.07030000000000003
003.png,0.9297,1.0,1.0,0.9492,0.9869,0.07030000000000003,0.07030000000000003,0.019500000000000073,0.05720000000000003
003.png,0.9297,1.0,1.0,0.9492,0.769,0.07030000000000003,0.07030000000000003,0.019500000000000073,0.16069999999999995
003.png,0.9297,1.0,1.0,0.9492,1.0,0.07030000000000003,0.07030000000000003,0.019500000000000073,0.07030000000000003
003.png,0.9297,1.0,1.0,0.9492,1.0,0.07030000000000003,0.07030000000000003,0.019500000000000073,0.07030000000000003
003.png,0.9297,1.0,1.0,0.9492,0.9869,0.07030000000000003,0.07030000000000003,0.019500000000000073,0.05720000000000003
003.png,0.9297,1.0,1.0,0.9492,0.769,0.07030000000000003,0.07030000000000003,0.019500000000000073,0.16069999999999995
003.png,0.9297,1.0,1.0,0.9492,1.0,0.07030000000000003,0.07030000000000003,0.019500000000000073,0.07030000000000003
003.png,0.9297,1.0,1.0,0.9492,1.0,0.07030000000000003,0.07030000000000003,0.019500000000000073,0.07030000000000003
003.png,0.9297,1.0,1.0,0.9492,0.9869,0.07030000000000003,0.07030000000000003,0.019500000000000073,0.05720000000000003
003.png,0.9297,1.0,1.0,0.9492,0.769,0.07030000000000003,0.07030000000000003,0.019500000000000073,0.16069999999999995
003.png,0.9297,1.0,1.0,0.9492,1.0,0.07030000000000003,0.07030000000000003,0.019500000000000073,0.07030000000000003
003.png,0.9297,1.0,1.0,0.9492,1.0,0.07030000000000003,0.07030000000000003,0.019500000000000073,0.07030000000000003
003.png,0.9297,1.0,1.0,0.9492,0.9869,0.07030000000000003,0.07030000000000003,0.019500000000000073,0.05720000000000003
003.png,0.9297,1.0,1.0,0.9492,0.769,0.07030000000000003,0.07030000000000003,0.019500000000000073,0.16069999999999995
003.png,0.9297,1.0,1.0,0.9492,1.0,0.07030000000000003,0.07030000000000003,0.019500000000000073,0.07030000000000003
003.png,0.9297,1.0,1.0,0.9492,1.0,0.07030000000000003,0.07030000000000003,0.019500000000000073,0.07030000000000003
003.png,0.9297,1.0,1.0,0.9492,0.9869,0.07030000000000003,0.07030000000000003,0.019500000000000073,0.05720000000000003
003.png,0.9297,1.0,1.0,0.9492,0.769,0.07030000000000003,0.07030000000000003,0.019500000000000073,0.16069999999999995
003.png,0.9297,1.0,1.0,0.9492,1.0,0.07030000000000003,0.07030000000000003,0.019500000000000073,0.07030000000000003
003.png,0.9297,1.0,1.0,0.9492,1.0,0.07030000000000003,0.07030000000000003,0.019500000000000073,0.07030000000000003
003.png,0.9297,1.0,1.0,0.9492,0.9869,0.07030000000000003,0.07030000000000003,0.019500000000000073,0.05720000000000003
003.png,0.9297,1.0,1.0,0.9492,0.769,0.07030000000000003,0.07030000000000003,0.019500000000000073,0.16069999999999995
003.png,0.9297,1.0,1.0,0.9492,1.0,0.07030000000000003,0.07030000000000003,0.019500000000000073,0.07030000000000003
003.png,0.9297,1.0,1.0,0.9492,1.0,0.07030000000000003,0.07030000000000003,0.019500000000000073,0.07030000000000003
003.png,0.9297,1.0,1.0,0.9492,0.9869,0.07030000000000003,0.07030000000000003,0.019500000000000073,0.05720000000000003
003.png,0.9297,1.0,1.0,0.9492,0.769,0.07030000000000003,0.07030000000000003,0.019500000000000073,0.16069999999999995
003.png,0.9297,1.0,1.0,0.9492,1.0,0.07030000000000003,0.07030000000000003,0.019500000000000073,0.07030000000000003
003.png,0.9297,1.0,1.0,0.9492,1.0,0.07030000000000003,0.07030000000000003,0.019500000000000073,0.07030000000000003
003.png,0.9297,1.0,1.0,0.9492,0.9869,0.07030000000000003,0.07030000000000003,0.019500000000000073,0.05720000000000003
003.png,0.9297,1.0,1.0,0.9492,0.769,0.07030000000000003,0.07030000000000003,0.019500000000000073,0.16069999999999995
003.png,0.9297,1.0,1.0,0.9492,1.0,0.07030000000000003,0.07030000000000003,0.019500000000000073,0.07030000000000003
003.png,0.9297,1.0,1.0,0.9492,1.0,0.07030000000000003,0.07030000000000003,0.019500000000000073,0.07030000000000003
003.png,0.9297,1.0,1.0,0.9492,0.9869,0.07030000000000003,0.07030000000000003,0.019500000000000073,0.05720000000000003
003.png,0.9297,1.0,1.0,0.9492,0.769,0.07030000000000003,0.07030000000000003,0.019500000000000073,0.16069999999999995
003.png,0.9297,1.0,1.0,0.9492,1.0,0.07030000000000003,0.07030000000000003,0.019500000000000073,0.07030000000000003
002.png,0.9541,1.0,1.0,0.9177,1.0,0.04590000000000005,0.04590000000000005,0.03639999999999999,0.04590000000000005
002.png,0.9541,1.0,1.0,0.9177,1.0,0.04590000000000005,0.04590000000000005,0.03639999999999999,0.04590000000000005
002.png,0.9541,1.0,1.0,0.9177,0.8298,0.04590000000000005,0.04590000000000005,0.03639999999999999,0.12429999999999997
002.png,0.9541,1.0,1.0,0.9177,1.0,0.04590000000000005,0.04590000000000005,0.03639999999999999,0.04590000000000005
002.png,0.9541,1.0,1.0,0.9177,1.0,0.04590000000000005,0.04590000000000005,0.03639999999999999,0.04590000000000005
002.png,0.9541,1.0,1.0,0.9177,1.0,0.04590000000000005,0.04590000000000005,0.03639999999999999,0.04590000000000005
002.png,0.9541,1.0,1.0,0.9177,0.8298,0.04590000000000005,0.04590000000000005,0.03639999999999999,0.12429999999999997
002.png,0.9541,1.0,1.0,0.9177,1.0,0.04590000000000005,0.04590000000000005,0.03639999999999999,0.04590000000000005
002.png,0.9541,1.0,1.0,0.9177,1.0,0.04590000000000005,0.04590000000000005,0.03639999999999999,0.04590000000000005
002.png,0.9541,1.0,1.0,0.9177,1.0,0.04590000000000005,0.04590000000000005,0.03639999999999999,0.04590000000000005
002.png,0.9541,1.0,1.0,0.9177,0.8298,0.04590000000000005,0.04590000000000005,0.03639999999999999,0.12429999999999997
002.png,0.9541,1.0,1.0,0.9177,1.0,0.04590000000000005,0.04590000000000005,0.03639999999999999,0.04590000000000005
002.png,0.9541,1.0,1.0,0.9177,1.0,0.04590000000000005,0.04590000000000005,0.03639999999999999,0.04590000000000005
002.png,0.9541,1.0,1.0,0.9177,1.0,0.04590000000000005,0.04590000000000005,0.03639999999999999,0.04590000000000005
002.png,0.9541,1.0,1.0,0.9177,0.8298,0.04590000000000005,0.04590000000000005,0.03639999999999999,0.12429999999999997
002.png,0.9541,1.0,1.0,0.9177,1.0,0.04590000000000005,0.04590000000000005,0.03639999999999999,0.04590000000000005
002.png,0.9541,1.0,1.0,0.9177,1.0,0.04590000000000005,0.04590000000000005,0.03639999999999999,0.04590000000000005
002.png,0.9541,1.0,1.0,0.9177,1.0,0.04590000000000005,0.04590000000000005,0.03639999999999999,0.04590000000000005
002.png,0.9541,1.0,1.0,0.9177,0.8298,0.04590000000000005,0.04590000000000005,0.03639999999999999,0.12429999999999997
002.png,0.9541,1.0,1.0,0.9177,1.0,0.04590000000000005,0.04590000000000005,0.03639999999999999,0.04590000000000005
002.png,0.9541,1.0,1.0,0.9177,1.0,0.04590000000000005,0.04590000000000005,0.03639999999999999,0.04590000000000005
002.png,0.9541,1.0,1.0,0.9177,1.0,0.04590000000000005,0.04590000000000005,0.03639999999999999,0.04590000000000005
002.png,0.9541,1.0,1.0,0.9177,0.8298,0.04590000000000005,0.04590000000000005,0.03639999999999999,0.12429999999999997
002.png,0.9541,1.0,1.0,0.9177,1.0,0.04590000000000005,0.04590000000000005,0.03639999999999999,0.04590000000000005
002.png,0.9541,1.0,1.0,0.9177,1.0,0.04590000000000005,0.04590000000000005,0.03639999999999999,0.04590000000000005
002.png,0.9541,1.0,1.0,0.9177,1.0,0.04590000000000005,0.04590000000000005,0.03639999999999999,0.04590000000000005
002.png,0.9541,1.0,1.0,0.9177,0.8298,0.04590000000000005,0.04590000000000005,0.03639999999999999,0.12429999999999997
002.png,0.9541,1.0,1.0,0.9177,1.0,0.04590000000000005,0.04590000000000005,0.03639999999999999,0.04590000000000005
002.png,0.9541,1.0,1.0,0.9177,1.0,0.04590000000000005,0.04590000000000005,0.03639999999999999,0.04590000000000005
002.png,0.9541,1.0,1.0,0.9177,1.0,0.04590000000000005,0.04590000000000005,0.03639999999999999,0.04590000000000005
002.png,0.9541,1.0,1.0,0.9177,0.8298,0.04590000000000005,0.04590000000000005,0.03639999999999999,0.12429999999999997
002.png,0.9541,1.0,1.0,0.9177,1.0,0.04590000000000005,0.04590000000000005,0.03639999999999999,0.04590000000000005
002.png,0.9541,1.0,1.0,0.9177,1.0,0.04590000000000005,0.04590000000000005,0.03639999999999999,0.04590000000000005
002.png,0.9541,1.0,1.0,0.9177,1.0,0.04590000000000005,0.04590000000000005,0.03639999999999999,0.04590000000000005
002.png,0.9541,1.0,1.0,0.9177,0.8298,0.04590000000000005,0.04590000000000005,0.03639999999999999,0.12429999999999997
002.png,0.9541,1.0,1.0,0.9177,1.0,0.04590000000000005,0.04590000000000005,0.03639999999999999,0.04590000000000005
002.png,0.9541,1.0,1.0,0.9177,1.0,0.04590000000000005,0.04590000000000005,0.03639999999999999,0.04590000000000005
002.png,0.9541,1.0,1.0,0.9177,1.0,0.04590000000000005,0.04590000000000005,0.03639999999999999,0.04590000000000005
002.png,0.9541,1.0,1.0,0.9177,0.8298,0.04590000000000005,0.04590000000000005,0.03639999999999999,0.12429999999999997
002.png,0.9541,1.0,1.0,0.9177,1.0,0.04590000000000005,0.04590000000000005,0.03639999999999999,0.04590000000000005
002.png,0.9541,1.0,1.0,0.9177,1.0,0.04590000000000005,0.04590000000000005,0.03639999999999999,0.04590000000000005
002.png,0.9541,1.0,1.0,0.9177,1.0,0.04590000000000005,0.04590000000000005,0.03639999999999999,0.04590000000000005
002.png,0.9541,1.0,1.0,0.9177,0.8298,0.04590000000000005,0.04590000000000005,0.03639999999999999,0.12429999999999997
002.png,0.9541,1.0,1.0,0.9177,1.0,0.04590000000000005,0.04590000000000005,0.03639999999999999,0.04590000000000005
002.png,0.9541,1.0,1.0,0.9177,1.0,0.04590000000000005,0.04590000000000005,0.03639999999999999,0.04590000000000005
002.png,0.9541,1.0,1.0,0.9177,1.0,0.04590000000000005,0.04590000000000005,0.03639999999999999,0.04590000000000005
002.png,0.9541,1.0,1.0,0.9177,0.8298,0.04590000000000005,0.04590000000000005,0.03639999999999999,0.12429999999999997
002.png,0.9541,1.0,1.0,0.9177,1.0,0.04590000000000005,0.04590000000000005,0.03639999999999999,0.04590000000000005
002.png,0.9541,1.0,1.0,0.9177,1.0,0.04590000000000005,0.04590000000000005,0.03639999999999999,0.04590000000000005
002.png,0.9541,1.0,1.0,0.9177,1.0,0.04590000000000005,0.04590000000000005,0.03639999999999999,0.04590000000000005
002.png,0.9541,1.0,1.0,0.9177,0.8298,0.04590000000000005,0.04590000000000005,0.03639999999999999,0.12429999999999997
002.png,0.9541,1.0,1.0,0.9177,1.0,0.04590000000000005,0.04590000000000005,0.03639999999999999,0.04590000000000005
002.png,0.9541,1.0,1.0,0.9177,1.0,0.04590000000000005,0.04590000000000005,0.03639999999999999,0.04590000000000005
002.png,0.9541,1.0,1.0,0.9177,1.0,0.04590000000000005,0.04590000000000005,0.03639999999999999,0.04590000000000005
002.png,0.9541,1.0,1.0,0.9177,0.8298,0.04590000000000005,0.04590000000000005,0.03639999999999999,0.12429999999999997
002.png,0.9541,1.0,1.0,0.9177,1.0,0.04590000000000005,0.04590000000000005,0.03639999999999999,0.04590000000000005
002.png,0.9541,1.0,1.0,0.9177,1.0,0.04590000000000005,0.04590000000000005,0.03639999999999999,0.04590000000000005
002.png,0.9541,1.0,1.0,0.9177,1.0,0.04590000000000005,0.04590000000000005,0.03639999999999999,0.04590000000000005
002.png,0.9541,1.0,1.0,0.9177,0.8298,0.04590000000000005,0.04590000000000005,0.03639999999999999,0.12429999999999997
002.png,0.9541,1.0,1.0,0.9177,1.0,0.04590000000000005,0.04590000000000005,0.03639999999999999,0.04590000000000005
002.png,0.9541,1.0,1.0,0.9177,1.0,0.04590000000000005,0.04590000000000005,0.03639999999999999,0.04590000000000005
002.png,0.9541,1.0,1.0,0.9177,1.0,0.04590000000000005,0.04590000000000005,0.03639999999999999,0.04590000000000005
002.png,0.9541,1.0,1.0,0.9177,0.8298,0.04590000000000005,0.04590000000000005,0.03639999999999999,0.12429999999999997
002.png,0.9541,1.0,1.0,0.9177,1.0,0.04590000000000005,0.04590000000000005,0.03639999999999999,0.04590000000000005
015.png,0.9573,1.0,1.0,0.9089,1.0,0.04269999999999996,0.04269999999999996,0.0484,0.04269999999999996
015.png,0.9573,1.0,1.0,0.9089,1.0,0.04269999999999996,0.04269999999999996,0.0484,0.04269999999999996
015.png,0.9573,1.0,1.0,0.9089,0.8991,0.04269999999999996,0.04269999999999996,0.0484,0.05820000000000003
015.png,0.9573,1.0,1.0,0.9089,1.0,0.04269999999999996,0.04269999999999996,0.0484,0.04269999999999996
015.png,0.9573,1.0,1.0,0.9089,1.0,0.04269999999999996,0.04269999999999996,0.0484,0.04269999999999996
015.png,0.9573,1.0,1.0,0.9089,1.0,0.04269999999999996,0.04269999999999996,0.0484,0.04269999999999996
015.png,0.9573,1.0,1.0,0.9089,0.8991,0.04269999999999996,0.04269999999999996,0.0484,0.05820000000000003
015.png,0.9573,1.0,1.0,0.9089,1.0,0.04269999999999996,0.04269999999999996,0.0484,0.04269999999999996
015.png,0.9573,1.0,1.0,0.9089,1.0,0.04269999999999996,0.04269999999999996,0.0484,0.04269999999999996
015.png,0.9573,1.0,1.0,0.9089,1.0,0.04269999999999996,0.04269999999999996,0.0484,0.04269999999999996
015.png,0.9573,1.0,1.0,0.9089,0.8991,0.04269999999999996,0.04269999999999996,0.0484,0.05820000000000003
015.png,0.9573,1.0,1.0,0.9089,1.0,0.04269999999999996,0.04269999999999996,0.0484,0.04269999999999996
015.png,0.9573,1.0,1.0,0.9089,1.0,0.04269999999999996,0.04269999999999996,0.0484,0.04269999999999996
015.png,0.9573,1.0,1.0,0.9089,1.0,0.04269999999999996,0.04269999999999996,0.0484,0.04269999999999996
015.png,0.9573,1.0,1.0,0.9089,0.8991,0.04269999999999996,0.04269999999999996,0.0484,0.05820000000000003
015.png,0.9573,1.0,1.0,0.9089,1.0,0.04269999999999996,0.04269999999999996,0.0484,0.04269999999999996
015.png,0.9573,1.0,1.0,0.9089,1.0,0.04269999999999996,0.04269999999999996,0.0484,0.04269999999999996
015.png,0.9573,1.0,1.0,0.9089,1.0,0.04269999999999996,0.04269999999999996,0.0484,0.04269999999999996
015.png,0.9573,1.0,1.0,0.9089,0.8991,0.04269999999999996,0.04269999999999996,0.0484,0.05820000000000003
015.png,0.9573,1.0,1.0,0.9089,1.0,0.04269999999999996,0.04269999999999996,0.0484,0.04269999999999996
015.png,0.9573,1.0,1.0,0.9089,1.0,0.04269999999999996,0.04269999999999996,0.0484,0.04269999999999996
015.png,0.9573,1.0,1.0,0.9089,1.0,0.04269999999999996,0.04269999999999996,0.0484,0.04269999999999996
015.png,0.9573,1.0,1.0,0.9089,0.8991,0.04269999999999996,0.04269999999999996,0.0484,0.05820000000000003
015.png,0.9573,1.0,1.0,0.9089,1.0,0.04269999999999996,0.04269999999999996,0.0484,0.04269999999999996
015.png,0.9573,1.0,1.0,0.9089,1.0,0.04269999999999996,0.04269999999999996,0.0484,0.04269999999999996
015.png,0.9573,1.0,1.0,0.9089,1.0,0.04269999999999996,0.04269999999999996,0.0484,0.04269999999999996
015.png,0.9573,1.0,1.0,0.9089,0.8991,0.04269999999999996,0.04269999999999996,0.0484,0.05820000000000003
015.png,0.9573,1.0,1.0,0.9089,1.0,0.04269999999999996,0.04269999999999996,0.0484,0.04269999999999996
015.png,0.9573,1.0,1.0,0.9089,1.0,0.04269999999999996,0.04269999999999996,0.0484,0.04269999999999996
015.png,0.9573,1.0,1.0,0.9089,1.0,0.04269999999999996,0.04269999999999996,0.0484,0.04269999999999996
015.png,0.9573,1.0,1.0,0.9089,0.8991,0.04269999999999996,0.04269999999999996,0.0484,0.05820000000000003
015.png,0.9573,1.0,1.0,0.9089,1.0,0.04269999999999996,0.04269999999999996,0.0484,0.04269999999999996
015.png,0.9573,1.0,1.0,0.9089,1.0,0.04269999999999996,0.04269999999999996,0.0484,0.04269999999999996
015.png,0.9573,1.0,1.0,0.9089,1.0,0.04269999999999996,0.04269999999999996,0.0484,0.04269999999999996
015.png,0.9573,1.0,1.0,0.9089,0.8991,0.04269999999999996,0.04269999999999996,0.0484,0.05820000000000003
015.png,0.9573,1.0,1.0,0.9089,1.0,0.04269999999999996,0.04269999999999996,0.0484,0.04269999999999996
015.png,0.9573,1.0,1.0,0.9089,1.0,0.04269999999999996,0.04269999999999996,0.0484,0.04269999999999996
015.png,0.9573,1.0,1.0,0.9089,1.0,0.04269999999999996,0.04269999999999996,0.0484,0.04269999999999996
015.png,0.9573,1.0,1.0,0.9089,0.8991,0.04269999999999996,0.04269999999999996,0.0484,0.05820000000000003
015.png,0.9573,1.0,1.0,0.9089,1.0,0.04269999999999996,0.04269999999999996,0.0484,0.04269999999999996
015.png,0.9573,1.0,1.0,0.9089,1.0,0.04269999999999996,0.04269999999999996,0.0484,0.04269999999999996
015.png,0.9573,1.0,1.0,0.9089,1.0,0.04269999999999996,0.04269999999999996,0.0484,0.04269999999999996
015.png,0.9573,1.0,1.0,0.9089,0.8991,0.04269999999999996,0.04269999999999996,0.0484,0.05820000000000003
015.png,0.9573,1.0,1.0,0.9089,1.0,0.04269999999999996,0.04269999999999996,0.0484,0.04269999999999996
015.png,0.9573,1.0,1.0,0.9089,1.0,0.04269999999999996,0.04269999999999996,0.0484,0.04269999999999996
015.png,0.9573,1.0,1.0,0.9089,1.0,0.04269999999999996,0.04269999999999996,0.0484,0.04269999999999996
015.png,0.9573,1.0,1.0,0.9089,0.8991,0.04269999999999996,0.04269999999999996,0.0484,0.05820000000000003
015.png,0.9573,1.0,1.0,0.9089,1.0,0.04269999999999996,0.04269999999999996,0.0484,0.04269999999999996
015.png,0.9573,1.0,1.0,0.9089,1.0,0.04269999999999996,0.04269999999999996,0.0484,0.04269999999999996
015.png,0.9573,1.0,1.0,0.9089,1.0,0.04269999999999996,0.04269999999999996,0.0484,0.04269999999999996
015.png,0.9573,1.0,1.0,0.9089,0.8991,0.04269999999999996,0.04269999999999996,0.0484,0.05820000000000003
015.png,0.9573,1.0,1.0,0.9089,1.0,0.04269999999999996,0.04269999999999996,0.0484,0.04269999999999996
015.png,0.9573,1.0,1.0,0.9089,1.0,0.04269999999999996,0.04269999999999996,0.0484,0.04269999999999996
015.png,0.9573,1.0,1.0,0.9089,1.0,0.04269999999999996,0.04269999999999996,0.0484,0.04269999999999996
015.png,0.9573,1.0,1.0,0.9089,0.8991,0.04269999999999996,0.04269999999999996,0.0484,0.05820000000000003
015.png,0.9573,1.0,1.0,0.9089,1.0,0.04269999999999996,0.04269999999999996,0.0484,0.04269999999999996
015.png,0.9573,1.0,1.0,0.9089,1.0,0.04269999999999996,0.04269999999999996,0.0484,0.04269999999999996
015.png,0.9573,1.0,1.0,0.9089,1.0,0.04269999999999996,0.04269999999999996,0.0484,0.04269999999999996
015.png,0.9573,1.0,1.0,0.9089,0.8991,0.04269999999999996,0.04269999999999996,0.0484,0.05820000000000003
015.png,0.9573,1.0,1.0,0.9089,1.0,0.04269999999999996,0.04269999999999996,0.0484,0.04269999999999996
015.png,0.9573,1.0,1.0,0.9089,1.0,0.04269999999999996,0.04269999999999996,0.0484,0.04269999999999996
015.png,0.9573,1.0,1.0,0.9089,1.0,0.04269999999999996,0.04269999999999996,0.0484,0.04269999999999996
015.png,0.9573,1.0,1.0,0.9089,0.8991,0.04269999999999996,0.04269999999999996,0.0484,0.05820000000000003
015.png,0.9573,1.0,1.0,0.9089,1.0,0.04269999999999996,0.04269999999999996,0.0484,0.04269999999999996
019.png,0.9006,1.0,1.0,0.9553,1.0,0.09940000000000004,0.09940000000000004,0.05470000000000008,0.09940000000000004
019.png,0.9006,1.0,1.0,0.9553,1.0,0.09940000000000004,0.09940000000000004,0.05470000000000008,0.09940000000000004
019.png,0.9006,1.0,1.0,0.9553,0.7865,0.09940000000000004,0.09940000000000004,0.05470000000000008,0.11409999999999998
019.png,0.9006,1.0,1.0,0.9553,1.0,0.09940000000000004,0.09940000000000004,0.05470000000000008,0.09940000000000004
019.png,0.9006,1.0,1.0,0.9553,1.0,0.09940000000000004,0.09940000000000004,0.05470000000000008,0.09940000000000004
019.png,0.9006,1.0,1.0,0.9553,1.0,0.09940000000000004,0.09940000000000004,0.05470000000000008,0.09940000000000004
019.png,0.9006,1.0,1.0,0.9553,0.7865,0.09940000000000004,0.09940000000000004,0.05470000000000008,0.11409999999999998
019.png,0.9006,1.0,1.0,0.9553,1.0,0.09940000000000004,0.09940000000000004,0.05470000000000008,0.09940000000000004
019.png,0.9006,1.0,1.0,0.9553,1.0,0.09940000000000004,0.09940000000000004,0.05470000000000008,0.09940000000000004
019.png,0.9006,1.0,1.0,0.9553,1.0,0.09940000000000004,0.09940000000000004,0.05470000000000008,0.09940000000000004
019.png,0.9006,1.0,1.0,0.9553,0.7865,0.09940000000000004,0.09940000000000004,0.05470000000000008,0.11409999999999998
019.png,0.9006,1.0,1.0,0.9553,1.0,0.09940000000000004,0.09940000000000004,0.05470000000000008,0.09940000000000004
019.png,0.9006,1.0,1.0,0.9553,1.0,0.09940000000000004,0.09940000000000004,0.05470000000000008,0.09940000000000004
019.png,0.9006,1.0,1.0,0.9553,1.0,0.09940000000000004,0.09940000000000004,0.05470000000000008,0.09940000000000004
019.png,0.9006,1.0,1.0,0.9553,0.7865,0.09940000000000004,0.09940000000000004,0.05470000000000008,0.11409999999999998
019.png,0.9006,1.0,1.0,0.9553,1.0,0.09940000000000004,0.09940000000000004,0.05470000000000008,0.09940000000000004
019.png,0.9006,1.0,1.0,0.9553,1.0,0.09940000000000004,0.09940000000000004,0.05470000000000008,0.09940000000000004
019.png,0.9006,1.0,1.0,0.9553,1.0,0.09940000000000004,0.09940000000000004,0.05470000000000008,0.09940000000000004
019.png,0.9006,1.0,1.0,0.9553,0.7865,0.09940000000000004,0.09940000000000004,0.05470000000000008,0.11409999999999998
019.png,0.9006,1.0,1.0,0.9553,1.0,0.09940000000000004,0.09940000000000004,0.05470000000000008,0.09940000000000004
019.png,0.9006,1.0,1.0,0.9553,1.0,0.09940000000000004,0.09940000000000004,0.05470000000000008,0.09940000000000004
019.png,0.9006,1.0,1.0,0.9553,1.0,0.09940000000000004,0.09940000000000004,0.05470000000000008,0.09940000000000004
019.png,0.9006,1.0,1.0,0.9553,0.7865,0.09940000000000004,0.09940000000000004,0.05470000000000008,0.11409999999999998
019.png,0.9006,1.0,1.0,0.9553,1.0,0.09940000000000004,0.09940000000000004,0.05470000000000008,0.09940000000000004
019.png,0.9006,1.0,1.0,0.9553,1.0,0.09940000000000004,0.09940000000000004,0.05470000000000008,0.09940000000000004
019.png,0.9006,1.0,1.0,0.9553,1.0,0.09940000000000004,0.09940000000000004,0.05470000000000008,0.09940000000000004
019.png,0.9006,1.0,1.0,0.9553,0.7865,0.09940000000000004,0.09940000000000004,0.05470000000000008,0.11409999999999998
019.png,0.9006,1.0,1.0,0.9553,1.0,0.09940000000000004,0.09940000000000004,0.05470000000000008,0.09940000000000004
019.png,0.9006,1.0,1.0,0.9553,1.0,0.09940000000000004,0.09940000000000004,0.05470000000000008,0.09940000000000004
019.png,0.9006,1.0,1.0,0.9553,1.0,0.09940000000000004,0.09940000000000004,0.05470000000000008,0.09940000000000004
019.png,0.9006,1.0,1.0,0.9553,0.7865,0.09940000000000004,0.09940000000000004,0.05470000000000008,0.11409999999999998
019.png,0.9006,1.0,1.0,0.9553,1.0,0.09940000000000004,0.09940000000000004,0.05470000000000008,0.09940000000000004
019.png,0.9006,1.0,1.0,0.9553,1.0,0.09940000000000004,0.09940000000000004,0.05470000000000008,0.09940000000000004
019.png,0.9006,1.0,1.0,0.9553,1.0,0.09940000000000004,0.09940000000000004,0.05470000000000008,0.09940000000000004
019.png,0.9006,1.0,1.0,0.9553,0.7865,0.09940000000000004,0.09940000000000004,0.05470000000000008,0.11409999999999998
019.png,0.9006,1.0,1.0,0.9553,1.0,0.09940000000000004,0.09940000000000004,0.05470000000000008,0.09940000000000004
019.png,0.9006,1.0,1.0,0.9553,1.0,0.09940000000000004,0.09940000000000004,0.05470000000000008,0.09940000000000004
019.png,0.9006,1.0,1.0,0.9553,1.0,0.09940000000000004,0.09940000000000004,0.05470000000000008,0.09940000000000004
019.png,0.9006,1.0,1.0,0.9553,0.7865,0.09940000000000004,0.09940000000000004,0.05470000000000008,0.11409999999999998
019.png,0.9006,1.0,1.0,0.9553,1.0,0.09940000000000004,0.09940000000000004,0.05470000000000008,0.09940000000000004
019.png,0.9006,1.0,1.0,0.9553,1.0,0.09940000000000004,0.09940000000000004,0.05470000000000008,0.09940000000000004
019.png,0.9006,1.0,1.0,0.9553,1.0,0.09940000000000004,0.09940000000000004,0.05470000000000008,0.09940000000000004
019.png,0.9006,1.0,1.0,0.9553,0.7865,0.09940000000000004,0.09940000000000004,0.05470000000000008,0.11409999999999998
019.png,0.9006,1.0,1.0,0.9553,1.0,0.09940000000000004,0.09940000000000004,0.05470000000000008,0.09940000000000004
019.png,0.9006,1.0,1.0,0.9553,1.0,0.09940000000000004,0.09940000000000004,0.05470000000000008,0.09940000000000004
019.png,0.9006,1.0,1.0,0.9553,1.0,0.09940000000000004,0.09940000000000004,0.05470000000000008,0.09940000000000004
019.png,0.9006,1.0,1.0,0.9553,0.7865,0.09940000000000004,0.09940000000000004,0.05470000000000008,0.11409999999999998
019.png,0.9006,1.0,1.0,0.9553,1.0,0.09940000000000004,0.09940000000000004,0.05470000000000008,0.09940000000000004
019.png,0.9006,1.0,1.0,0.9553,1.0,0.09940000000000004,0.09940000000000004,0.05470000000000008,0.09940000000000004
019.png,0.9006,1.0,1.0,0.9553,1.0,0.09940000000000004,0.09940000000000004,0.05470000000000008,0.09940000000000004
019.png,0.9006,1.0,1.0,0.9553,0.7865,0.09940000000000004,0.09940000000000004,0.05470000000000008,0.11409999999999998
019.png,0.9006,1.0,1.0,0.9553,1.0,0.09940000000000004,0.09940000000000004,0.05470000000000008,0.09940000000000004
019.png,0.9006,1.0,1.0,0.9553,1.0,0.09940000000000004,0.09940000000000004,0.05470000000000008,0.09940000000000004
019.png,0.9006,1.0,1.0,0.9553,1.0,0.09940000000000004,0.09940000000000004,0.05470000000000008,0.09940000000000004
019.png,0.9006,1.0,1.0,0.9553,0.7865,0.09940000000000004,0.09940000000000004,0.05470000000000008,0.11409999999999998
019.png,0.9006,1.0,1.0,0.9553,1.0,0.09940000000000004,0.09940000000000004,0.05470000000000008,0.09940000000000004
019.png,0.9006,1.0,1.0,0.9553,1.0,0.09940000000000004,0.09940000000000004,0.05470000000000008,0.09940000000000004
019.png,0.9006,1.0,1.0,0.9553,1.0,0.09940000000000004,0.09940000000000004,0.05470000000000008,0.09940000000000004
019.png,0.9006,1.0,1.0,0.9553,0.7865,0.09940000000000004,0.09940000000000004,0.05470000000000008,0.11409999999999998
019.png,0.9006,1.0,1.0,0.9553,1.0,0.09940000000000004,0.09940000000000004,0.05470000000000008,0.09940000000000004
019.png,0.9006,1.0,1.0,0.9553,1.0,0.09940000000000004,0.09940000000000004,0.05470000000000008,0.09940000000000004
019.png,0.9006,1.0,1.0,0.9553,1.0,0.09940000000000004,0.09940000000000004,0.05470000000000008,0.09940000000000004
019.png,0.9006,1.0,1.0,0.9553,0.7865,0.09940000000000004,0.09940000000000004,0.05470000000000008,0.11409999999999998
019.png,0.9006,1.0,1.0,0.9553,1.0,0.09940000000000004,0.09940000000000004,0.05470000000000008,0.09940000000000004
004.png,0.9478,1.0,1.0,0.9764,1.0,0.052200000000000024,0.052200000000000024,0.02860000000000007,0.052200000000000024
004.png,0.9478,1.0,1.0,0.9764,1.0,0.052200000000000024,0.052200000000000024,0.02860000000000007,0.052200000000000024
004.png,0.9478,1.0,1.0,0.9764,0.6662,0.052200000000000024,0.052200000000000024,0.02860000000000007,0.28159999999999996
004.png,0.9478,1.0,1.0,0.9764,1.0,0.052200000000000024,0.052200000000000024,0.02860000000000007,0.052200000000000024
004.png,0.9478,1.0,1.0,0.9764,1.0,0.052200000000000024,0.052200000000000024,0.02860000000000007,0.052200000000000024
004.png,0.9478,1.0,1.0,0.9764,1.0,0.052200000000000024,0.052200000000000024,0.02860000000000007,0.052200000000000024
004.png,0.9478,1.0,1.0,0.9764,0.6662,0.052200000000000024,0.052200000000000024,0.02860000000000007,0.28159999999999996
004.png,0.9478,1.0,1.0,0.9764,1.0,0.052200000000000024,0.052200000000000024,0.02860000000000007,0.052200000000000024
004.png,0.9478,1.0,1.0,0.9764,1.0,0.052200000000000024,0.052200000000000024,0.02860000000000007,0.052200000000000024
004.png,0.9478,1.0,1.0,0.9764,1.0,0.052200000000000024,0.052200000000000024,0.02860000000000007,0.052200000000000024
004.png,0.9478,1.0,1.0,0.9764,0.6662,0.052200000000000024,0.052200000000000024,0.02860000000000007,0.28159999999999996
004.png,0.9478,1.0,1.0,0.9764,1.0,0.052200000000000024,0.052200000000000024,0.02860000000000007,0.052200000000000024
004.png,0.9478,1.0,1.0,0.9764,1.0,0.052200000000000024,0.052200000000000024,0.02860000000000007,0.052200000000000024
004.png,0.9478,1.0,1.0,0.9764,1.0,0.052200000000000024,0.052200000000000024,0.02860000000000007,0.052200000000000024
004.png,0.9478,1.0,1.0,0.9764,0.6662,0.052200000000000024,0.052200000000000024,0.02860000000000007,0.28159999999999996
004.png,0.9478,1.0,1.0,0.9764,1.0,0.052200000000000024,0.052200000000000024,0.02860000000000007,0.052200000000000024
004.png,0.9478,1.0,1.0,0.9764,1.0,0.052200000000000024,0.052200000000000024,0.02860000000000007,0.052200000000000024
004.png,0.9478,1.0,1.0,0.9764,1.0,0.052200000000000024,0.052200000000000024,0.02860000000000007,0.052200000000000024
004.png,0.9478,1.0,1.0,0.9764,0.6662,0.052200000000000024,0.052200000000000024,0.02860000000000007,0.28159999999999996
004.png,0.9478,1.0,1.0,0.9764,1.0,0.052200000000000024,0.052200000000000024,0.02860000000000007,0.052200000000000024
004.png,0.9478,1.0,1.0,0.9764,1.0,0.052200000000000024,0.052200000000000024,0.02860000000000007,0.052200000000000024
004.png,0.9478,1.0,1.0,0.9764,1.0,0.052200000000000024,0.052200000000000024,0.02860000000000007,0.052200000000000024
004.png,0.9478,1.0,1.0,0.9764,0.6662,0.052200000000000024,0.052200000000000024,0.02860000000000007,0.28159999999999996
004.png,0.9478,1.0,1.0,0.9764,1.0,0.052200000000000024,0.052200000000000024,0.02860000000000007,0.052200000000000024
004.png,0.9478,1.0,1.0,0.9764,1.0,0.052200000000000024,0.052200000000000024,0.02860000000000007,0.052200000000000024
004.png,0.9478,1.0,1.0,0.9764,1.0,0.052200000000000024,0.052200000000000024,0.02860000000000007,0.052200000000000024
004.png,0.9478,1.0,1.0,0.9764,0.6662,0.052200000000000024,0.052200000000000024,0.02860000000000007,0.28159999999999996
004.png,0.9478,1.0,1.0,0.9764,1.0,0.052200000000000024,0.052200000000000024,0.02860000000000007,0.052200000000000024
004.png,0.9478,1.0,1.0,0.9764,1.0,0.052200000000000024,0.052200000000000024,0.02860000000000007,0.052200000000000024
004.png,0.9478,1.0,1.0,0.9764,1.0,0.052200000000000024,0.052200000000000024,0.02860000000000007,0.052200000000000024
004.png,0.9478,1.0,1.0,0.9764,0.6662,0.052200000000000024,0.052200000000000024,0.02860000000000007,0.28159999999999996
004.png,0.9478,1.0,1.0,0.9764,1.0,0.052200000000000024,0.052200000000000024,0.02860000000000007,0.052200000000000024
004.png,0.9478,1.0,1.0,0.9764,1.0,0.052200000000000024,0.052200000000000024,0.02860000000000007,0.052200000000000024
004.png,0.9478,1.0,1.0,0.9764,1.0,0.052200000000000024,0.052200000000000024,0.02860000000000007,0.052200000000000024
004.png,0.9478,1.0,1.0,0.9764,0.6662,0.052200000000000024,0.052200000000000024,0.02860000000000007,0.28159999999999996
004.png,0.9478,1.0,1.0,0.9764,1.0,0.052200000000000024,0.052200000000000024,0.02860000000000007,0.052200000000000024
004.png,0.9478,1.0,1.0,0.9764,1.0,0.052200000000000024,0.052200000000000024,0.02860000000000007,0.052200000000000024
004.png,0.9478,1.0,1.0,0.9764,1.0,0.052200000000000024,0.052200000000000024,0.02860000000000007,0.052200000000000024
004.png,0.9478,1.0,1.0,0.9764,0.6662,0.052200000000000024,0.052200000000000024,0.02860000000000007,0.28159999999999996
004.png,0.9478,1.0,1.0,0.9764,1.0,0.052200000000000024,0.052200000000000024,0.02860000000000007,0.052200000000000024
004.png,0.9478,1.0,1.0,0.9764,1.0,0.052200000000000024,0.052200000000000024,0.02860000000000007,0.052200000000000024
004.png,0.9478,1.0,1.0,0.9764,1.0,0.052200000000000024,0.052200000000000024,0.02860000000000007,0.052200000000000024
004.png,0.9478,1.0,1.0,0.9764,0.6662,0.052200000000000024,0.052200000000000024,0.02860000000000007,0.28159999999999996
004.png,0.9478,1.0,1.0,0.9764,1.0,0.052200000000000024,0.052200000000000024,0.02860000000000007,0.052200000000000024
004.png,0.9478,1.0,1.0,0.9764,1.0,0.052200000000000024,0.052200000000000024,0.02860000000000007,0.052200000000000024
004.png,0.9478,1.0,1.0,0.9764,1.0,0.052200000000000024,0.052200000000000024,0.02860000000000007,0.052200000000000024
004.png,0.9478,1.0,1.0,0.9764,0.6662,0.052200000000000024,0.052200000000000024,0.02860000000000007,0.28159999999999996
004.png,0.9478,1.0,1.0,0.9764,1.0,0.052200000000000024,0.052200000000000024,0.02860000000000007,0.052200000000000024
004.png,0.9478,1.0,1.0,0.9764,1.0,0.052200000000000024,0.052200000000000024,0.02860000000000007,0.052200000000000024
004.png,0.9478,1.0,1.0,0.9764,1.0,0.052200000000000024,0.052200000000000024,0.02860000000000007,0.052200000000000024
004.png,0.9478,1.0,1.0,0.9764,0.6662,0.052200000000000024,0.052200000000000024,0.02860000000000007,0.28159999999999996
004.png,0.9478,1.0,1.0,0.9764,1.0,0.052200000000000024,0.052200000000000024,0.02860000000000007,0.052200000000000024
004.png,0.9478,1.0,1.0,0.9764,1.0,0.052200000000000024,0.052200000000000024,0.02860000000000007,0.052200000000000024
004.png,0.9478,1.0,1.0,0.9764,1.0,0.052200000000000024,0.052200000000000024,0.02860000000000007,0.052200000000000024
004.png,0.9478,1.0,1.0,0.9764,0.6662,0.052200000000000024,0.052200000000000024,0.02860000000000007,0.28159999999999996
004.png,0.9478,1.0,1.0,0.9764,1.0,0.052200000000000024,0.052200000000000024,0.02860000000000007,0.052200000000000024
004.png,0.9478,1.0,1.0,0.9764,1.0,0.052200000000000024,0.052200000000000024,0.02860000000000007,0.052200000000000024
004.png,0.9478,1.0,1.0,0.9764,1.0,0.052200000000000024,0.052200000000000024,0.02860000000000007,0.052200000000000024
004.png,0.9478,1.0,1.0,0.9764,0.6662,0.052200000000000024,0.052200000000000024,0.02860000000000007,0.28159999999999996
004.png,0.9478,1.0,1.0,0.9764,1.0,0.052200000000000024,0.052200000000000024,0.02860000000000007,0.052200000000000024
004.png,0.9478,1.0,1.0,0.9764,1.0,0.052200000000000024,0.052200000000000024,0.02860000000000007,0.052200000000000024
004.png,0.9478,1.0,1.0,0.9764,1.0,0.052200000000000024,0.052200000000000024,0.02860000000000007,0.052200000000000024
004.png,0.9478,1.0,1.0,0.9764,0.6662,0.052200000000000024,0.052200000000000024,0.02860000000000007,0.28159999999999996
004.png,0.9478,1.0,1.0,0.9764,1.0,0.052200000000000024,0.052200000000000024,0.02860000000000007,0.052200000000000024
007.png,0.8953,1.0,1.0,0.8703,1.0,0.10470000000000002,0.10470000000000002,0.025000000000000022,0.10470000000000002
007.png,0.8953,1.0,1.0,0.8703,1.0,0.10470000000000002,0.10470000000000002,0.025000000000000022,0.10470000000000002
007.png,0.8953,1.0,1.0,0.8703,0.8596,0.10470000000000002,0.10470000000000002,0.025000000000000022,0.035699999999999954
007.png,0.8953,1.0,1.0,0.8703,1.0,0.10470000000000002,0.10470000000000002,0.025000000000000022,0.10470000000000002
007.png,0.8953,1.0,1.0,0.8703,1.0,0.10470000000000002,0.10470000000000002,0.025000000000000022,0.10470000000000002
007.png,0.8953,1.0,1.0,0.8703,1.0,0.10470000000000002,0.10470000000000002,0.025000000000000022,0.10470000000000002
007.png,0.8953,1.0,1.0,0.8703,0.8596,0.10470000000000002,0.10470000000000002,0.025000000000000022,0.035699999999999954
007.png,0.8953,1.0,1.0,0.8703,1.0,0.10470000000000002,0.10470000000000002,0.025000000000000022,0.10470000000000002
007.png,0.8953,1.0,0.8681,0.8703,1.0,0.10470000000000002,0.027200000000000002,0.025000000000000022,0.10470000000000002
007.png,0.8953,1.0,0.8681,0.8703,1.0,0.10470000000000002,0.027200000000000002,0.025000000000000022,0.10470000000000002
007.png,0.8953,1.0,0.8681,0.8703,0.8596,0.10470000000000002,0.027200000000000002,0.025000000000000022,0.035699999999999954
007.png,0.8953,1.0,0.8681,0.8703,1.0,0.10470000000000002,0.027200000000000002,0.025000000000000022,0.10470000000000002
007.png,0.8953,1.0,1.0,0.8703,1.0,0.10470000000000002,0.10470000000000002,0.025000000000000022,0.10470000000000002
007.png,0.8953,1.0,1.0,0.8703,1.0,0.10470000000000002,0.10470000000000002,0.025000000000000022,0.10470000000000002
007.png,0.8953,1.0,1.0,0.8703,0.8596,0.10470000000000002,0.10470000000000002,0.025000000000000022,0.035699999999999954
007.png,0.8953,1.0,1.0,0.8703,1.0,0.10470000000000002,0.10470000000000002,0.025000000000000022,0.10470000000000002
007.png,0.8953,1.0,1.0,0.8703,1.0,0.10470000000000002,0.10470000000000002,0.025000000000000022,0.10470000000000002
007.png,0.8953,1.0,1.0,0.8703,1.0,0.10470000000000002,0.10470000000000002,0.025000000000000022,0.10470000000000002
007.png,0.8953,1.0,1.0,0.8703,0.8596,0.10470000000000002,0.10470000000000002,0.025000000000000022,0.035699999999999954
007.png,0.8953,1.0,1.0,0.8703,1.0,0.10470000000000002,0.10470000000000002,0.025000000000000022,0.10470000000000002
007.png,0.8953,1.0,1.0,0.8703,1.0,0.10470000000000002,0.10470000000000002,0.025000000000000022,0.10470000000000002
007.png,0.8953,1.0,1.0,0.8703,1.0,0.10470000000000002,0.10470000000000002,0.025000000000000022,0.10470000000000002
007.png,0.8953,1.0,1.0,0.8703,0.8596,0.10470000000000002,0.10470000000000002,0.025000000000000022,0.035699999999999954
007.png,0.8953,1.0,1.0,0.8703,1.0,0.10470000000000002,0.10470000000000002,0.025000000000000022,0.10470000000000002
007.png,0.8953,1.0,0.8681,0.8703,1.0,0.10470000000000002,0.027200000000000002,0.025000000000000022,0.10470000000000002
007.png,0.8953,1.0,0.8681,0.8703,1.0,0.10470000000000002,0.027200000000000002,0.025000000000000022,0.10470000000000002
007.png,0.8953,1.0,0.8681,0.8703,0.8596,0.10470000000000002,0.027200000000000002,0.025000000000000022,0.035699999999999954
007.png,0.8953,1.0,0.8681,0.8703,1.0,0.10470000000000002,0.027200000000000002,0.025000000000000022,0.10470000000000002
007.png,0.8953,1.0,1.0,0.8703,1.0,0.10470000000000002,0.10470000000000002,0.025000000000000022,0.10470000000000002
007.png,0.8953,1.0,1.0,0.8703,1.0,0.10470000000000002,0.10470000000000002,0.025000000000000022,0.10470000000000002
007.png,0.8953,1.0,1.0,0.8703,0.8596,0.10470000000000002,0.10470000000000002,0.025000000000000022,0.035699999999999954
007.png,0.8953,1.0,1.0,0.8703,1.0,0.10470000000000002,0.10470000000000002,0.025000000000000022,0.10470000000000002
007.png,0.8953,0.9326,1.0,0.8703,1.0,0.0373,0.10470000000000002,0.025000000000000022,0.10470000000000002
007.png,0.8953,0.9326,1.0,0.8703,1.0,0.0373,0.10470000000000002,0.025000000000000022,0.10470000000000002
007.png,0.8953,0.9326,1.0,0.8703,0.8596,0.0373,0.10470000000000002,0.025000000000000022,0.035699999999999954
007.png,0.8953,0.9326,1.0,0.8703,1.0,0.0373,0.10470000000000002,0.025000000000000022,0.10470000000000002
007.png,0.8953,0.9326,1.0,0.8703,1.0,0.0373,0.10470000000000002,0.025000000000000022,0.10470000000000002
007.png,0.8953,0.9326,1.0,0.8703,1.0,0.0373,0.10470000000000002,0.025000000000000022,0.10470000000000002
007.png,0.8953,0.9326,1.0,0.8703,0.8596,0.0373,0.10470000000000002,0.025000000000000022,0.035699999999999954
007.png,0.8953,0.9326,1.0,0.8703,1.0,0.0373,0.10470000000000002,0.025000000000000022,0.10470000000000002
007.png,0.8953,0.9326,0.8681,0.8703,1.0,0.0373,0.027200000000000002,0.025000000000000022,0.10470000000000002
007.png,0.8953,0.9326,0.8681,0.8703,1.0,0.0373,0.027200000000000002,0.025000000000000022,0.10470000000000002
007.png,0.8953,0.9326,0.8681,0.8703,0.8596,0.0373,0.027200000000000002,0.025000000000000022,0.035699999999999954
007.png,0.8953,0.9326,0.8681,0.8703,1.0,0.0373,0.027200000000000002,0.025000000000000022,0.10470000000000002
007.png,0.8953,0.9326,1.0,0.8703,1.0,0.0373,0.10470000000000002,0.025000000000000022,0.10470000000000002
007.png,0.8953,0.9326,1.0,0.8703,1.0,0.0373,0.10470000000000002,0.025000000000000022,0.10470000000000002
007.png,0.8953,0.9326,1.0,0.8703,0.8596,0.0373,0.10470000000000002,0.025000000000000022,0.035699999999999954
007.png,0.8953,0.9326,1.0,0.8703,1.0,0.0373,0.10470000000000002,0.025000000000000022,0.10470000000000002
007.png,0.8953,1.0,1.0,0.8703,1.0,0.10470000000000002,0.10470000000000002,0.025000000000000022,0.10470000000000002
007.png,0.8953,1.0,1.0,0.8703,1.0,0.10470000000000002,0.10470000000000002,0.025000000000000022,0.10470000000000002
007.png,0.8953,1.0,1.0,0.8703,0.8596,0.10470000000000002,0.10470000000000002,0.025000000000000022,0.035699999999999954
007.png,0.8953,1.0,1.0,0.8703,1.0,0.10470000000000002,0.10470000000000002,0.025000000000000022,0.10470000000000002
007.png,0.8953,1.0,1.0,0.8703,1.0,0.10470000000000002,0.10470000000000002,0.025000000000000022,0.10470000000000002
007.png,0.8953,1.0,1.0,0.8703,1.0,0.10470000000000002,0.10470000000000002,0.025000000000000022,0.10470000000000002
007.png,0.8953,1.0,1.0,0.8703,0.8596,0.10470000000000002,0.10470000000000002,0.025000000000000022,0.035699999999999954
007.png,0.8953,1.0,1.0,0.8703,1.0,0.10470000000000002,0.10470000000000002,0.025000000000000022,0.10470000000000002
007.png,0.8953,1.0,0.8681,0.8703,1.0,0.10470000000000002,0.027200000000000002,0.025000000000000022,0.10470000000000002
007.png,0.8953,1.0,0.8681,0.8703,1.0,0.10470000000000002,0.027200000000000002,0.025000000000000022,0.10470000000000002
007.png,0.8953,1.0,0.8681,0.8703,0.8596,0.10470000000000002,0.027200000000000002,0.025000000000000022,0.035699999999999954
007.png,0.8953,1.0,0.8681,0.8703,1.0,0.10470000000000002,0.027200000000000002,0.025000000000000022,0.10470000000000002
007.png,0.8953,1.0,1.0,0.8703,1.0,0.10470000000000002,0.10470000000000002,0.025000000000000022,0.10470000000000002
007.png,0.8953,1.0,1.0,0.8703,1.0,0.10470000000000002,0.10470000000000002,0.025000000000000022,0.10470000000000002
007.png,0.8953,1.0,1.0,0.8703,0.8596,0.10470000000000002,0.10470000000000002,0.025000000000000022,0.035699999999999954
007.png,0.8953,1.0,1.0,0.8703,1.0,0.10470000000000002,0.10470000000000002,0.025000000000000022,0.10470000000000002
018.png,0.9669,1.0,1.0,0.9894,1.0,0.03310000000000002,0.03310000000000002,0.022499999999999964,0.03310000000000002
018.png,0.9669,1.0,1.0,0.9894,1.0,0.03310000000000002,0.03310000000000002,0.022499999999999964,0.03310000000000002
018.png,0.9669,1.0,1.0,0.9894,0.7529,0.03310000000000002,0.03310000000000002,0.022499999999999964,0.21399999999999997
018.png,0.9669,1.0,1.0,0.9894,1.0,0.03310000000000002,0.03310000000000002,0.022499999999999964,0.03310000000000002
018.png,0.9669,1.0,1.0,0.9894,1.0,0.03310000000000002,0.03310000000000002,0.022499999999999964,0.03310000000000002
018.png,0.9669,1.0,1.0,0.9894,1.0,0.03310000000000002,0.03310000000000002,0.022499999999999964,0.03310000000000002
018.png,0.9669,1.0,1.0,0.9894,0.7529,0.03310000000000002,0.03310000000000002,0.022499999999999964,0.21399999999999997
018.png,0.9669,1.0,1.0,0.9894,1.0,0.03310000000000002,0.03310000000000002,0.022499999999999964,0.03310000000000002
018.png,0.9669,1.0,1.0,0.9894,1.0,0.03310000000000002,0.03310000000000002,0.022499999999999964,0.03310000000000002
018.png,0.9669,1.0,1.0,0.9894,1.0,0.03310000000000002,0.03310000000000002,0.022499999999999964,0.03310000000000002
018.png,0.9669,1.0,1.0,0.9894,0.7529,0.03310000000000002,0.03310000000000002,0.022499999999999964,0.21399999999999997
018.png,0.9669,1.0,1.0,0.9894,1.0,0.03310000000000002,0.03310000000000002,0.022499999999999964,0.03310000000000002
018.png,0.9669,1.0,1.0,0.9894,1.0,0.03310000000000002,0.03310000000000002,0.022499999999999964,0.03310000000000002
018.png,0.9669,1.0,1.0,0.9894,1.0,0.03310000000000002,0.03310000000000002,0.022499999999999964,0.03310000000000002
018.png,0.9669,1.0,1.0,0.9894,0.7529,0.03310000000000002,0.03310000000000002,0.022499999999999964,0.21399999999999997
018.png,0.9669,1.0,1.0,0.9894,1.0,0.03310000000000002,0.03310000000000002,0.022499999999999964,0.03310000000000002
018.png,0.9669,1.0,1.0,0.9894,1.0,0.03310000000000002,0.03310000000000002,0.022499999999999964,0.03310000000000002
018.png,0.9669,1.0,1.0,0.9894,1.0,0.03310000000000002,0.03310000000000002,0.022499999999999964,0.03310000000000002
018.png,0.9669,1.0,1.0,0.9894,0.7529,0.03310000000000002,0.03310000000000002,0.022499999999999964,0.21399999999999997
018.png,0.9669,1.0,1.0,0.9894,1.0,0.03310000000000002,0.03310000000000002,0.022499999999999964,0.03310000000000002
018.png,0.9669,1.0,1.0,0.9894,1.0,0.03310000000000002,0.03310000000000002,0.022499999999999964,0.03310000000000002
018.png,0.9669,1.0,1.0,0.9894,1.0,0.03310000000000002,0.03310000000000002,0.022499999999999964,0.03310000000000002
018.png,0.9669,1.0,1.0,0.9894,0.7529,0.03310000000000002,0.03310000000000002,0.022499999999999964,0.21399999999999997
018.png,0.9669,1.0,1.0,0.9894,1.0,0.03310000000000002,0.03310000000000002,0.022499999999999964,0.03310000000000002
018.png,0.9669,1.0,1.0,0.9894,1.0,0.03310000000000002,0.03310000000000002,0.022499999999999964,0.03310000000000002
018.png,0.9669,1.0,1.0,0.9894,1.0,0.03310000000000002,0.03310000000000002,0.022499999999999964,0.03310000000000002
018.png,0.9669,1.0,1.0,0.9894,0.7529,0.03310000000000002,0.03310000000000002,0.022499999999999964,0.21399999999999997
018.png,0.9669,1.0,1.0,0.9894,1.0,0.03310000000000002,0.03310000000000002,0.022499999999999964,0.03310000000000002
018.png,0.9669,1.0,1.0,0.9894,1.0,0.03310000000000002,0.03310000000000002,0.022499999999999964,0.03310000000000002
018.png,0.9669,1.0,1.0,0.9894,1.0,0.03310000000000002,0.03310000000000002,0.022499999999999964,0.03310000000000002
018.png,0.9669,1.0,1.0,0.9894,0.7529,0.03310000000000002,0.03310000000000002,0.022499999999999964,0.21399999999999997
018.png,0.9669,1.0,1.0,0.9894,1.0,0.03310000000000002,0.03310000000000002,0.022499999999999964,0.03310000000000002
018.png,0.9669,1.0,1.0,0.9894,1.0,0.03310000000000002,0.03310000000000002,0.022499999999999964,0.03310000000000002
018.png,0.9669,1.0,1.0,0.9894,1.0,0.03310000000000002,0.03310000000000002,0.022499999999999964,0.03310000000000002
018.png,0.9669,1.0,1.0,0.9894,0.7529,0.03310000000000002,0.03310000000000002,0.022499999999999964,0.21399999999999997
018.png,0.9669,1.0,1.0,0.9894,1.0,0.03310000000000002,0.03310000000000002,0.022499999999999964,0.03310000000000002
018.png,0.9669,1.0,1.0,0.9894,1.0,0.03310000000000002,0.03310000000000002,0.022499999999999964,0.03310000000000002
018.png,0.9669,1.0,1.0,0.9894,1.0,0.03310000000000002,0.03310000000000002,0.022499999999999964,0.03310000000000002
018.png,0.9669,1.0,1.0,0.9894,0.7529,0.03310000000000002,0.03310000000000002,0.022499999999999964,0.21399999999999997
018.png,0.9669,1.0,1.0,0.9894,1.0,0.03310000000000002,0.03310000000000002,0.022499999999999964,0.03310000000000002
018.png,0.9669,1.0,1.0,0.9894,1.0,0.03310000000000002,0.03310000000000002,0.022499999999999964,0.03310000000000002
018.png,0.9669,1.0,1.0,0.9894,1.0,0.03310000000000002,0.03310000000000002,0.022499999999999964,0.03310000000000002
018.png,0.9669,1.0,1.0,0.9894,0.7529,0.03310000000000002,0.03310000000000002,0.022499999999999964,0.21399999999999997
018.png,0.9669,1.0,1.0,0.9894,1.0,0.03310000000000002,0.03310000000000002,0.022499999999999964,0.03310000000000002
018.png,0.9669,1.0,1.0,0.9894,1.0,0.03310000000000002,0.03310000000000002,0.022499999999999964,0.03310000000000002
018.png,0.9669,1.0,1.0,0.9894,1.0,0.03310000000000002,0.03310000000000002,0.022499999999999964,0.03310000000000002
018.png,0.9669,1.0,1.0,0.9894,0.7529,0.03310000000000002,0.03310000000000002,0.022499999999999964,0.21399999999999997
018.png,0.9669,1.0,1.0,0.9894,1.0,0.03310000000000002,0.03310000000000002,0.022499999999999964,0.03310000000000002
018.png,0.9669,1.0,1.0,0.9894,1.0,0.03310000000000002,0.03310000000000002,0.022499999999999964,0.03310000000000002
018.png,0.9669,1.0,1.0,0.9894,1.0,0.03310000000000002,0.03310000000000002,0.022499999999999964,0.03310000000000002
018.png,0.9669,1.0,1.0,0.9894,0.7529,0.03310000000000002,0.03310000000000002,0.022499999999999964,0.21399999999999997
018.png,0.9669,1.0,1.0,0.9894,1.0,0.03310000000000002,0.03310000000000002,0.022499999999999964,0.03310000000000002
018.png,0.9669,1.0,1.0,0.9894,1.0,0.03310000000000002,0.03310000000000002,0.022499999999999964,0.03310000000000002
018.png,0.9669,1.0,1.0,0.9894,1.0,0.03310000000000002,0.03310000000000002,0.022499999999999964,0.03310000000000002
018.png,0.9669,1.0,1.0,0.9894,0.7529,0.03310000000000002,0.03310000000000002,0.022499999999999964,0.21399999999999997
018.png,0.9669,1.0,1.0,0.9894,1.0,0.03310000000000002,0.03310000000000002,0.022499999999999964,0.03310000000000002
018.png,0.9669,1.0,1.0,0.9894,1.0,0.03310000000000002,0.03310000000000002,0.022499999999999964,0.03310000000000002
018.png,0.9669,1.0,1.0,0.9894,1.0,0.03310000000000002,0.03310000000000002,0.022499999999999964,0.03310000000000002
018.png,0.9669,1.0,1.0,0.9894,0.7529,0.03310000000000002,0.03310000000000002,0.022499999999999964,0.21399999999999997
018.png,0.9669,1.0,1.0,0.9894,1.0,0.03310000000000002,0.03310000000000002,0.022499999999999964,0.03310000000000002
018.png,0.9669,1.0,1.0,0.9894,1.0,0.03310000000000002,0.03310000000000002,0.022499999999999964,0.03310000000000002
018.png,0.9669,1.0,1.0,0.9894,1.0,0.03310000000000002,0.03310000000000002,0.022499999999999964,0.03310000000000002
018.png,0.9669,1.0,1.0,0.9894,0.7529,0.03310000000000002,0.03310000000000002,0.022499999999999964,0.21399999999999997
018.png,0.9669,1.0,1.0,0.9894,1.0,0.03310000000000002,0.03310000000000002,0.022499999999999964,0.03310000000000002
006.png,0.9582,1.0,1.0,0.9258,1.0,0.04179999999999995,0.04179999999999995,0.032400000000000095,0.04179999999999995
006.png,0.9582,1.0,1.0,0.9258,1.0,0.04179999999999995,0.04179999999999995,0.032400000000000095,0.04179999999999995
006.png,0.9582,1.0,1.0,0.9258,0.7994,0.04179999999999995,0.04179999999999995,0.032400000000000095,0.15880000000000005
006.png,0.9582,1.0,1.0,0.9258,1.0,0.04179999999999995,0.04179999999999995,0.032400000000000095,0.04179999999999995
006.png,0.9582,1.0,1.0,0.9258,1.0,0.04179999999999995,0.04179999999999995,0.032400000000000095,0.04179999999999995
006.png,0.9582,1.0,1.0,0.9258,1.0,0.04179999999999995,0.04179999999999995,0.032400000000000095,0.04179999999999995
006.png,0.9582,1.0,1.0,0.9258,0.7994,0.04179999999999995,0.04179999999999995,0.032400000000000095,0.15880000000000005
006.png,0.9582,1.0,1.0,0.9258,1.0,0.04179999999999995,0.04179999999999995,0.032400000000000095,0.04179999999999995
006.png,0.9582,1.0,1.0,0.9258,1.0,0.04179999999999995,0.04179999999999995,0.032400000000000095,0.04179999999999995
006.png,0.9582,1.0,1.0,0.9258,1.0,0.04179999999999995,0.04179999999999995,0.032400000000000095,0.04179999999999995
006.png,0.9582,1.0,1.0,0.9258,0.7994,0.04179999999999995,0.04179999999999995,0.032400000000000095,0.15880000000000005
006.png,0.9582,1.0,1.0,0.9258,1.0,0.04179999999999995,0.04179999999999995,0.032400000000000095,0.04179999999999995
006.png,0.9582,1.0,1.0,0.9258,1.0,0.04179999999999995,0.04179999999999995,0.032400000000000095,0.04179999999999995
006.png,0.9582,1.0,1.0,0.9258,1.0,0.04179999999999995,0.04179999999999995,0.032400000000000095,0.04179999999999995
006.png,0.9582,1.0,1.0,0.9258,0.7994,0.04179999999999995,0.04179999999999995,0.032400000000000095,0.15880000000000005
006.png,0.9582,1.0,1.0,0.9258,1.0,0.04179999999999995,0.04179999999999995,0.032400000000000095,0.04179999999999995
006.png,0.9582,1.0,1.0,0.9258,1.0,0.04179999999999995,0.04179999999999995,0.032400000000000095,0.04179999999999995
006.png,0.9582,1.0,1.0,0.9258,1.0,0.04179999999999995,0.04179999999999995,0.032400000000000095,0.04179999999999995
006.png,0.9582,1.0,1.0,0.9258,0.7994,0.04179999999999995,0.04179999999999995,0.032400000000000095,0.15880000000000005
006.png,0.9582,1.0,1.0,0.9258,1.0,0.04179999999999995,0.04179999999999995,0.032400000000000095,0.04179999999999995
006.png,0.9582,1.0,1.0,0.9258,1.0,0.04179999999999995,0.04179999999999995,0.032400000000000095,0.04179999999999995
006.png,0.9582,1.0,1.0,0.9258,1.0,0.04179999999999995,0.04179999999999995,0.032400000000000095,0.04179999999999995
006.png,0.9582,1.0,1.0,0.9258,0.7994,0.04179999999999995,0.04179999999999995,0.032400000000000095,0.15880000000000005
006.png,0.9582,1.0,1.0,0.9258,1.0,0.04179999999999995,0.04179999999999995,0.032400000000000095,0.04179999999999995
006.png,0.9582,1.0,1.0,0.9258,1.0,0.04179999999999995,0.04179999999999995,0.032400000000000095,0.04179999999999995
006.png,0.9582,1.0,1.0,0.9258,1.0,0.04179999999999995,0.04179999999999995,0.032400000000000095,0.04179999999999995
006.png,0.9582,1.0,1.0,0.9258,0.7994,0.04179999999999995,0.04179999999999995,0.032400000000000095,0.15880000000000005
006.png,0.9582,1.0,1.0,0.9258,1.0,0.04179999999999995,0.04179999999999995,0.032400000000000095,0.04179999999999995
006.png,0.9582,1.0,1.0,0.9258,1.0,0.04179999999999995,0.04179999999999995,0.032400000000000095,0.04179999999999995
006.png,0.9582,1.0,1.0,0.9258,1.0,0.04179999999999995,0.04179999999999995,0.032400000000000095,0.04179999999999995
006.png,0.9582,1.0,1.0,0.9258,0.7994,0.04179999999999995,0.04179999999999995,0.032400000000000095,0.15880000000000005
006.png,0.9582,1.0,1.0,0.9258,1.0,0.04179999999999995,0.04179999999999995,0.032400000000000095,0.04179999999999995
006.png,0.9582,1.0,1.0,0.9258,1.0,0.04179999999999995,0.04179999999999995,0.032400000000000095,0.04179999999999995
006.png,0.9582,1.0,1.0,0.9258,1.0,0.04179999999999995,0.04179999999999995,0.032400000000000095,0.04179999999999995
006.png,0.9582,1.0,1.0,0.9258,0.7994,0.04179999999999995,0.04179999999999995,0.032400000000000095,0.15880000000000005
006.png,0.9582,1.0,1.0,0.9258,1.0,0.04179999999999995,0.04179999999999995,0.032400000000000095,0.04179999999999995
006.png,0.9582,1.0,1.0,0.9258,1.0,0.04179999999999995,0.04179999999999995,0.032400000000000095,0.04179999999999995
006.png,0.9582,1.0,1.0,0.9258,1.0,0.04179999999999995,0.04179999999999995,0.032400000000000095,0.04179999999999995
006.png,0.9582,1.0,1.0,0.9258,0.7994,0.04179999999999995,0.04179999999999995,0.032400000000000095,0.15880000000000005
006.png,0.9582,1.0,1.0,0.9258,1.0,0.04179999999999995,0.04179999999999995,0.032400000000000095,0.04179999999999995
006.png,0.9582,1.0,1.0,0.9258,1.0,0.04179999999999995,0.04179999999999995,0.032400000000000095,0.04179999999999995
006.png,0.9582,1.0,1.0,0.9258,1.0,0.04179999999999995,0.04179999999999995,0.032400000000000095,0.04179999999999995
006.png,0.9582,1.0,1.0,0.9258,0.7994,0.04179999999999995,0.04179999999999995,0.032400000000000095,0.15880000000000005
006.png,0.9582,1.0,1.0,0.9258,1.0,0.04179999999999995,0.04179999999999995,0.032400000000000095,0.04179999999999995
006.png,0.9582,1.0,1.0,0.9258,1.0,0.04179999999999995,0.04179999999999995,0.032400000000000095,0.04179999999999995
006.png,0.9582,1.0,1.0,0.9258,1.0,0.04179999999999995,0.04179999999999995,0.032400000000000095,0.04179999999999995
006.png,0.9582,1.0,1.0,0.9258,0.7994,0.04179999999999995,0.04179999999999995,0.032400000000000095,0.15880000000000005
006.png,0.9582,1.0,1.0,0.9258,1.0,0.04179999999999995,0.04179999999999995,0.032400000000000095,0.04179999999999995
006.png,0.9582,1.0,1.0,0.9258,1.0,0.04179999999999995,0.04179999999999995,0.032400000000000095,0.04179999999999995
006.png,0.9582,1.0,1.0,0.9258,1.0,0.04179999999999995,0.04179999999999995,0.032400000000000095,0.04179999999999995
006.png,0.9582,1.0,1.0,0.9258,0.7994,0.04179999999999995,0.04179999999999995,0.032400000000000095,0.15880000000000005
006.png,0.9582,1.0,1.0,0.9258,1.0,0.04179999999999995,0.04179999999999995,0.032400000000000095,0.04179999999999995
006.png,0.9582,1.0,1.0,0.9258,1.0,0.04179999999999995,0.04179999999999995,0.032400000000000095,0.04179999999999995
006.png,0.9582,1.0,1.0,0.9258,1.0,0.04179999999999995,0.04179999999999995,0.032400000000000095,0.04179999999999995
006.png,0.9582,1.0,1.0,0.9258,0.7994,0.04179999999999995,0.04179999999999995,0.032400000000000095,0.15880000000000005
006.png,0.9582,1.0,1.0,0.9258,1.0,0.04179999999999995,0.04179999999999995,0.032400000000000095,0.04179999999999995
006.png,0.9582,1.0,1.0,0.9258,1.0,0.04179999999999995,0.04179999999999995,0.032400000000000095,0.04179999999999995
006.png,0.9582,1.0,1.0,0.9258,1.0,0.04179999999999995,0.04179999999999995,0.032400000000000095,0.04179999999999995
006.png,0.9582,1.0,1.0,0.9258,0.7994,0.04179999999999995,0.04179999999999995,0.032400000000000095,0.15880000000000005
006.png,0.9582,1.0,1.0,0.9258,1.0,0.04179999999999995,0.04179999999999995,0.032400000000000095,0.04179999999999995
006.png,0.9582,1.0,1.0,0.9258,1.0,0.04179999999999995,0.04179999999999995,0.032400000000000095,0.04179999999999995
006.png,0.9582,1.0,1.0,0.9258,1.0,0.04179999999999995,0.04179999999999995,0.032400000000000095,0.04179999999999995
006.png,0.9582,1.0,1.0,0.9258,0.7994,0.04179999999999995,0.04179999999999995,0.032400000000000095,0.15880000000000005
006.png,0.9582,1.0,1.0,0.9258,1.0,0.04179999999999995,0.04179999999999995,0.032400000000000095,0.04179999999999995
016.png,0.944,1.0,1.0,0.9169,1.0,0.05600000000000005,0.05600000000000005,0.027099999999999902,0.05600000000000005
016.png,0.944,1.0,1.0,0.9169,1.0,0.05600000000000005,0.05600000000000005,0.027099999999999902,0.05600000000000005
016.png,0.944,1.0,1.0,0.9169,0.7449,0.05600000000000005,0.05600000000000005,0.027099999999999902,0.19909999999999994
016.png,0.944,1.0,1.0,0.9169,1.0,0.05600000000000005,0.05600000000000005,0.027099999999999902,0.05600000000000005
016.png,0.944,1.0,1.0,0.9169,1.0,0.05600000000000005,0.05600000000000005,0.027099999999999902,0.05600000000000005
016.png,0.944,1.0,1.0,0.9169,1.0,0.05600000000000005,0.05600000000000005,0.027099999999999902,0.05600000000000005
016.png,0.944,1.0,1.0,0.9169,0.7449,0.05600000000000005,0.05600000000000005,0.027099999999999902,0.19909999999999994
016.png,0.944,1.0,1.0,0.9169,1.0,0.05600000000000005,0.05600000000000005,0.027099999999999902,0.05600000000000005
016.png,0.944,1.0,1.0,0.9169,1.0,0.05600000000000005,0.05600000000000005,0.027099999999999902,0.05600000000000005
016.png,0.944,1.0,1.0,0.9169,1.0,0.05600000000000005,0.05600000000000005,0.027099999999999902,0.05600000000000005
016.png,0.944,1.0,1.0,0.9169,0.7449,0.05600000000000005,0.05600000000000005,0.027099999999999902,0.19909999999999994
016.png,0.944,1.0,1.0,0.9169,1.0,0.05600000000000005,0.05600000000000005,0.027099999999999902,0.05600000000000005
016.png,0.944,1.0,1.0,0.9169,1.0,0.05600000000000005,0.05600000000000005,0.027099999999999902,0.05600000000000005
016.png,0.944,1.0,1.0,0.9169,1.0,0.05600000000000005,0.05600000000000005,0.027099999999999902,0.05600000000000005
016.png,0.944,1.0,1.0,0.9169,0.7449,0.05600000000000005,0.05600000000000005,0.027099999999999902,0.19909999999999994
016.png,0.944,1.0,1.0,0.9169,1.0,0.05600000000000005,0.05600000000000005,0.027099999999999902,0.05600000000000005
016.png,0.944,1.0,1.0,0.9169,1.0,0.05600000000000005,0.05600000000000005,0.027099999999999902,0.05600000000000005
016.png,0.944,1.0,1.0,0.9169,1.0,0.05600000000000005,0.05600000000000005,0.027099999999999902,0.05600000000000005
016.png,0.944,1.0,1.0,0.9169,0.7449,0.05600000000000005,0.05600000000000005,0.027099999999999902,0.19909999999999994
016.png,0.944,1.0,1.0,0.9169,1.0,0.05600000000000005,0.05600000000000005,0.027099999999999902,0.05600000000000005
016.png,0.944,1.0,1.0,0.9169,1.0,0.05600000000000005,0.05600000000000005,0.027099999999999902,0.05600000000000005
016.png,0.944,1.0,1.0,0.9169,1.0,0.05600000000000005,0.05600000000000005,0.027099999999999902,0.05600000000000005
016.png,0.944,1.0,1.0,0.9169,0.7449,0.05600000000000005,0.05600000000000005,0.027099999999999902,0.19909999999999994
016.png,0.944,1.0,1.0,0.9169,1.0,0.05600000000000005,0.05600000000000005,0.027099999999999902,0.05600000000000005
016.png,0.944,1.0,1.0,0.9169,1.0,0.05600000000000005,0.05600000000000005,0.027099999999999902,0.05600000000000005
016.png,0.944,1.0,1.0,0.9169,1.0,0.05600000000000005,0.05600000000000005,0.027099999999999902,0.05600000000000005
016.png,0.944,1.0,1.0,0.9169,0.7449,0.05600000000000005,0.05600000000000005,0.027099999999999902,0.19909999999999994
016.png,0.944,1.0,1.0,0.9169,1.0,0.05600000000000005,0.05600000000000005,0.027099999999999902,0.05600000000000005
016.png,0.944,1.0,1.0,0.9169,1.0,0.05600000000000005,0.05600000000000005,0.027099999999999902,0.05600000000000005
016.png,0.944,1.0,1.0,0.9169,1.0,0.05600000000000005,0.05600000000000005,0.027099999999999902,0.05600000000000005
016.png,0.944,1.0,1.0,0.9169,0.7449,0.05600000000000005,0.05600000000000005,0.027099999999999902,0.19909999999999994
016.png,0.944,1.0,1.0,0.9169,1.0,0.05600000000000005,0.05600000000000005,0.027099999999999902,0.05600000000000005
016.png,0.944,1.0,1.0,0.9169,1.0,0.05600000000000005,0.05600000000000005,0.027099999999999902,0.05600000000000005
016.png,0.944,1.0,1.0,0.9169,1.0,0.05600000000000005,0.05600000000000005,0.027099999999999902,0.05600000000000005
016.png,0.944,1.0,1.0,0.9169,0.7449,0.05600000000000005,0.05600000000000005,0.027099999999999902,0.19909999999999994
016.png,0.944,1.0,1.0,0.9169,1.0,0.05600000000000005,0.05600000000000005,0.027099999999999902,0.05600000000000005
016.png,0.944,1.0,1.0,0.9169,1.0,0.05600000000000005,0.05600000000000005,0.027099999999999902,0.05600000000000005
016.png,0.944,1.0,1.0,0.9169,1.0,0.05600000000000005,0.05600000000000005,0.027099999999999902,0.05600000000000005
016.png,0.944,1.0,1.0,0.9169,0.7449,0.05600000000000005,0.05600000000000005,0.027099999999999902,0.19909999999999994
016.png,0.944,1.0,1.0,0.9169,1.0,0.05600000000000005,0.05600000000000005,0.027099999999999902,0.05600000000000005
016.png,0.944,1.0,1.0,0.9169,1.0,0.05600000000000005,0.05600000000000005,0.027099999999999902,0.05600000000000005
016.png,0.944,1.0,1.0,0.9169,1.0,0.05600000000000005,0.05600000000000005,0.027099999999999902,0.05600000000000005
016.png,0.944,1.0,1.0,0.9169,0.7449,0.05600000000000005,0.05600000000000005,0.027099999999999902,0.19909999999999994
016.png,0.944,1.0,1.0,0.9169,1.0,0.05600000000000005,0.05600000000000005,0.027099999999999902,0.05600000000000005
016.png,0.944,1.0,1.0,0.9169,1.0,0.05600000000000005,0.05600000000000005,0.027099999999999902,0.05600000000000005
016.png,0.944,1.0,1.0,0.9169,1.0,0.05600000000000005,0.05600000000000005,0.027099999999999902,0.05600000000000005
016.png,0.944,1.0,1.0,0.9169,0.7449,0.05600000000000005,0.05600000000000005,0.027099999999999902,0.19909999999999994
016.png,0.944,1.0,1.0,0.9169,1.0,0.05600000000000005,0.05600000000000005,0.027099999999999902,0.05600000000000005
016.png,0.944,1.0,1.0,0.9169,1.0,0.05600000000000005,0.05600000000000005,0.027099999999999902,0.05600000000000005
016.png,0.944,1.0,1.0,0.9169,1.0,0.05600000000000005,0.05600000000000005,0.027099999999999902,0.05600000000000005
016.png,0.944,1.0,1.0,0.9169,0.7449,0.05600000000000005,0.05600000000000005,0.027099999999999902,0.19909999999999994
016.png,0.944,1.0,1.0,0.9169,1.0,0.05600000000000005,0.05600000000000005,0.027099999999999902,0.05600000000000005
016.png,0.944,1.0,1.0,0.9169,1.0,0.05600000000000005,0.05600000000000005,0.027099999999999902,0.05600000000000005
016.png,0.944,1.0,1.0,0.9169,1.0,0.05600000000000005,0.05600000000000005,0.027099999999999902,0.05600000000000005
016.png,0.944,1.0,1.0,0.9169,0.7449,0.05600000000000005,0.05600000000000005,0.027099999999999902,0.19909999999999994
016.png,0.944,1.0,1.0,0.9169,1.0,0.05600000000000005,0.05600000000000005,0.027099999999999902,0.05600000000000005
016.png,0.944,1.0,1.0,0.9169,1.0,0.05600000000000005,0.05600000000000005,0.027099999999999902,0.05600000000000005
016.png,0.944,1.0,1.0,0.9169,1.0,0.05600000000000005,0.05600000000000005,0.027099999999999902,0.05600000000000005
016.png,0.944,1.0,1.0,0.9169,0.7449,0.05600000000000005,0.05600000000000005,0.027099999999999902,0.19909999999999994
016.png,0.944,1.0,1.0,0.9169,1.0,0.05600000000000005,0.05600000000000005,0.027099999999999902,0.05600000000000005
016.png,0.944,1.0,1.0,0.9169,1.0,0.05600000000000005,0.05600000000000005,0.027099999999999902,0.05600000000000005
016.png,0.944,1.0,1.0,0.9169,1.0,0.05600000000000005,0.05600000000000005,0.027099999999999902,0.05600000000000005
016.png,0.944,1.0,1.0,0.9169,0.7449,0.05600000000000005,0.05600000000000005,0.027099999999999902,0.19909999999999994
016.png,0.944,1.0,1.0,0.9169,1.0,0.05600000000000005,0.05600000000000005,0.027099999999999902,0.05600000000000005
014.png,0.9384,1.0,1.0,0.876,1.0,0.06159999999999999,0.06159999999999999,0.06240000000000001,0.06159999999999999
014.png,0.9384,1.0,1.0,0.876,1.0,0.06159999999999999,0.06159999999999999,0.06240000000000001,0.06159999999999999
014.png,0.9384,1.0,1.0,0.876,0.7149,0.06159999999999999,0.06159999999999999,0.06240000000000001,0.22350000000000003
014.png,0.9384,1.0,1.0,0.876,1.0,0.06159999999999999,0.06159999999999999,0.06240000000000001,0.06159999999999999
014.png,0.9384,1.0,1.0,0.876,1.0,0.06159999999999999,0.06159999999999999,0.06240000000000001,0.06159999999999999
014.png,0.9384,1.0,1.0,0.876,1.0,0.06159999999999999,0.06159999999999999,0.06240000000000001,0.06159999999999999
014.png,0.9384,1.0,1.0,0.876,0.7149,0.06159999999999999,0.06159999999999999,0.06240000000000001,0.22350000000000003
014.png,0.9384,1.0,1.0,0.876,1.0,0.06159999999999999,0.06159999999999999,0.06240000000000001,0.06159999999999999
014.png,0.9384,1.0,0.9813,0.876,1.0,0.06159999999999999,0.04289999999999994,0.06240000000000001,0.06159999999999999
014.png,0.9384,1.0,0.9813,0.876,1.0,0.06159999999999999,0.04289999999999994,0.06240000000000001,0.06159999999999999
014.png,0.9384,1.0,0.9813,0.876,0.7149,0.06159999999999999,0.04289999999999994,0.06240000000000001,0.22350000000000003
014.png,0.9384,1.0,0.9813,0.876,1.0,0.06159999999999999,0.04289999999999994,0.06240000000000001,0.06159999999999999
014.png,0.9384,1.0,1.0,0.876,1.0,0.06159999999999999,0.06159999999999999,0.06240000000000001,0.06159999999999999
014.png,0.9384,1.0,1.0,0.876,1.0,0.06159999999999999,0.06159999999999999,0.06240000000000001,0.06159999999999999
014.png,0.9384,1.0,1.0,0.876,0.7149,0.06159999999999999,0.06159999999999999,0.06240000000000001,0.22350000000000003
014.png,0.9384,1.0,1.0,0.876,1.0,0.06159999999999999,0.06159999999999999,0.06240000000000001,0.06159999999999999
014.png,0.9384,1.0,1.0,0.876,1.0,0.06159999999999999,0.06159999999999999,0.06240000000000001,0.06159999999999999
014.png,0.9384,1.0,1.0,0.876,1.0,0.06159999999999999,0.06159999999999999,0.06240000000000001,0.06159999999999999
014.png,0.9384,1.0,1.0,0.876,0.7149,0.06159999999999999,0.06159999999999999,0.06240000000000001,0.22350000000000003
014.png,0.9384,1.0,1.0,0.876,1.0,0.06159999999999999,0.06159999999999999,0.06240000000000001,0.06159999999999999
014.png,0.9384,1.0,1.0,0.876,1.0,0.06159999999999999,0.06159999999999999,0.06240000000000001,0.06159999999999999
014.png,0.9384,1.0,1.0,0.876,1.0,0.06159999999999999,0.06159999999999999,0.06240000000000001,0.06159999999999999
014.png,0.9384,1.0,1.0,0.876,0.7149,0.06159999999999999,0.06159999999999999,0.06240000000000001,0.22350000000000003
014.png,0.9384,1.0,1.0,0.876,1.0,0.06159999999999999,0.06159999999999999,0.06240000000000001,0.06159999999999999
014.png,0.9384,1.0,0.9813,0.876,1.0,0.06159999999999999,0.04289999999999994,0.06240000000000001,0.06159999999999999
014.png,0.9384,1.0,0.9813,0.876,1.0,0.06159999999999999,0.04289999999999994,0.06240000000000001,0.06159999999999999
014.png,0.9384,1.0,0.9813,0.876,0.7149,0.06159999999999999,0.04289999999999994,0.06240000000000001,0.22350000000000003
014.png,0.9384,1.0,0.9813,0.876,1.0,0.06159999999999999,0.04289999999999994,0.06240000000000001,0.06159999999999999
014.png,0.9384,1.0,1.0,0.876,1.0,0.06159999999999999,0.06159999999999999,0.06240000000000001,0.06159999999999999
014.png,0.9384,1.0,1.0,0.876,1.0,0.06159999999999999,0.06159999999999999,0.06240000000000001,0.06159999999999999
014.png,0.9384,1.0,1.0,0.876,0.7149,0.06159999999999999,0.06159999999999999,0.06240000000000001,0.22350000000000003
014.png,0.9384,1.0,1.0,0.876,1.0,0.06159999999999999,0.06159999999999999,0.06240000000000001,0.06159999999999999
014.png,0.9384,1.0,1.0,0.876,1.0,0.06159999999999999,0.06159999999999999,0.06240000000000001,0.06159999999999999
014.png,0.9384,1.0,1.0,0.876,1.0,0.06159999999999999,0.06159999999999999,0.06240000000000001,0.06159999999999999
014.png,0.9384,1.0,1.0,0.876,0.7149,0.06159999999999999,0.06159999999999999,0.06240000000000001,0.22350000000000003
014.png,0.9384,1.0,1.0,0.876,1.0,0.06159999999999999,0.06159999999999999,0.06240000000000001,0.06159999999999999
014.png,0.9384,1.0,1.0,0.876,1.0,0.06159999999999999,0.06159999999999999,0.06240000000000001,0.06159999999999999
014.png,0.9384,1.0,1.0,0.876,1.0,0.06159999999999999,0.06159999999999999,0.06240000000000001,0.06159999999999999
014.png,0.9384,1.0,1.0,0.876,0.7149,0.06159999999999999,0.06159999999999999,0.06240000000000001,0.22350000000000003
014.png,0.9384,1.0,1.0,0.876,1.0,0.06159999999999999,0.06159999999999999,0.06240000000000001,0.06159999999999999
014.png,0.9384,1.0,0.9813,0.876,1.0,0.06159999999999999,0.04289999999999994,0.06240000000000001,0.06159999999999999
014.png,0.9384,1.0,0.9813,0.876,1.0,0.06159999999999999,0.04289999999999994,0.06240000000000001,0.06159999999999999
014.png,0.9384,1.0,0.9813,0.876,0.7149,0.06159999999999999,0.04289999999999994,0.06240000000000001,0.22350000000000003
014.png,0.9384,1.0,0.9813,0.876,1.0,0.06159999999999999,0.04289999999999994,0.06240000000000001,0.06159999999999999
014.png,0.9384,1.0,1.0,0.876,1.0,0.06159999999999999,0.06159999999999999,0.06240000000000001,0.06159999999999999
014.png,0.9384,1.0,1.0,0.876,1.0,0.06159999999999999,0.06159999999999999,0.06240000000000001,0.06159999999999999
014.png,0.9384,1.0,1.0,0.876,0.7149,0.06159999999999999,0.06159999999999999,0.06240000000000001,0.22350000000000003
014.png,0.9384,1.0,1.0,0.876,1.0,0.06159999999999999,0.06159999999999999,0.06240000000000001,0.06159999999999999
014.png,0.9384,1.0,1.0,0.876,1.0,0.06159999999999999,0.06159999999999999,0.06240000000000001,0.06159999999999999
014.png,0.9384,1.0,1.0,0.876,1.0,0.06159999999999999,0.06159999999999999,0.06240000000000001,0.06159999999999999
014.png,0.9384,1.0,1.0,0.876,0.7149,0.06159999999999999,0.06159999999999999,0.06240000000000001,0.22350000000000003
014.png,0.9384,1.0,1.0,0.876,1.0,0.06159999999999999,0.06159999999999999,0.06240000000000001,0.06159999999999999
014.png,0.9384,1.0,1.0,0.876,1.0,0.06159999999999999,0.06159999999999999,0.06240000000000001,0.06159999999999999
014.png,0.9384,1.0,1.0,0.876,1.0,0.06159999999999999,0.06159999999999999,0.06240000000000001,0.06159999999999999
014.png,0.9384,1.0,1.0,0.876,0.7149,0.06159999999999999,0.06159999999999999,0.06240000000000001,0.22350000000000003
014.png,0.9384,1.0,1.0,0.876,1.0,0.06159999999999999,0.06159999999999999,0.06240000000000001,0.06159999999999999
014.png,0.9384,1.0,0.9813,0.876,1.0,0.06159999999999999,0.04289999999999994,0.06240000000000001,0.06159999999999999
014.png,0.9384,1.0,0.9813,0.876,1.0,0.06159999999999999,0.04289999999999994,0.06240000000000001,0.06159999999999999
014.png,0.9384,1.0,0.9813,0.876,0.7149,0.06159999999999999,0.04289999999999994,0.06240000000000001,0.22350000000000003
014.png,0.9384,1.0,0.9813,0.876,1.0,0.06159999999999999,0.04289999999999994,0.06240000000000001,0.06159999999999999
014.png,0.9384,1.0,1.0,0.876,1.0,0.06159999999999999,0.06159999999999999,0.06240000000000001,0.06159999999999999
014.png,0.9384,1.0,1.0,0.876,1.0,0.06159999999999999,0.06159999999999999,0.06240000000000001,0.06159999999999999
014.png,0.9384,1.0,1.0,0.876,0.7149,0.06159999999999999,0.06159999999999999,0.06240000000000001,0.22350000000000003
014.png,0.9384,1.0,1.0,0.876,1.0,0.06159999999999999,0.06159999999999999,0.06240000000000001,0.06159999999999999
008.png,0.9304,1.0,1.0,0.8782,1.0,0.0696,0.0696,0.052200000000000024,0.0696
008.png,0.9304,1.0,1.0,0.8782,1.0,0.0696,0.0696,0.052200000000000024,0.0696
008.png,0.9304,1.0,1.0,0.8782,0.7941,0.0696,0.0696,0.052200000000000024,0.13629999999999998
008.png,0.9304,1.0,1.0,0.8782,1.0,0.0696,0.0696,0.052200000000000024,0.0696
008.png,0.9304,1.0,1.0,0.8782,1.0,0.0696,0.0696,0.052200000000000024,0.0696
008.png,0.9304,1.0,1.0,0.8782,1.0,0.0696,0.0696,0.052200000000000024,0.0696
008.png,0.9304,1.0,1.0,0.8782,0.7941,0.0696,0.0696,0.052200000000000024,0.13629999999999998
008.png,0.9304,1.0,1.0,0.8782,1.0,0.0696,0.0696,0.052200000000000024,0.0696
008.png,0.9304,1.0,1.0,0.8782,1.0,0.0696,0.0696,0.052200000000000024,0.0696
008.png,0.9304,1.0,1.0,0.8782,1.0,0.0696,0.0696,0.052200000000000024,0.0696
008.png,0.9304,1.0,1.0,0.8782,0.7941,0.0696,0.0696,0.052200000000000024,0.13629999999999998
008.png,0.9304,1.0,1.0,0.8782,1.0,0.0696,0.0696,0.052200000000000024,0.0696
008.png,0.9304,1.0,1.0,0.8782,1.0,0.0696,0.0696,0.052200000000000024,0.0696
008.png,0.9304,1.0,1.0,0.8782,1.0,0.0696,0.0696,0.052200000000000024,0.0696
008.png,0.9304,1.0,1.0,0.8782,0.7941,0.0696,0.0696,0.052200000000000024,0.13629999999999998
008.png,0.9304,1.0,1.0,0.8782,1.0,0.0696,0.0696,0.052200000000000024,0.0696
008.png,0.9304,1.0,1.0,0.8782,1.0,0.0696,0.0696,0.052200000000000024,0.0696
008.png,0.9304,1.0,1.0,0.8782,1.0,0.0696,0.0696,0.052200000000000024,0.0696
008.png,0.9304,1.0,1.0,0.8782,0.7941,0.0696,0.0696,0.052200000000000024,0.13629999999999998
008.png,0.9304,1.0,1.0,0.8782,1.0,0.0696,0.0696,0.052200000000000024,0.0696
008.png,0.9304,1.0,1.0,0.8782,1.0,0.0696,0.0696,0.052200000000000024,0.0696
008.png,0.9304,1.0,1.0,0.8782,1.0,0.0696,0.0696,0.052200000000000024,0.0696
008.png,0.9304,1.0,1.0,0.8782,0.7941,0.0696,0.0696,0.052200000000000024,0.13629999999999998
008.png,0.9304,1.0,1.0,0.8782,1.0,0.0696,0.0696,0.052200000000000024,0.0696
008.png,0.9304,1.0,1.0,0.8782,1.0,0.0696,0.0696,0.052200000000000024,0.0696
008.png,0.9304,1.0,1.0,0.8782,1.0,0.0696,0.0696,0.052200000000000024,0.0696
008.png,0.9304,1.0,1.0,0.8782,0.7941,0.0696,0.0696,0.052200000000000024,0.13629999999999998
008.png,0.9304,1.0,1.0,0.8782,1.0,0.0696,0.0696,0.052200000000000024,0.0696
008.png,0.9304,1.0,1.0,0.8782,1.0,0.0696,0.0696,0.052200000000000024,0.0696
008.png,0.9304,1.0,1.0,0.8782,1.0,0.0696,0.0696,0.052200000000000024,0.0696
008.png,0.9304,1.0,1.0,0.8782,0.7941,0.0696,0.0696,0.052200000000000024,0.13629999999999998
008.png,0.9304,1.0,1.0,0.8782,1.0,0.0696,0.0696,0.052200000000000024,0.0696
008.png,0.9304,1.0,1.0,0.8782,1.0,0.0696,0.0696,0.052200000000000024,0.0696
008.png,0.9304,1.0,1.0,0.8782,1.0,0.0696,0.0696,0.052200000000000024,0.0696
008.png,0.9304,1.0,1.0,0.8782,0.7941,0.0696,0.0696,0.052200000000000024,0.13629999999999998
008.png,0.9304,1.0,1.0,0.8782,1.0,0.0696,0.0696,0.052200000000000024,0.0696
008.png,0.9304,1.0,1.0,0.8782,1.0,0.0696,0.0696,0.052200000000000024,0.0696
008.png,0.9304,1.0,1.0,0.8782,1.0,0.0696,0.0696,0.052200000000000024,0.0696
008.png,0.9304,1.0,1.0,0.8782,0.7941,0.0696,0.0696,0.052200000000000024,0.13629999999999998
008.png,0.9304,1.0,1.0,0.8782,1.0,0.0696,0.0696,0.052200000000000024,0.0696
008.png,0.9304,1.0,1.0,0.8782,1.0,0.0696,0.0696,0.052200000000000024,0.0696
008.png,0.9304,1.0,1.0,0.8782,1.0,0.0696,0.0696,0.052200000000000024,0.0696
008.png,0.9304,1.0,1.0,0.8782,0.7941,0.0696,0.0696,0.052200000000000024,0.13629999999999998
008.png,0.9304,1.0,1.0,0.8782,1.0,0.0696,0.0696,0.052200000000000024,0.0696
008.png,0.9304,1.0,1.0,0.8782,1.0,0.0696,0.0696,0.052200000000000024,0.0696
008.png,0.9304,1.0,1.0,0.8782,1.0,0.0696,0.0696,0.052200000000000024,0.0696
008.png,0.9304,1.0,1.0,0.8782,0.7941,0.0696,0.0696,0.052200000000000024,0.13629999999999998
008.png,0.9304,1.0,1.0,0.8782,1.0,0.0696,0.0696,0.052200000000000024,0.0696
008.png,0.9304,1.0,1.0,0.8782,1.0,0.0696,0.0696,0.052200000000000024,0.0696
008.png,0.9304,1.0,1.0,0.8782,1.0,0.0696,0.0696,0.052200000000000024,0.0696
008.png,0.9304,1.0,1.0,0.8782,0.7941,0.0696,0.0696,0.052200000000000024,0.13629999999999998
008.png,0.9304,1.0,1.0,0.8782,1.0,0.0696,0.0696,0.052200000000000024,0.0696
008.png,0.9304,1.0,1.0,0.8782,1.0,0.0696,0.0696,0.052200000000000024,0.0696
008.png,0.9304,1.0,1.0,0.8782,1.0,0.0696,0.0696,0.052200000000000024,0.0696
008.png,0.9304,1.0,1.0,0.8782,0.7941,0.0696,0.0696,0.052200000000000024,0.13629999999999998
008.png,0.9304,1.0,1.0,0.8782,1.0,0.0696,0.0696,0.052200000000000024,0.0696
008.png,0.9304,1.0,1.0,0.8782,1.0,0.0696,0.0696,0.052200000000000024,0.0696
008.png,0.9304,1.0,1.0,0.8782,1.0,0.0696,0.0696,0.052200000000000024,0.0696
008.png,0.9304,1.0,1.0,0.8782,0.7941,0.0696,0.0696,0.052200000000000024,0.13629999999999998
008.png,0.9304,1.0,1.0,0.8782,1.0,0.0696,0.0696,0.052200000000000024,0.0696
008.png,0.9304,1.0,1.0,0.8782,1.0,0.0696,0.0696,0.052200000000000024,0.0696
008.png,0.9304,1.0,1.0,0.8782,1.0,0.0696,0.0696,0.052200000000000024,0.0696
008.png,0.9304,1.0,1.0,0.8782,0.7941,0.0696,0.0696,0.052200000000000024,0.13629999999999998
008.png,0.9304,1.0,1.0,0.8782,1.0,0.0696,0.0696,0.052200000000000024,0.0696
005.png,0.9022,1.0,1.0,0.8889,1.0,0.0978,0.0978,0.013299999999999979,0.0978
005.png,0.9022,1.0,1.0,0.8889,1.0,0.0978,0.0978,0.013299999999999979,0.0978
005.png,0.9022,1.0,1.0,0.8889,0.816,0.0978,0.0978,0.013299999999999979,0.08620000000000005
005.png,0.9022,1.0,1.0,0.8889,1.0,0.0978,0.0978,0.013299999999999979,0.0978
005.png,0.9022,1.0,1.0,0.8889,1.0,0.0978,0.0978,0.013299999999999979,0.0978
005.png,0.9022,1.0,1.0,0.8889,1.0,0.0978,0.0978,0.013299999999999979,0.0978
005.png,0.9022,1.0,1.0,0.8889,0.816,0.0978,0.0978,0.013299999999999979,0.08620000000000005
005.png,0.9022,1.0,1.0,0.8889,1.0,0.0978,0.0978,0.013299999999999979,0.0978
005.png,0.9022,1.0,1.0,0.8889,1.0,0.0978,0.0978,0.013299999999999979,0.0978
005.png,0.9022,1.0,1.0,0.8889,1.0,0.0978,0.0978,0.013299999999999979,0.0978
005.png,0.9022,1.0,1.0,0.8889,0.816,0.0978,0.0978,0.013299999999999979,0.08620000000000005
005.png,0.9022,1.0,1.0,0.8889,1.0,0.0978,0.0978,0.013299999999999979,0.0978
005.png,0.9022,1.0,1.0,0.8889,1.0,0.0978,0.0978,0.013299999999999979,0.0978
005.png,0.9022,1.0,1.0,0.8889,1.0,0.0978,0.0978,0.013299999999999979,0.0978
005.png,0.9022,1.0,1.0,0.8889,0.816,0.0978,0.0978,0.013299999999999979,0.08620000000000005
005.png,0.9022,1.0,1.0,0.8889,1.0,0.0978,0.0978,0.013299999999999979,0.0978
005.png,0.9022,1.0,1.0,0.8889,1.0,0.0978,0.0978,0.013299999999999979,0.0978
005.png,0.9022,1.0,1.0,0.8889,1.0,0.0978,0.0978,0.013299999999999979,0.0978
005.png,0.9022,1.0,1.0,0.8889,0.816,0.0978,0.0978,0.013299999999999979,0.08620000000000005
005.png,0.9022,1.0,1.0,0.8889,1.0,0.0978,0.0978,0.013299999999999979,0.0978
005.png,0.9022,1.0,1.0,0.8889,1.0,0.0978,0.0978,0.013299999999999979,0.0978
005.png,0.9022,1.0,1.0,0.8889,1.0,0.0978,0.0978,0.013299999999999979,0.0978
005.png,0.9022,1.0,1.0,0.8889,0.816,0.0978,0.0978,0.013299999999999979,0.08620000000000005
005.png,0.9022,1.0,1.0,0.8889,1.0,0.0978,0.0978,0.013299999999999979,0.0978
005.png,0.9022,1.0,1.0,0.8889,1.0,0.0978,0.0978,0.013299999999999979,0.0978
005.png,0.9022,1.0,1.0,0.8889,1.0,0.0978,0.0978,0.013299999999999979,0.0978
005.png,0.9022,1.0,1.0,0.8889,0.816,0.0978,0.0978,0.013299999999999979,0.08620000000000005
005.png,0.9022,1.0,1.0,0.8889,1.0,0.0978,0.0978,0.013299999999999979,0.0978
005.png,0.9022,1.0,1.0,0.8889,1.0,0.0978,0.0978,0.013299999999999979,0.0978
005.png,0.9022,1.0,1.0,0.8889,1.0,0.0978,0.0978,0.013299999999999979,0.0978
005.png,0.9022,1.0,1.0,0.8889,0.816,0.0978,0.0978,0.013299999999999979,0.08620000000000005
005.png,0.9022,1.0,1.0,0.8889,1.0,0.0978,0.0978,0.013299999999999979,0.0978
005.png,0.9022,1.0,1.0,0.8889,1.0,0.0978,0.0978,0.013299999999999979,0.0978
005.png,0.9022,1.0,1.0,0.8889,1.0,0.0978,0.0978,0.013299999999999979,0.0978
005.png,0.9022,1.0,1.0,0.8889,0.816,0.0978,0.0978,0.013299999999999979,0.08620000000000005
005.png,0.9022,1.0,1.0,0.8889,1.0,0.0978,0.0978,0.013299999999999979,0.0978
005.png,0.9022,1.0,1.0,0.8889,1.0,0.0978,0.0978,0.013299999999999979,0.0978
005.png,0.9022,1.0,1.0,0.8889,1.0,0.0978,0.0978,0.013299999999999979,0.0978
005.png,0.9022,1.0,1.0,0.8889,0.816,0.0978,0.0978,0.013299999999999979,0.08620000000000005
005.png,0.9022,1.0,1.0,0.8889,1.0,0.0978,0.0978,0.013299999999999979,0.0978
005.png,0.9022,1.0,1.0,0.8889,1.0,0.0978,0.0978,0.013299999999999979,0.0978
005.png,0.9022,1.0,1.0,0.8889,1.0,0.0978,0.0978,0.013299999999999979,0.0978
005.png,0.9022,1.0,1.0,0.8889,0.816,0.0978,0.0978,0.013299999999999979,0.08620000000000005
005.png,0.9022,1.0,1.0,0.8889,1.0,0.0978,0.0978,0.013299999999999979,0.0978
005.png,0.9022,1.0,1.0,0.8889,1.0,0.0978,0.0978,0.013299999999999979,0.0978
005.png,0.9022,1.0,1.0,0.8889,1.0,0.0978,0.0978,0.013299999999999979,0.0978
005.png,0.9022,1.0,1.0,0.8889,0.816,0.0978,0.0978,0.013299999999999979,0.08620000000000005
005.png,0.9022,1.0,1.0,0.8889,1.0,0.0978,0.0978,0.013299999999999979,0.0978
005.png,0.9022,1.0,1.0,0.8889,1.0,0.0978,0.0978,0.013299999999999979,0.0978
005.png,0.9022,1.0,1.0,0.8889,1.0,0.0978,0.0978,0.013299999999999979,0.0978
005.png,0.9022,1.0,1.0,0.8889,0.816,0.0978,0.0978,0.013299999999999979,0.08620000000000005
005.png,0.9022,1.0,1.0,0.8889,1.0,0.0978,0.0978,0.013299999999999979,0.0978
005.png,0.9022,1.0,1.0,0.8889,1.0,0.0978,0.0978,0.013299999999999979,0.0978
005.png,0.9022,1.0,1.0,0.8889,1.0,0.0978,0.0978,0.013299999999999979,0.0978
005.png,0.9022,1.0,1.0,0.8889,0.816,0.0978,0.0978,0.013299999999999979,0.08620000000000005
005.png,0.9022,1.0,1.0,0.8889,1.0,0.0978,0.0978,0.013299999999999979,0.0978
005.png,0.9022,1.0,1.0,0.8889,1.0,0.0978,0.0978,0.013299999999999979,0.0978
005.png,0.9022,1.0,1.0,0.8889,1.0,0.0978,0.0978,0.013299999999999979,0.0978
005.png,0.9022,1.0,1.0,0.8889,0.816,0.0978,0.0978,0.013299999999999979,0.08620000000000005
005.png,0.9022,1.0,1.0,0.8889,1.0,0.0978,0.0978,0.013299999999999979,0.0978
005.png,0.9022,1.0,1.0,0.8889,1.0,0.0978,0.0978,0.013299999999999979,0.0978
005.png,0.9022,1.0,1.0,0.8889,1.0,0.0978,0.0978,0.013299999999999979,0.0978
005.png,0.9022,1.0,1.0,0.8889,0.816,0.0978,0.0978,0.013299999999999979,0.08620000000000005
005.png,0.9022,1.0,1.0,0.8889,1.0,0.0978,0.0978,0.013299999999999979,0.0978
017.png,0.9319,1.0,1.0,0.9701,1.0,0.06810000000000005,0.06810000000000005,0.03820000000000001,0.06810000000000005
017.png,0.9319,1.0,1.0,0.9701,1.0,0.06810000000000005,0.06810000000000005,0.03820000000000001,0.06810000000000005
017.png,0.9319,1.0,1.0,0.9701,0.8673,0.06810000000000005,0.06810000000000005,0.03820000000000001,0.06459999999999999
017.png,0.9319,1.0,1.0,0.9701,1.0,0.06810000000000005,0.06810000000000005,0.03820000000000001,0.06810000000000005
017.png,0.9319,1.0,1.0,0.9701,1.0,0.06810000000000005,0.06810000000000005,0.03820000000000001,0.06810000000000005
017.png,0.9319,1.0,1.0,0.9701,1.0,0.06810000000000005,0.06810000000000005,0.03820000000000001,0.06810000000000005
017.png,0.9319,1.0,1.0,0.9701,0.8673,0.06810000000000005,0.06810000000000005,0.03820000000000001,0.06459999999999999
017.png,0.9319,1.0,1.0,0.9701,1.0,0.06810000000000005,0.06810000000000005,0.03820000000000001,0.06810000000000005
017.png,0.9319,1.0,0.7946,0.9701,1.0,0.06810000000000005,0.13729999999999998,0.03820000000000001,0.06810000000000005
017.png,0.9319,1.0,0.7946,0.9701,1.0,0.06810000000000005,0.13729999999999998,0.03820000000000001,0.06810000000000005
017.png,0.9319,1.0,0.7946,0.9701,0.8673,0.06810000000000005,0.13729999999999998,0.03820000000000001,0.06459999999999999
017.png,0.9319,1.0,0.7946,0.9701,1.0,0.06810000000000005,0.13729999999999998,0.03820000000000001,0.06810000000000005
017.png,0.9319,1.0,1.0,0.9701,1.0,0.06810000000000005,0.06810000000000005,0.03820000000000001,0.06810000000000005
017.png,0.9319,1.0,1.0,0.9701,1.0,0.06810000000000005,0.06810000000000005,0.03820000000000001,0.06810000000000005
017.png,0.9319,1.0,1.0,0.9701,0.8673,0.06810000000000005,0.06810000000000005,0.03820000000000001,0.06459999999999999
017.png,0.9319,1.0,1.0,0.9701,1.0,0.06810000000000005,0.06810000000000005,0.03820000000000001,0.06810000000000005
017.png,0.9319,1.0,1.0,0.9701,1.0,0.06810000000000005,0.06810000000000005,0.03820000000000001,0.06810000000000005
017.png,0.9319,1.0,1.0,0.9701,1.0,0.06810000000000005,0.06810000000000005,0.03820000000000001,0.06810000000000005
017.png,0.9319,1.0,1.0,0.9701,0.8673,0.06810000000000005,0.06810000000000005,0.03820000000000001,0.06459999999999999
017.png,0.9319,1.0,1.0,0.9701,1.0,0.06810000000000005,0.06810000000000005,0.03820000000000001,0.06810000000000005
017.png,0.9319,1.0,1.0,0.9701,1.0,0.06810000000000005,0.06810000000000005,0.03820000000000001,0.06810000000000005
017.png,0.9319,1.0,1.0,0.9701,1.0,0.06810000000000005,0.06810000000000005,0.03820000000000001,0.06810000000000005
017.png,0.9319,1.0,1.0,0.9701,0.8673,0.06810000000000005,0.06810000000000005,0.03820000000000001,0.06459999999999999
017.png,0.9319,1.0,1.0,0.9701,1.0,0.06810000000000005,0.06810000000000005,0.03820000000000001,0.06810000000000005
017.png,0.9319,1.0,0.7946,0.9701,1.0,0.06810000000000005,0.13729999999999998,0.03820000000000001,0.06810000000000005
017.png,0.9319,1.0,0.7946,0.9701,1.0,0.06810000000000005,0.13729999999999998,0.03820000000000001,0.06810000000000005
017.png,0.9319,1.0,0.7946,0.9701,0.8673,0.06810000000000005,0.13729999999999998,0.03820000000000001,0.06459999999999999
017.png,0.9319,1.0,0.7946,0.9701,1.0,0.06810000000000005,0.13729999999999998,0.03820000000000001,0.06810000000000005
017.png,0.9319,1.0,1.0,0.9701,1.0,0.06810000000000005,0.06810000000000005,0.03820000000000001,0.06810000000000005
017.png,0.9319,1.0,1.0,0.9701,1.0,0.06810000000000005,0.06810000000000005,0.03820000000000001,0.06810000000000005
017.png,0.9319,1.0,1.0,0.9701,0.8673,0.06810000000000005,0.06810000000000005,0.03820000000000001,0.06459999999999999
017.png,0.9319,1.0,1.0,0.9701,1.0,0.06810000000000005,0.06810000000000005,0.03820000000000001,0.06810000000000005
017.png,0.9319,0.8887,1.0,0.9701,1.0,0.043199999999999905,0.06810000000000005,0.03820000000000001,0.06810000000000005
017.png,0.9319,0.8887,1.0,0.9701,1.0,0.043199999999999905,0.06810000000000005,0.03820000000000001,0.06810000000000005
017.png,0.9319,0.8887,1.0,0.9701,0.8673,0.043199999999999905,0.06810000000000005,0.03820000000000001,0.06459999999999999
017.png,0.9319,0.8887,1.0,0.9701,1.0,0.043199999999999905,0.06810000000000005,0.03820000000000001,0.06810000000000005
017.png,0.9319,0.8887,1.0,0.9701,1.0,0.043199999999999905,0.06810000000000005,0.03820000000000001,0.06810000000000005
017.png,0.9319,0.8887,1.0,0.9701,1.0,0.043199999999999905,0.06810000000000005,0.03820000000000001,0.06810000000000005
017.png,0.9319,0.8887,1.0,0.9701,0.8673,0.043199999999999905,0.06810000000000005,0.03820000000000001,0.06459999999999999
017.png,0.9319,0.8887,1.0,0.9701,1.0,0.043199999999999905,0.06810000000000005,0.03820000000000001,0.06810000000000005
017.png,0.9319,0.8887,0.7946,0.9701,1.0,0.043199999999999905,0.13729999999999998,0.03820000000000001,0.06810000000000005
017.png,0.9319,0.8887,0.7946,0.9701,1.0,0.043199999999999905,0.13729999999999998,0.03820000000000001,0.06810000000000005
017.png,0.9319,0.8887,0.7946,0.9701,0.8673,0.043199999999999905,0.13729999999999998,0.03820000000000001,0.06459999999999999
017.png,0.9319,0.8887,0.7946,0.9701,1.0,0.043199999999999905,0.13729999999999998,0.03820000000000001,0.06810000000000005
017.png,0.9319,0.8887,1.0,0.9701,1.0,0.043199999999999905,0.06810000000000005,0.03820000000000001,0.06810000000000005
017.png,0.9319,0.8887,1.0,0.9701,1.0,0.043199999999999905,0.06810000000000005,0.03820000000000001,0.06810000000000005
017.png,0.9319,0.8887,1.0,0.9701,0.8673,0.043199999999999905,0.06810000000000005,0.03820000000000001,0.06459999999999999
017.png,0.9319,0.8887,1.0,0.9701,1.0,0.043199999999999905,0.06810000000000005,0.03820000000000001,0.06810000000000005
017.png,0.9319,1.0,1.0,0.9701,1.0,0.06810000000000005,0.06810000000000005,0.03820000000000001,0.06810000000000005
017.png,0.9319,1.0,1.0,0.9701,1.0,0.06810000000000005,0.06810000000000005,0.03820000000000001,0.06810000000000005
017.png,0.9319,1.0,1.0,0.9701,0.8673,0.06810000000000005,0.06810000000000005,0.03820000000000001,0.06459999999999999
017.png,0.9319,1.0,1.0,0.9701,1.0,0.06810000000000005,0.06810000000000005,0.03820000000000001,0.06810000000000005
017.png,0.9319,1.0,1.0,0.9701,1.0,0.06810000000000005,0.06810000000000005,0.03820000000000001,0.06810000000000005
017.png,0.9319,1.0,1.0,0.9701,1.0,0.06810000000000005,0.06810000000000005,0.03820000000000001,0.06810000000000005
017.png,0.9319,1.0,1.0,0.9701,0.8673,0.06810000000000005,0.06810000000000005,0.03820000000000001,0.06459999999999999
017.png,0.9319,1.0,1.0,0.9701,1.0,0.06810000000000005,0.06810000000000005,0.03820000000000001,0.06810000000000005
017.png,0.9319,1.0,0.7946,0.9701,1.0,0.06810000000000005,0.13729999999999998,0.03820000000000001,0.06810000000000005
017.png,0.9319,1.0,0.7946,0.9701,1.0,0.06810000000000005,0.13729999999999998,0.03820000000000001,0.06810000000000005
017.png,0.9319,1.0,0.7946,0.9701,0.8673,0.06810000000000005,0.13729999999999998,0.03820000000000001,0.06459999999999999
017.png,0.9319,1.0,0.7946,0.9701,1.0,0.06810000000000005,0.13729999999999998,0.03820000000000001,0.06810000000000005
017.png,0.9319,1.0,1.0,0.9701,1.0,0.06810000000000005,0.06810000000000005,0.03820000000000001,0.06810000000000005
017.png,0.9319,1.0,1.0,0.9701,1.0,0.06810000000000005,0.06810000000000005,0.03820000000000001,0.06810000000000005
017.png,0.9319,1.0,1.0,0.9701,0.8673,0.06810000000000005,0.06810000000000005,0.03820000000000001,0.06459999999999999
017.png,0.9319,1.0,1.0,0.9701,1.0,0.06810000000000005,0.06810000000000005,0.03820000000000001,0.06810000000000005
001.png,0.9163,1.0,1.0,0.9172,1.0,0.0837,0.0837,0.0009000000000000119,0.0837
001.png,0.9163,1.0,1.0,0.9172,1.0,0.0837,0.0837,0.0009000000000000119,0.0837
001.png,0.9163,1.0,1.0,0.9172,0.8559,0.0837,0.0837,0.0009000000000000119,0.06040000000000001
001.png,0.9163,1.0,1.0,0.9172,1.0,0.0837,0.0837,0.0009000000000000119,0.0837
001.png,0.9163,1.0,1.0,0.9172,1.0,0.0837,0.0837,0.0009000000000000119,0.0837
001.png,0.9163,1.0,1.0,0.9172,1.0,0.0837,0.0837,0.0009000000000000119,0.0837
001.png,0.9163,1.0,1.0,0.9172,0.8559,0.0837,0.0837,0.0009000000000000119,0.06040000000000001
001.png,0.9163,1.0,1.0,0.9172,1.0,0.0837,0.0837,0.0009000000000000119,0.0837
001.png,0.9163,1.0,1.0,0.9172,1.0,0.0837,0.0837,0.0009000000000000119,0.0837
001.png,0.9163,1.0,1.0,0.9172,1.0,0.0837,0.0837,0.0009000000000000119,0.0837
001.png,0.9163,1.0,1.0,0.9172,0.8559,0.0837,0.0837,0.0009000000000000119,0.06040000000000001
001.png,0.9163,1.0,1.0,0.9172,1.0,0.0837,0.0837,0.0009000000000000119,0.0837
001.png,0.9163,1.0,1.0,0.9172,1.0,0.0837,0.0837,0.0009000000000000119,0.0837
001.png,0.9163,1.0,1.0,0.9172,1.0,0.0837,0.0837,0.0009000000000000119,0.0837
001.png,0.9163,1.0,1.0,0.9172,0.8559,0.0837,0.0837,0.0009000000000000119,0.06040000000000001
001.png,0.9163,1.0,1.0,0.9172,1.0,0.0837,0.0837,0.0009000000000000119,0.0837
001.png,0.9163,1.0,1.0,0.9172,1.0,0.0837,0.0837,0.0009000000000000119,0.0837
001.png,0.9163,1.0,1.0,0.9172,1.0,0.0837,0.0837,0.0009000000000000119,0.0837
001.png,0.9163,1.0,1.0,0.9172,0.8559,0.0837,0.0837,0.0009000000000000119,0.06040000000000001
001.png,0.9163,1.0,1.0,0.9172,1.0,0.0837,0.0837,0.0009000000000000119,0.0837
001.png,0.9163,1.0,1.0,0.9172,1.0,0.0837,0.0837,0.0009000000000000119,0.0837
001.png,0.9163,1.0,1.0,0.9172,1.0,0.0837,0.0837,0.0009000000000000119,0.0837
001.png,0.9163,1.0,1.0,0.9172,0.8559,0.0837,0.0837,0.0009000000000000119,0.06040000000000001
001.png,0.9163,1.0,1.0,0.9172,1.0,0.0837,0.0837,0.0009000000000000119,0.0837
001.png,0.9163,1.0,1.0,0.9172,1.0,0.0837,0.0837,0.0009000000000000119,0.0837
001.png,0.9163,1.0,1.0,0.9172,1.0,0.0837,0.0837,0.0009000000000000119,0.0837
001.png,0.9163,1.0,1.0,0.9172,0.8559,0.0837,0.0837,0.0009000000000000119,0.06040000000000001
001.png,0.9163,1.0,1.0,0.9172,1.0,0.0837,0.0837,0.0009000000000000119,0.0837
001.png,0.9163,1.0,1.0,0.9172,1.0,0.0837,0.0837,0.0009000000000000119,0.0837
001.png,0.9163,1.0,1.0,0.9172,1.0,0.0837,0.0837,0.0009000000000000119,0.0837
001.png,0.9163,1.0,1.0,0.9172,0.8559,0.0837,0.0837,0.0009000000000000119,0.06040000000000001
001.png,0.9163,1.0,1.0,0.9172,1.0,0.0837,0.0837,0.0009000000000000119,0.0837
001.png,0.9163,1.0,1.0,0.9172,1.0,0.0837,0.0837,0.0009000000000000119,0.0837
001.png,0.9163,1.0,1.0,0.9172,1.0,0.0837,0.0837,0.0009000000000000119,0.0837
001.png,0.9163,1.0,1.0,0.9172,0.8559,0.0837,0.0837,0.0009000000000000119,0.06040000000000001
001.png,0.9163,1.0,1.0,0.9172,1.0,0.0837,0.0837,0.0009000000000000119,0.0837
001.png,0.9163,1.0,1.0,0.9172,1.0,0.0837,0.0837,0.0009000000000000119,0.0837
001.png,0.9163,1.0,1.0,0.9172,1.0,0.0837,0.0837,0.0009000000000000119,0.0837
001.png,0.9163,1.0,1.0,0.9172,0.8559,0.0837,0.0837,0.0009000000000000119,0.06040000000000001
001.png,0.9163,1.0,1.0,0.9172,1.0,0.0837,0.0837,0.0009000000000000119,0.0837
001.png,0.9163,1.0,1.0,0.9172,1.0,0.0837,0.0837,0.0009000000000000119,0.0837
001.png,0.9163,1.0,1.0,0.9172,1.0,0.0837,0.0837,0.0009000000000000119,0.0837
001.png,0.9163,1.0,1.0,0.9172,0.8559,0.0837,0.0837,0.0009000000000000119,0.06040000000000001
001.png,0.9163,1.0,1.0,0.9172,1.0,0.0837,0.0837,0.0009000000000000119,0.0837
001.png,0.9163,1.0,1.0,0.9172,1.0,0.0837,0.0837,0.0009000000000000119,0.0837
001.png,0.9163,1.0,1.0,0.9172,1.0,0.0837,0.0837,0.0009000000000000119,0.0837
001.png,0.9163,1.0,1.0,0.9172,0.8559,0.0837,0.0837,0.0009000000000000119,0.06040000000000001
001.png,0.9163,1.0,1.0,0.9172,1.0,0.0837,0.0837,0.0009000000000000119,0.0837
001.png,0.9163,1.0,1.0,0.9172,1.0,0.0837,0.0837,0.0009000000000000119,0.0837
001.png,0.9163,1.0,1.0,0.9172,1.0,0.0837,0.0837,0.0009000000000000119,0.0837
001.png,0.9163,1.0,1.0,0.9172,0.8559,0.0837,0.0837,0.0009000000000000119,0.06040000000000001
001.png,0.9163,1.0,1.0,0.9172,1.0,0.0837,0.0837,0.0009000000000000119,0.0837
001.png,0.9163,1.0,1.0,0.9172,1.0,0.0837,0.0837,0.0009000000000000119,0.0837
001.png,0.9163,1.0,1.0,0.9172,1.0,0.0837,0.0837,0.0009000000000000119,0.0837
001.png,0.9163,1.0,1.0,0.9172,0.8559,0.0837,0.0837,0.0009000000000000119,0.06040000000000001
001.png,0.9163,1.0,1.0,0.9172,1.0,0.0837,0.0837,0.0009000000000000119,0.0837
001.png,0.9163,1.0,1.0,0.9172,1.0,0.0837,0.0837,0.0009000000000000119,0.0837
001.png,0.9163,1.0,1.0,0.9172,1.0,0.0837,0.0837,0.0009000000000000119,0.0837
001.png,0.9163,1.0,1.0,0.9172,0.8559,0.0837,0.0837,0.0009000000000000119,0.06040000000000001
001.png,0.9163,1.0,1.0,0.9172,1.0,0.0837,0.0837,0.0009000000000000119,0.0837
001.png,0.9163,1.0,1.0,0.9172,1.0,0.0837,0.0837,0.0009000000000000119,0.0837
001.png,0.9163,1.0,1.0,0.9172,1.0,0.0837,0.0837,0.0009000000000000119,0.0837
001.png,0.9163,1.0,1.0,0.9172,0.8559,0.0837,0.0837,0.0009000000000000119,0.06040000000000001
001.png,0.9163,1.0,1.0,0.9172,1.0,0.0837,0.0837,0.0009000000000000119,0.0837
011.png,0.8971,1.0,1.0,0.9204,1.0,0.10289999999999999,0.10289999999999999,0.023299999999999987,0.10289999999999999
011.png,0.8971,1.0,1.0,0.9204,1.0,0.10289999999999999,0.10289999999999999,0.023299999999999987,0.10289999999999999
011.png,0.8971,1.0,1.0,0.9204,0.7127,0.10289999999999999,0.10289999999999999,0.023299999999999987,0.1844
011.png,0.8971,1.0,1.0,0.9204,1.0,0.10289999999999999,0.10289999999999999,0.023299999999999987,0.10289999999999999
011.png,0.8971,1.0,1.0,0.9204,1.0,0.10289999999999999,0.10289999999999999,0.023299999999999987,0.10289999999999999
011.png,0.8971,1.0,1.0,0.9204,1.0,0.10289999999999999,0.10289999999999999,0.023299999999999987,0.10289999999999999
011.png,0.8971,1.0,1.0,0.9204,0.7127,0.10289999999999999,0.10289999999999999,0.023299999999999987,0.1844
011.png,0.8971,1.0,1.0,0.9204,1.0,0.10289999999999999,0.10289999999999999,0.023299999999999987,0.10289999999999999
011.png,0.8971,1.0,0.6371,0.9204,1.0,0.10289999999999999,0.26,0.023299999999999987,0.10289999999999999
011.png,0.8971,1.0,0.6371,0.9204,1.0,0.10289999999999999,0.26,0.023299999999999987,0.10289999999999999
011.png,0.8971,1.0,0.6371,0.9204,0.7127,0.10289999999999999,0.26,0.023299999999999987,0.1844
011.png,0.8971,1.0,0.6371,0.9204,1.0,0.10289999999999999,0.26,0.023299999999999987,0.10289999999999999
011.png,0.8971,1.0,1.0,0.9204,1.0,0.10289999999999999,0.10289999999999999,0.023299999999999987,0.10289999999999999
011.png,0.8971,1.0,1.0,0.9204,1.0,0.10289999999999999,0.10289999999999999,0.023299999999999987,0.10289999999999999
011.png,0.8971,1.0,1.0,0.9204,0.7127,0.10289999999999999,0.10289999999999999,0.023299999999999987,0.1844
011.png,0.8971,1.0,1.0,0.9204,1.0,0.10289999999999999,0.10289999999999999,0.023299999999999987,0.10289999999999999
011.png,0.8971,1.0,1.0,0.9204,1.0,0.10289999999999999,0.10289999999999999,0.023299999999999987,0.10289999999999999
011.png,0.8971,1.0,1.0,0.9204,1.0,0.10289999999999999,0.10289999999999999,0.023299999999999987,0.10289999999999999
011.png,0.8971,1.0,1.0,0.9204,0.7127,0.10289999999999999,0.10289999999999999,0.023299999999999987,0.1844
011.png,0.8971,1.0,1.0,0.9204,1.0,0.10289999999999999,0.10289999999999999,0.023299999999999987,0.10289999999999999
011.png,0.8971,1.0,1.0,0.9204,1.0,0.10289999999999999,0.10289999999999999,0.023299999999999987,0.10289999999999999
011.png,0.8971,1.0,1.0,0.9204,1.0,0.10289999999999999,0.10289999999999999,0.023299999999999987,0.10289999999999999
011.png,0.8971,1.0,1.0,0.9204,0.7127,0.10289999999999999,0.10289999999999999,0.023299999999999987,0.1844
011.png,0.8971,1.0,1.0,0.9204,1.0,0.10289999999999999,0.10289999999999999,0.023299999999999987,0.10289999999999999
011.png,0.8971,1.0,0.6371,0.9204,1.0,0.10289999999999999,0.26,0.023299999999999987,0.10289999999999999
011.png,0.8971,1.0,0.6371,0.9204,1.0,0.10289999999999999,0.26,0.023299999999999987,0.10289999999999999
011.png,0.8971,1.0,0.6371,0.9204,0.7127,0.10289999999999999,0.26,0.023299999999999987,0.1844
011.png,0.8971,1.0,0.6371,0.9204,1.0,0.10289999999999999,0.26,0.023299999999999987,0.10289999999999999
011.png,0.8971,1.0,1.0,0.9204,1.0,0.10289999999999999,0.10289999999999999,0.023299999999999987,0.10289999999999999
011.png,0.8971,1.0,1.0,0.9204,1.0,0.10289999999999999,0.10289999999999999,0.023299999999999987,0.10289999999999999
011.png,0.8971,1.0,1.0,0.9204,0.7127,0.10289999999999999,0.10289999999999999,0.023299999999999987,0.1844
011.png,0.8971,1.0,1.0,0.9204,1.0,0.10289999999999999,0.10289999999999999,0.023299999999999987,0.10289999999999999
011.png,0.8971,0.6655,1.0,0.9204,1.0,0.23160000000000003,0.10289999999999999,0.023299999999999987,0.10289999999999999
011.png,0.8971,0.6655,1.0,0.9204,1.0,0.23160000000000003,0.10289999999999999,0.023299999999999987,0.10289999999999999
011.png,0.8971,0.6655,1.0,0.9204,0.7127,0.23160000000000003,0.10289999999999999,0.023299999999999987,0.1844
011.png,0.8971,0.6655,1.0,0.9204,1.0,0.23160000000000003,0.10289999999999999,0.023299999999999987,0.10289999999999999
011.png,0.8971,0.6655,1.0,0.9204,1.0,0.23160000000000003,0.10289999999999999,0.023299999999999987,0.10289999999999999
011.png,0.8971,0.6655,1.0,0.9204,1.0,0.23160000000000003,0.10289999999999999,0.023299999999999987,0.10289999999999999
011.png,0.8971,0.6655,1.0,0.9204,0.7127,0.23160000000000003,0.10289999999999999,0.023299999999999987,0.1844
011.png,0.8971,0.6655,1.0,0.9204,1.0,0.23160000000000003,0.10289999999999999,0.023299999999999987,0.10289999999999999
011.png,0.8971,0.6655,0.6371,0.9204,1.0,0.23160000000000003,0.26,0.023299999999999987,0.10289999999999999
011.png,0.8971,0.6655,0.6371,0.9204,1.0,0.23160000000000003,0.26,0.023299999999999987,0.10289999999999999
011.png,0.8971,0.6655,0.6371,0.9204,0.7127,0.23160000000000003,0.26,0.023299999999999987,0.1844
011.png,0.8971,0.6655,0.6371,0.9204,1.0,0.23160000000000003,0.26,0.023299999999999987,0.10289999999999999
011.png,0.8971,0.6655,1.0,0.9204,1.0,0.23160000000000003,0.10289999999999999,0.023299999999999987,0.10289999999999999
011.png,0.8971,0.6655,1.0,0.9204,1.0,0.23160000000000003,0.10289999999999999,0.023299999999999987,0.10289999999999999
011.png,0.8971,0.6655,1.0,0.9204,0.7127,0.23160000000000003,0.10289999999999999,0.023299999999999987,0.1844
011.png,0.8971,0.6655,1.0,0.9204,1.0,0.23160000000000003,0.10289999999999999,0.023299999999999987,0.10289999999999999
011.png,0.8971,1.0,1.0,0.9204,1.0,0.10289999999999999,0.10289999999999999,0.023299999999999987,0.10289999999999999
011.png,0.8971,1.0,1.0,0.9204,1.0,0.10289999999999999,0.10289999999999999,0.023299999999999987,0.10289999999999999
011.png,0.8971,1.0,1.0,0.9204,0.7127,0.10289999999999999,0.10289999999999999,0.023299999999999987,0.1844
011.png,0.8971,1.0,1.0,0.9204,1.0,0.10289999999999999,0.10289999999999999,0.023299999999999987,0.10289999999999999
011.png,0.8971,1.0,1.0,0.9204,1.0,0.10289999999999999,0.10289999999999999,0.023299999999999987,0.10289999999999999
011.png,0.8971,1.0,1.0,0.9204,1.0,0.10289999999999999,0.10289999999999999,0.023299999999999987,0.10289999999999999
011.png,0.8971,1.0,1.0,0.9204,0.7127,0.10289999999999999,0.10289999999999999,0.023299999999999987,0.1844
011.png,0.8971,1.0,1.0,0.9204,1.0,0.10289999999999999,0.10289999999999999,0.023299999999999987,0.10289999999999999
011.png,0.8971,1.0,0.6371,0.9204,1.0,0.10289999999999999,0.26,0.023299999999999987,0.10289999999999999
011.png,0.8971,1.0,0.6371,0.9204,1.0,0.10289999999999999,0.26,0.023299999999999987,0.10289999999999999
011.png,0.8971,1.0,0.6371,0.9204,0.7127,0.10289999999999999,0.26,0.023299999999999987,0.1844
011.png,0.8971,1.0,0.6371,0.9204,1.0,0.10289999999999999,0.26,0.023299999999999987,0.10289999999999999
011.png,0.8971,1.0,1.0,0.9204,1.0,0.10289999999999999,0.10289999999999999,0.023299999999999987,0.10289999999999999
011.png,0.8971,1.0,1.0,0.9204,1.0,0.10289999999999999,0.10289999999999999,0.023299999999999987,0.10289999999999999
011.png,0.8971,1.0,1.0,0.9204,0.7127,0.10289999999999999,0.10289999999999999,0.023299999999999987,0.1844
011.png,0.8971,1.0,1.0,0.9204,1.0,0.10289999999999999,0.10289999999999999,0.023299999999999987,0.10289999999999999
000.png,0.969,1.0,1.0,0.8829,1.0,0.031000000000000028,0.031000000000000028,0.08609999999999995,0.031000000000000028
000.png,0.969,1.0,1.0,0.8829,1.0,0.031000000000000028,0.031000000000000028,0.08609999999999995,0.031000000000000028
000.png,0.969,1.0,1.0,0.8829,0.7484,0.031000000000000028,0.031000000000000028,0.08609999999999995,0.22060000000000002
000.png,0.969,1.0,1.0,0.8829,1.0,0.031000000000000028,0.031000000000000028,0.08609999999999995,0.031000000000000028
000.png,0.969,1.0,1.0,0.8829,1.0,0.031000000000000028,0.031000000000000028,0.08609999999999995,0.031000000000000028
000.png,0.969,1.0,1.0,0.8829,1.0,0.031000000000000028,0.031000000000000028,0.08609999999999995,0.031000000000000028
000.png,0.969,1.0,1.0,0.8829,0.7484,0.031000000000000028,0.031000000000000028,0.08609999999999995,0.22060000000000002
000.png,0.969,1.0,1.0,0.8829,1.0,0.031000000000000028,0.031000000000000028,0.08609999999999995,0.031000000000000028
000.png,0.969,1.0,0.9267,0.8829,1.0,0.031000000000000028,0.042300000000000004,0.08609999999999995,0.031000000000000028
000.png,0.969,1.0,0.9267,0.8829,1.0,0.031000000000000028,0.042300000000000004,0.08609999999999995,0.031000000000000028
000.png,0.969,1.0,0.9267,0.8829,0.7484,0.031000000000000028,0.042300000000000004,0.08609999999999995,0.22060000000000002
000.png,0.969,1.0,0.9267,0.8829,1.0,0.031000000000000028,0.042300000000000004,0.08609999999999995,0.031000000000000028
000.png,0.969,1.0,1.0,0.8829,1.0,0.031000000000000028,0.031000000000000028,0.08609999999999995,0.031000000000000028
000.png,0.969,1.0,1.0,0.8829,1.0,0.031000000000000028,0.031000000000000028,0.08609999999999995,0.031000000000000028
000.png,0.969,1.0,1.0,0.8829,0.7484,0.031000000000000028,0.031000000000000028,0.08609999999999995,0.22060000000000002
000.png,0.969,1.0,1.0,0.8829,1.0,0.031000000000000028,0.031000000000000028,0.08609999999999995,0.031000000000000028
000.png,0.969,1.0,1.0,0.8829,1.0,0.031000000000000028,0.031000000000000028,0.08609999999999995,0.031000000000000028
000.png,0.969,1.0,1.0,0.8829,1.0,0.031000000000000028,0.031000000000000028,0.08609999999999995,0.031000000000000028
000.png,0.969,1.0,1.0,0.8829,0.7484,0.031000000000000028,0.031000000000000028,0.08609999999999995,0.22060000000000002
000.png,0.969,1.0,1.0,0.8829,1.0,0.031000000000000028,0.031000000000000028,0.08609999999999995,0.031000000000000028
000.png,0.969,1.0,1.0,0.8829,1.0,0.031000000000000028,0.031000000000000028,0.08609999999999995,0.031000000000000028
000.png,0.969,1.0,1.0,0.8829,1.0,0.031000000000000028,0.031000000000000028,0.08609999999999995,0.031000000000000028
000.png,0.969,1.0,1.0,0.8829,0.7484,0.031000000000000028,0.031000000000000028,0.08609999999999995,0.22060000000000002
000.png,0.969,1.0,1.0,0.8829,1.0,0.031000000000000028,0.031000000000000028,0.08609999999999995,0.031000000000000028
000.png,0.969,1.0,0.9267,0.8829,1.0,0.031000000000000028,0.042300000000000004,0.08609999999999995,0.031000000000000028
000.png,0.969,1.0,0.9267,0.8829,1.0,0.031000000000000028,0.042300000000000004,0.08609999999999995,0.031000000000000028
000.png,0.969,1.0,0.9267,0.8829,0.7484,0.031000000000000028,0.042300000000000004,0.08609999999999995,0.22060000000000002
000.png,0.969,1.0,0.9267,0.8829,1.0,0.031000000000000028,0.042300000000000004,0.08609999999999995,0.031000000000000028
000.png,0.969,1.0,1.0,0.8829,1.0,0.031000000000000028,0.031000000000000028,0.08609999999999995,0.031000000000000028
000.png,0.969,1.0,1.0,0.8829,1.0,0.031000000000000028,0.031000000000000028,0.08609999999999995,0.031000000000000028
000.png,0.969,1.0,1.0,0.8829,0.7484,0.031000000000000028,0.031000000000000028,0.08609999999999995,0.22060000000000002
000.png,0.969,1.0,1.0,0.8829,1.0,0.031000000000000028,0.031000000000000028,0.08609999999999995,0.031000000000000028
000.png,0.969,0.9492,1.0,0.8829,1.0,0.01979999999999993,0.031000000000000028,0.08609999999999995,0.031000000000000028
000.png,0.969,0.9492,1.0,0.8829,1.0,0.01979999999999993,0.031000000000000028,0.08609999999999995,0.031000000000000028
000.png,0.969,0.9492,1.0,0.8829,0.7484,0.01979999999999993,0.031000000000000028,0.08609999999999995,0.22060000000000002
000.png,0.969,0.9492,1.0,0.8829,1.0,0.01979999999999993,0.031000000000000028,0.08609999999999995,0.031000000000000028
000.png,0.969,0.9492,1.0,0.8829,1.0,0.01979999999999993,0.031000000000000028,0.08609999999999995,0.031000000000000028
000.png,0.969,0.9492,1.0,0.8829,1.0,0.01979999999999993,0.031000000000000028,0.08609999999999995,0.031000000000000028
000.png,0.969,0.9492,1.0,0.8829,0.7484,0.01979999999999993,0.031000000000000028,0.08609999999999995,0.22060000000000002
000.png,0.969,0.9492,1.0,0.8829,1.0,0.01979999999999993,0.031000000000000028,0.08609999999999995,0.031000000000000028
000.png,0.969,0.9492,0.9267,0.8829,1.0,0.01979999999999993,0.042300000000000004,0.08609999999999995,0.031000000000000028
000.png,0.969,0.9492,0.9267,0.8829,1.0,0.01979999999999993,0.042300000000000004,0.08609999999999995,0.031000000000000028
000.png,0.969,0.9492,0.9267,0.8829,0.7484,0.01979999999999993,0.042300000000000004,0.08609999999999995,0.22060000000000002
000.png,0.969,0.9492,0.9267,0.8829,1.0,0.01979999999999993,0.042300000000000004,0.08609999999999995,0.031000000000000028
000.png,0.969,0.9492,1.0,0.8829,1.0,0.01979999999999993,0.031000000000000028,0.08609999999999995,0.031000000000000028
000.png,0.969,0.9492,1.0,0.8829,1.0,0.01979999999999993,0.031000000000000028,0.08609999999999995,0.031000000000000028
000.png,0.969,0.9492,1.0,0.8829,0.7484,0.01979999999999993,0.031000000000000028,0.08609999999999995,0.22060000000000002
000.png,0.969,0.9492,1.0,0.8829,1.0,0.01979999999999993,0.031000000000000028,0.08609999999999995,0.031000000000000028
000.png,0.969,1.0,1.0,0.8829,1.0,0.031000000000000028,0.031000000000000028,0.08609999999999995,0.031000000000000028
000.png,0.969,1.0,1.0,0.8829,1.0,0.031000000000000028,0.031000000000000028,0.08609999999999995,0.031000000000000028
000.png,0.969,1.0,1.0,0.8829,0.7484,0.031000000000000028,0.031000000000000028,0.08609999999999995,0.22060000000000002
000.png,0.969,1.0,1.0,0.8829,1.0,0.031000000000000028,0.031000000000000028,0.08609999999999995,0.031000000000000028
000.png,0.969,1.0,1.0,0.8829,1.0,0.031000000000000028,0.031000000000000028,0.08609999999999995,0.031000000000000028
000.png,0.969,1.0,1.0,0.8829,1.0,0.031000000000000028,0.031000000000000028,0.08609999999999995,0.031000000000000028
000.png,0.969,1.0,1.0,0.8829,0.7484,0.031000000000000028,0.031000000000000028,0.08609999999999995,0.22060000000000002
000.png,0.969,1.0,1.0,0.8829,1.0,0.031000000000000028,0.031000000000000028,0.08609999999999995,0.031000000000000028
000.png,0.969,1.0,0.9267,0.8829,1.0,0.031000000000000028,0.042300000000000004,0.08609999999999995,0.031000000000000028
000.png,0.969,1.0,0.9267,0.8829,1.0,0.031000000000000028,0.042300000000000004,0.08609999999999995,0.031000000000000028
000.png,0.969,1.0,0.9267,0.8829,0.7484,0.031000000000000028,0.042300000000000004,0.08609999999999995,0.22060000000000002
000.png,0.969,1.0,0.9267,0.8829,1.0,0.031000000000000028,0.042300000000000004,0.08609999999999995,0.031000000000000028
000.png,0.969,1.0,1.0,0.8829,1.0,0.031000000000000028,0.031000000000000028,0.08609999999999995,0.031000000000000028
000.png,0.969,1.0,1.0,0.8829,1.0,0.031000000000000028,0.031000000000000028,0.08609999999999995,0.031000000000000028
000.png,0.969,1.0,1.0,0.8829,0.7484,0.031000000000000028,0.031000000000000028,0.08609999999999995,0.22060000000000002
000.png,0.969,1.0,1.0,0.8829,1.0,0.031000000000000028,0.031000000000000028,0.08609999999999995,0.031000000000000028
010.png,0.9316,1.0,1.0,0.9186,1.0,0.06840000000000002,0.06840000000000002,0.013000000000000012,0.06840000000000002
010.png,0.9316,1.0,1.0,0.9186,1.0,0.06840000000000002,0.06840000000000002,0.013000000000000012,0.06840000000000002
010.png,0.9316,1.0,1.0,0.9186,1.0,0.06840000000000002,0.06840000000000002,0.013000000000000012,0.06840000000000002
010.png,0.9316,1.0,1.0,0.9186,1.0,0.06840000000000002,0.06840000000000002,0.013000000000000012,0.06840000000000002
010.png,0.9316,1.0,1.0,0.9186,1.0,0.06840000000000002,0.06840000000000002,0.013000000000000012,0.06840000000000002
010.png,0.9316,1.0,1.0,0.9186,1.0,0.06840000000000002,0.06840000000000002,0.013000000000000012,0.06840000000000002
010.png,0.9316,1.0,1.0,0.9186,1.0,0.06840000000000002,0.06840000000000002,0.013000000000000012,0.06840000000000002
010.png,0.9316,1.0,1.0,0.9186,1.0,0.06840000000000002,0.06840000000000002,0.013000000000000012,0.06840000000000002
010.png,0.9316,1.0,1.0,0.9186,1.0,0.06840000000000002,0.06840000000000002,0.013000000000000012,0.06840000000000002
010.png,0.9316,1.0,1.0,0.9186,1.0,0.06840000000000002,0.06840000000000002,0.013000000000000012,0.06840000000000002
010.png,0.9316,1.0,1.0,0.9186,1.0,0.06840000000000002,0.06840000000000002,0.013000000000000012,0.06840000000000002
010.png,0.9316,1.0,1.0,0.9186,1.0,0.06840000000000002,0.06840000000000002,0.013000000000000012,0.06840000000000002
010.png,0.9316,1.0,1.0,0.9186,1.0,0.06840000000000002,0.06840000000000002,0.013000000000000012,0.06840000000000002
010.png,0.9316,1.0,1.0,0.9186,1.0,0.06840000000000002,0.06840000000000002,0.013000000000000012,0.06840000000000002
010.png,0.9316,1.0,1.0,0.9186,1.0,0.06840000000000002,0.06840000000000002,0.013000000000000012,0.06840000000000002
010.png,0.9316,1.0,1.0,0.9186,1.0,0.06840000000000002,0.06840000000000002,0.013000000000000012,0.06840000000000002
010.png,0.9316,1.0,1.0,0.9186,1.0,0.06840000000000002,0.06840000000000002,0.013000000000000012,0.06840000000000002
010.png,0.9316,1.0,1.0,0.9186,1.0,0.06840000000000002,0.06840000000000002,0.013000000000000012,0.06840000000000002
010.png,0.9316,1.0,1.0,0.9186,1.0,0.06840000000000002,0.06840000000000002,0.013000000000000012,0.06840000000000002
010.png,0.9316,1.0,1.0,0.9186,1.0,0.06840000000000002,0.06840000000000002,0.013000000000000012,0.06840000000000002
010.png,0.9316,1.0,1.0,0.9186,1.0,0.06840000000000002,0.06840000000000002,0.013000000000000012,0.06840000000000002
010.png,0.9316,1.0,1.0,0.9186,1.0,0.06840000000000002,0.06840000000000002,0.013000000000000012,0.06840000000000002
010.png,0.9316,1.0,1.0,0.9186,1.0,0.06840000000000002,0.06840000000000002,0.013000000000000012,0.06840000000000002
010.png,0.9316,1.0,1.0,0.9186,1.0,0.06840000000000002,0.06840000000000002,0.013000000000000012,0.06840000000000002
010.png,0.9316,1.0,1.0,0.9186,1.0,0.06840000000000002,0.06840000000000002,0.013000000000000012,0.06840000000000002
010.png,0.9316,1.0,1.0,0.9186,1.0,0.06840000000000002,0.06840000000000002,0.013000000000000012,0.06840000000000002
010.png,0.9316,1.0,1.0,0.9186,1.0,0.06840000000000002,0.06840000000000002,0.013000000000000012,0.06840000000000002
010.png,0.9316,1.0,1.0,0.9186,1.0,0.06840000000000002,0.06840000000000002,0.013000000000000012,0.06840000000000002
010.png,0.9316,1.0,1.0,0.9186,1.0,0.06840000000000002,0.06840000000000002,0.013000000000000012,0.06840000000000002
010.png,0.9316,1.0,1.0,0.9186,1.0,0.06840000000000002,0.06840000000000002,0.013000000000000012,0.06840000000000002
010.png,0.9316,1.0,1.0,0.9186,1.0,0.06840000000000002,0.06840000000000002,0.013000000000000012,0.06840000000000002
010.png,0.9316,1.0,1.0,0.9186,1.0,0.06840000000000002,0.06840000000000002,0.013000000000000012,0.06840000000000002
010.png,0.9316,1.0,1.0,0.9186,1.0,0.06840000000000002,0.06840000000000002,0.013000000000000012,0.06840000000000002
010.png,0.9316,1.0,1.0,0.9186,1.0,0.06840000000000002,0.06840000000000002,0.013000000000000012,0.06840000000000002
010.png,0.9316,1.0,1.0,0.9186,1.0,0.06840000000000002,0.06840000000000002,0.013000000000000012,0.06840000000000002
010.png,0.9316,1.0,1.0,0.9186,1.0,0.06840000000000002,0.06840000000000002,0.013000000000000012,0.06840000000000002
010.png,0.9316,1.0,1.0,0.9186,1.0,0.06840000000000002,0.06840000000000002,0.013000000000000012,0.06840000000000002
010.png,0.9316,1.0,1.0,0.9186,1.0,0.06840000000000002,0.06840000000000002,0.013000000000000012,0.06840000000000002
010.png,0.9316,1.0,1.0,0.9186,1.0,0.06840000000000002,0.06840000000000002,0.013000000000000012,0.06840000000000002
010.png,0.9316,1.0,1.0,0.9186,1.0,0.06840000000000002,0.06840000000000002,0.013000000000000012,0.06840000000000002
010.png,0.9316,1.0,1.0,0.9186,1.0,0.06840000000000002,0.06840000000000002,0.013000000000000012,0.06840000000000002
010.png,0.9316,1.0,1.0,0.9186,1.0,0.06840000000000002,0.06840000000000002,0.013000000000000012,0.06840000000000002
010.png,0.9316,1.0,1.0,0.9186,1.0,0.06840000000000002,0.06840000000000002,0.013000000000000012,0.06840000000000002
010.png,0.9316,1.0,1.0,0.9186,1.0,0.06840000000000002,0.06840000000000002,0.013000000000000012,0.06840000000000002
010.png,0.9316,1.0,1.0,0.9186,1.0,0.06840000000000002,0.06840000000000002,0.013000000000000012,0.06840000000000002
010.png,0.9316,1.0,1.0,0.9186,1.0,0.06840000000000002,0.06840000000000002,0.013000000000000012,0.06840000000000002
010.png,0.9316,1.0,1.0,0.9186,1.0,0.06840000000000002,0.06840000000000002,0.013000000000000012,0.06840000000000002
010.png,0.9316,1.0,1.0,0.9186,1.0,0.06840000000000002,0.06840000000000002,0.013000000000000012,0.06840000000000002
010.png,0.9316,1.0,1.0,0.9186,1.0,0.06840000000000002,0.06840000000000002,0.013000000000000012,0.06840000000000002
010.png,0.9316,1.0,1.0,0.9186,1.0,0.06840000000000002,0.06840000000000002,0.013000000000000012,0.06840000000000002
010.png,0.9316,1.0,1.0,0.9186,1.0,0.06840000000000002,0.06840000000000002,0.013000000000000012,0.06840000000000002
010.png,0.9316,1.0,1.0,0.9186,1.0,0.06840000000000002,0.06840000000000002,0.013000000000000012,0.06840000000000002
010.png,0.9316,1.0,1.0,0.9186,1.0,0.06840000000000002,0.06840000000000002,0.013000000000000012,0.06840000000000002
010.png,0.9316,1.0,1.0,0.9186,1.0,0.06840000000000002,0.06840000000000002,0.013000000000000012,0.06840000000000002
010.png,0.9316,1.0,1.0,0.9186,1.0,0.06840000000000002,0.06840000000000002,0.013000000000000012,0.06840000000000002
010.png,0.9316,1.0,1.0,0.9186,1.0,0.06840000000000002,0.06840000000000002,0.013000000000000012,0.06840000000000002
010.png,0.9316,1.0,1.0,0.9186,1.0,0.06840000000000002,0.06840000000000002,0.013000000000000012,0.06840000000000002
010.png,0.9316,1.0,1.0,0.9186,1.0,0.06840000000000002,0.06840000000000002,0.013000000000000012,0.06840000000000002
010.png,0.9316,1.0,1.0,0.9186,1.0,0.06840000000000002,0.06840000000000002,0.013000000000000012,0.06840000000000002
010.png,0.9316,1.0,1.0,0.9186,1.0,0.06840000000000002,0.06840000000000002,0.013000000000000012,0.06840000000000002
010.png,0.9316,1.0,1.0,0.9186,1.0,0.06840000000000002,0.06840000000000002,0.013000000000000012,0.06840000000000002
010.png,0.9316,1.0,1.0,0.9186,1.0,0.06840000000000002,0.06840000000000002,0.013000000000000012,0.06840000000000002
010.png,0.9316,1.0,1.0,0.9186,1.0,0.06840000000000002,0.06840000000000002,0.013000000000000012,0.06840000000000002
010.png,0.9316,1.0,1.0,0.9186,1.0,0.06840000000000002,0.06840000000000002,0.013000000000000012,0.06840000000000002
012.png,0.9241,1.0,1.0,0.9179,1.0,0.07589999999999997,0.07589999999999997,0.006199999999999983,0.07589999999999997
012.png,0.9241,1.0,1.0,0.9179,0.99,0.07589999999999997,0.07589999999999997,0.006199999999999983,0.06589999999999996
012.png,0.9241,1.0,1.0,0.9179,0.761,0.07589999999999997,0.07589999999999997,0.006199999999999983,0.16310000000000002
012.png,0.9241,1.0,1.0,0.9179,1.0,0.07589999999999997,0.07589999999999997,0.006199999999999983,0.07589999999999997
012.png,0.9241,1.0,1.0,0.9179,1.0,0.07589999999999997,0.07589999999999997,0.006199999999999983,0.07589999999999997
012.png,0.9241,1.0,1.0,0.9179,0.99,0.07589999999999997,0.07589999999999997,0.006199999999999983,0.06589999999999996
012.png,0.9241,1.0,1.0,0.9179,0.761,0.07589999999999997,0.07589999999999997,0.006199999999999983,0.16310000000000002
012.png,0.9241,1.0,1.0,0.9179,1.0,0.07589999999999997,0.07589999999999997,0.006199999999999983,0.07589999999999997
012.png,0.9241,1.0,0.9078,0.9179,1.0,0.07589999999999997,0.01629999999999998,0.006199999999999983,0.07589999999999997
012.png,0.9241,1.0,0.9078,0.9179,0.99,0.07589999999999997,0.01629999999999998,0.006199999999999983,0.06589999999999996
012.png,0.9241,1.0,0.9078,0.9179,0.761,0.07589999999999997,0.01629999999999998,0.006199999999999983,0.16310000000000002
012.png,0.9241,1.0,0.9078,0.9179,1.0,0.07589999999999997,0.01629999999999998,0.006199999999999983,0.07589999999999997
012.png,0.9241,1.0,1.0,0.9179,1.0,0.07589999999999997,0.07589999999999997,0.006199999999999983,0.07589999999999997
012.png,0.9241,1.0,1.0,0.9179,0.99,0.07589999999999997,0.07589999999999997,0.006199999999999983,0.06589999999999996
012.png,0.9241,1.0,1.0,0.9179,0.761,0.07589999999999997,0.07589999999999997,0.006199999999999983,0.16310000000000002
012.png,0.9241,1.0,1.0,0.9179,1.0,0.07589999999999997,0.07589999999999997,0.006199999999999983,0.07589999999999997
012.png,0.9241,1.0,1.0,0.9179,1.0,0.07589999999999997,0.07589999999999997,0.006199999999999983,0.07589999999999997
012.png,0.9241,1.0,1.0,0.9179,0.99,0.07589999999999997,0.07589999999999997,0.006199999999999983,0.06589999999999996
012.png,0.9241,1.0,1.0,0.9179,0.761,0.07589999999999997,0.07589999999999997,0.006199999999999983,0.16310000000000002
012.png,0.9241,1.0,1.0,0.9179,1.0,0.07589999999999997,0.07589999999999997,0.006199999999999983,0.07589999999999997
012.png,0.9241,1.0,1.0,0.9179,1.0,0.07589999999999997,0.07589999999999997,0.006199999999999983,0.07589999999999997
012.png,0.9241,1.0,1.0,0.9179,0.99,0.07589999999999997,0.07589999999999997,0.006199999999999983,0.06589999999999996
012.png,0.9241,1.0,1.0,0.9179,0.761,0.07589999999999997,0.07589999999999997,0.006199999999999983,0.16310000000000002
012.png,0.9241,1.0,1.0,0.9179,1.0,0.07589999999999997,0.07589999999999997,0.006199999999999983,0.07589999999999997
012.png,0.9241,1.0,0.9078,0.9179,1.0,0.07589999999999997,0.01629999999999998,0.006199999999999983,0.07589999999999997
012.png,0.9241,1.0,0.9078,0.9179,0.99,0.07589999999999997,0.01629999999999998,0.006199999999999983,0.06589999999999996
012.png,0.9241,1.0,0.9078,0.9179,0.761,0.07589999999999997,0.01629999999999998,0.006199999999999983,0.16310000000000002
012.png,0.9241,1.0,0.9078,0.9179,1.0,0.07589999999999997,0.01629999999999998,0.006199999999999983,0.07589999999999997
012.png,0.9241,1.0,1.0,0.9179,1.0,0.07589999999999997,0.07589999999999997,0.006199999999999983,0.07589999999999997
012.png,0.9241,1.0,1.0,0.9179,0.99,0.07589999999999997,0.07589999999999997,0.006199999999999983,0.06589999999999996
012.png,0.9241,1.0,1.0,0.9179,0.761,0.07589999999999997,0.07589999999999997,0.006199999999999983,0.16310000000000002
012.png,0.9241,1.0,1.0,0.9179,1.0,0.07589999999999997,0.07589999999999997,0.006199999999999983,0.07589999999999997
012.png,0.9241,1.0,1.0,0.9179,1.0,0.07589999999999997,0.07589999999999997,0.006199999999999983,0.07589999999999997
012.png,0.9241,1.0,1.0,0.9179,0.99,0.07589999999999997,0.07589999999999997,0.006199999999999983,0.06589999999999996
012.png,0.9241,1.0,1.0,0.9179,0.761,0.07589999999999997,0.07589999999999997,0.006199999999999983,0.16310000000000002
012.png,0.9241,1.0,1.0,0.9179,1.0,0.07589999999999997,0.07589999999999997,0.006199999999999983,0.07589999999999997
012.png,0.9241,1.0,1.0,0.9179,1.0,0.07589999999999997,0.07589999999999997,0.006199999999999983,0.07589999999999997
012.png,0.9241,1.0,1.0,0.9179,0.99,0.07589999999999997,0.07589999999999997,0.006199999999999983,0.06589999999999996
012.png,0.9241,1.0,1.0,0.9179,0.761,0.07589999999999997,0.07589999999999997,0.006199999999999983,0.16310000000000002
012.png,0.9241,1.0,1.0,0.9179,1.0,0.07589999999999997,0.07589999999999997,0.006199999999999983,0.07589999999999997
012.png,0.9241,1.0,0.9078,0.9179,1.0,0.07589999999999997,0.01629999999999998,0.006199999999999983,0.07589999999999997
012.png,0.9241,1.0,0.9078,0.9179,0.99,0.07589999999999997,0.01629999999999998,0.006199999999999983,0.06589999999999996
012.png,0.9241,1.0,0.9078,0.9179,0.761,0.07589999999999997,0.01629999999999998,0.006199999999999983,0.16310000000000002
012.png,0.9241,1.0,0.9078,0.9179,1.0,0.07589999999999997,0.01629999999999998,0.006199999999999983,0.07589999999999997
012.png,0.9241,1.0,1.0,0.9179,1.0,0.07589999999999997,0.07589999999999997,0.006199999999999983,0.07589999999999997
012.png,0.9241,1.0,1.0,0.9179,0.99,0.07589999999999997,0.07589999999999997,0.006199999999999983,0.06589999999999996
012.png,0.9241,1.0,1.0,0.9179,0.761,0.07589999999999997,0.07589999999999997,0.006199999999999983,0.16310000000000002
012.png,0.9241,1.0,1.0,0.9179,1.0,0.07589999999999997,0.07589999999999997,0.006199999999999983,0.07589999999999997
012.png,0.9241,1.0,1.0,0.9179,1.0,0.07589999999999997,0.07589999999999997,0.006199999999999983,0.07589999999999997
012.png,0.9241,1.0,1.0,0.9179,0.99,0.07589999999999997,0.07589999999999997,0.006199999999999983,0.06589999999999996
012.png,0.9241,1.0,1.0,0.9179,0.761,0.07589999999999997,0.07589999999999997,0.006199999999999983,0.16310000000000002
012.png,0.9241,1.0,1.0,0.9179,1.0,0.07589999999999997,0.07589999999999997,0.006199999999999983,0.07589999999999997
012.png,0.9241,1.0,1.0,0.9179,1.0,0.07589999999999997,0.07589999999999997,0.006199999999999983,0.07589999999999997
012.png,0.9241,1.0,1.0,0.9179,0.99,0.07589999999999997,0.07589999999999997,0.006199999999999983,0.06589999999999996
012.png,0.9241,1.0,1.0,0.9179,0.761,0.07589999999999997,0.07589999999999997,0.006199999999999983,0.16310000000000002
012.png,0.9241,1.0,1.0,0.9179,1.0,0.07589999999999997,0.07589999999999997,0.006199999999999983,0.07589999999999997
012.png,0.9241,1.0,0.9078,0.9179,1.0,0.07589999999999997,0.01629999999999998,0.006199999999999983,0.07589999999999997
012.png,0.9241,1.0,0.9078,0.9179,0.99,0.07589999999999997,0.01629999999999998,0.006199999999999983,0.06589999999999996
012.png,0.9241,1.0,0.9078,0.9179,0.761,0.07589999999999997,0.01629999999999998,0.006199999999999983,0.16310000000000002
012.png,0.9241,1.0,0.9078,0.9179,1.0,0.07589999999999997,0.01629999999999998,0.006199999999999983,0.07589999999999997
012.png,0.9241,1.0,1.0,0.9179,1.0,0.07589999999999997,0.07589999999999997,0.006199999999999983,0.07589999999999997
012.png,0.9241,1.0,1.0,0.9179,0.99,0.07589999999999997,0.07589999999999997,0.006199999999999983,0.06589999999999996
012.png,0.9241,1.0,1.0,0.9179,0.761,0.07589999999999997,0.07589999999999997,0.006199999999999983,0.16310000000000002
012.png,0.9241,1.0,1.0,0.9179,1.0,0.07589999999999997,0.07589999999999997,0.006199999999999983,0.07589999999999997
